datetime,temp_c,humidity,wind_speed,energy_mw
2018-01-01 00:00:00,1.2,76.3,3.46,3376.1
2018-01-01 01:00:00,-2.8,73.4,2.86,3426.6
2018-01-01 02:00:00,1.28,74.2,1.78,3269.5
2018-01-01 03:00:00,1.62,74.8,9.79,3163.7
2018-01-01 04:00:00,-5.47,79.2,2.44,3101.0
2018-01-01 05:00:00,-3.45,79.2,6.3,2955.7
2018-01-01 06:00:00,0.76,64.6,1.6,2795.7
2018-01-01 07:00:00,0.48,64.3,16.26,2755.5
2018-01-01 08:00:00,2.19,69.9,9.95,2809.5
2018-01-01 09:00:00,1.14,70.9,9.49,2899.9
2018-01-01 10:00:00,6.5,62.6,5.53,2955.3
2018-01-01 11:00:00,7.21,68.2,4.43,3004.3
2018-01-01 12:00:00,6.26,74.3,3.05,3082.9
2018-01-01 13:00:00,9.55,73.9,13.36,3099.4
2018-01-01 14:00:00,8.3,76.7,1.13,3158.4
2018-01-01 15:00:00,5.12,57.4,7.72,3039.6
2018-01-01 16:00:00,8.05,56.3,2.54,2931.9
2018-01-01 17:00:00,4.34,66.2,1.59,2901.1
2018-01-01 18:00:00,8.29,66.0,3.66,2808.8
2018-01-01 19:00:00,5.14,66.0,3.71,2768.2
2018-01-01 20:00:00,3.84,64.5,6.55,2828.0
2018-01-01 21:00:00,1.57,68.3,10.68,2993.2
2018-01-01 22:00:00,5.29,71.6,4.31,3169.6
2018-01-01 23:00:00,0.88,60.7,0.8,3386.1
2018-01-02 00:00:00,-0.59,91.2,2.38,3514.7
2018-01-02 01:00:00,-1.03,73.0,4.26,3516.9
2018-01-02 02:00:00,0.78,79.8,3.35,3455.2
2018-01-02 03:00:00,0.23,67.2,7.73,3343.8
2018-01-02 04:00:00,0.48,76.2,6.35,3185.8
2018-01-02 05:00:00,0.93,72.1,8.72,3034.3
2018-01-02 06:00:00,5.84,74.2,0.42,2873.6
2018-01-02 07:00:00,0.3,70.2,10.05,2851.6
2018-01-02 08:00:00,1.0,83.6,0.89,2822.2
2018-01-02 09:00:00,1.28,59.0,7.3,2908.4
2018-01-02 10:00:00,5.89,74.9,11.87,2964.8
2018-01-02 11:00:00,8.14,66.4,0.35,3004.6
2018-01-02 12:00:00,5.86,59.2,4.46,3080.6
2018-01-02 13:00:00,4.68,83.9,3.37,3124.9
2018-01-02 14:00:00,5.12,82.7,1.42,3160.9
2018-01-02 15:00:00,8.94,48.3,0.35,3098.1
2018-01-02 16:00:00,9.04,66.2,10.2,2982.3
2018-01-02 17:00:00,8.14,71.1,1.51,2896.6
2018-01-02 18:00:00,4.48,72.0,25.06,2765.3
2018-01-02 19:00:00,5.89,79.4,1.64,2684.9
2018-01-02 20:00:00,4.64,78.7,1.77,2670.2
2018-01-02 21:00:00,3.86,71.0,0.16,2779.4
2018-01-02 22:00:00,4.46,86.7,1.5,2935.1
2018-01-02 23:00:00,1.87,78.0,2.09,3072.5
2018-01-03 00:00:00,2.23,67.4,4.6,3265.1
2018-01-03 01:00:00,0.07,67.5,7.31,3308.3
2018-01-03 02:00:00,0.22,81.8,2.89,3235.2
2018-01-03 03:00:00,0.94,64.9,7.24,3060.9
2018-01-03 04:00:00,-4.14,72.0,14.72,2978.7
2018-01-03 05:00:00,-0.9,70.8,3.8,2863.0
2018-01-03 06:00:00,-0.64,75.4,3.03,2788.5
2018-01-03 07:00:00,-0.24,70.6,1.77,2767.1
2018-01-03 08:00:00,1.64,60.2,4.7,2690.2
2018-01-03 09:00:00,7.1,75.6,13.22,2698.4
2018-01-03 10:00:00,2.23,67.0,4.52,2853.0
2018-01-03 11:00:00,7.78,81.9,7.45,2920.4
2018-01-03 12:00:00,1.98,72.8,4.73,3059.4
2018-01-03 13:00:00,5.99,77.3,4.41,3136.0
2018-01-03 14:00:00,7.63,70.9,22.24,3079.4
2018-01-03 15:00:00,8.83,75.5,6.24,2992.1
2018-01-03 16:00:00,9.0,69.4,9.27,2924.3
2018-01-03 17:00:00,8.81,66.8,6.93,2871.2
2018-01-03 18:00:00,5.32,76.5,4.61,2862.1
2018-01-03 19:00:00,4.21,88.5,2.8,2734.6
2018-01-03 20:00:00,6.54,64.6,13.0,2753.7
2018-01-03 21:00:00,2.88,76.1,0.73,2948.8
2018-01-03 22:00:00,-0.86,72.6,2.46,3191.7
2018-01-03 23:00:00,-1.47,77.2,2.5,3384.9
2018-01-04 00:00:00,-1.71,73.7,9.73,3491.4
2018-01-04 01:00:00,1.19,53.8,13.42,3355.0
2018-01-04 02:00:00,-0.09,70.5,1.22,3383.0
2018-01-04 03:00:00,1.14,79.1,4.07,3240.8
2018-01-04 04:00:00,-1.52,67.1,9.52,3049.4
2018-01-04 05:00:00,0.35,79.1,2.64,2864.8
2018-01-04 06:00:00,2.15,71.7,7.38,2762.5
2018-01-04 07:00:00,0.64,70.0,3.9,2765.1
2018-01-04 08:00:00,3.52,76.4,18.61,2700.7
2018-01-04 09:00:00,1.76,76.0,2.85,2741.3
2018-01-04 10:00:00,3.54,72.5,8.32,2825.3
2018-01-04 11:00:00,4.46,76.6,3.27,2870.2
2018-01-04 12:00:00,3.25,71.0,5.35,2880.6
2018-01-04 13:00:00,8.1,52.4,1.37,2858.8
2018-01-04 14:00:00,6.1,64.1,7.43,2905.7
2018-01-04 15:00:00,7.45,51.6,10.82,2809.0
2018-01-04 16:00:00,8.48,70.5,1.13,2812.4
2018-01-04 17:00:00,7.99,72.8,2.33,2776.4
2018-01-04 18:00:00,7.91,73.2,10.04,2727.9
2018-01-04 19:00:00,5.17,71.8,3.49,2718.1
2018-01-04 20:00:00,3.39,77.0,4.3,2725.7
2018-01-04 21:00:00,3.21,56.8,1.63,2823.4
2018-01-04 22:00:00,-1.84,72.6,10.99,3113.8
2018-01-04 23:00:00,-2.2,62.4,1.37,3263.5
2018-01-05 00:00:00,-2.67,71.3,4.3,3393.7
2018-01-05 01:00:00,-2.49,86.9,2.8,3410.6
2018-01-05 02:00:00,0.61,80.3,8.54,3303.6
2018-01-05 03:00:00,-2.79,79.5,22.52,3189.2
2018-01-05 04:00:00,-1.34,71.6,0.83,2996.2
2018-01-05 05:00:00,3.25,61.4,2.63,2787.1
2018-01-05 06:00:00,-0.25,73.7,3.43,2722.0
2018-01-05 07:00:00,3.31,78.2,1.31,2656.4
2018-01-05 08:00:00,0.1,75.2,4.7,2683.2
2018-01-05 09:00:00,2.96,56.9,9.11,2669.1
2018-01-05 10:00:00,2.13,71.1,5.78,2753.6
2018-01-05 11:00:00,4.62,53.0,7.58,2783.8
2018-01-05 12:00:00,8.4,71.7,2.48,2825.8
2018-01-05 13:00:00,2.62,64.4,7.64,2899.8
2018-01-05 14:00:00,8.42,55.5,5.63,2795.8
2018-01-05 15:00:00,8.06,72.1,1.55,2853.0
2018-01-05 16:00:00,5.85,71.8,4.91,2790.7
2018-01-05 17:00:00,3.32,71.2,2.81,2646.0
2018-01-05 18:00:00,6.48,84.4,29.87,2584.8
2018-01-05 19:00:00,4.15,73.8,9.55,2571.5
2018-01-05 20:00:00,5.09,62.8,5.37,2622.2
2018-01-05 21:00:00,3.52,73.3,12.3,2785.2
2018-01-05 22:00:00,6.44,64.6,7.78,2985.1
2018-01-05 23:00:00,0.87,81.4,1.57,3234.2
2018-01-06 00:00:00,-1.86,75.7,14.93,3078.5
2018-01-06 01:00:00,0.51,74.6,1.21,3042.3
2018-01-06 02:00:00,0.21,60.3,13.66,2927.7
2018-01-06 03:00:00,2.93,70.1,5.74,2753.3
2018-01-06 04:00:00,1.75,70.1,4.68,2627.5
2018-01-06 05:00:00,0.96,63.0,2.42,2467.5
2018-01-06 06:00:00,4.36,66.7,5.98,2329.4
2018-01-06 07:00:00,-1.44,76.6,7.43,2348.0
2018-01-06 08:00:00,0.89,71.3,6.98,2346.0
2018-01-06 09:00:00,1.21,59.7,5.68,2449.0
2018-01-06 10:00:00,3.59,66.9,4.18,2499.5
2018-01-06 11:00:00,2.09,66.6,8.11,2644.2
2018-01-06 12:00:00,7.94,67.2,3.42,2630.8
2018-01-06 13:00:00,6.44,67.5,4.52,2695.3
2018-01-06 14:00:00,3.71,65.7,6.6,2728.9
2018-01-06 15:00:00,4.99,64.4,4.86,2699.8
2018-01-06 16:00:00,8.18,66.0,1.23,2617.5
2018-01-06 17:00:00,9.09,72.4,5.73,2510.7
2018-01-06 18:00:00,11.35,65.2,5.75,2521.5
2018-01-06 19:00:00,12.81,73.1,5.37,2529.7
2018-01-06 20:00:00,5.6,76.6,4.23,2572.5
2018-01-06 21:00:00,1.05,83.1,3.67,2781.4
2018-01-06 22:00:00,-2.84,85.2,4.96,3026.7
2018-01-06 23:00:00,2.2,82.7,2.46,3077.7
2018-01-07 00:00:00,-1.27,63.8,12.9,3137.4
2018-01-07 01:00:00,-0.91,77.9,6.72,3170.6
2018-01-07 02:00:00,-1.8,83.2,6.18,3099.7
2018-01-07 03:00:00,-0.76,83.8,10.66,2842.7
2018-01-07 04:00:00,2.39,63.9,2.16,2657.9
2018-01-07 05:00:00,0.52,76.8,3.19,2540.2
2018-01-07 06:00:00,0.37,72.3,2.96,2432.9
2018-01-07 07:00:00,-1.0,87.6,6.41,2492.2
2018-01-07 08:00:00,-1.63,62.2,2.08,2514.8
2018-01-07 09:00:00,2.37,63.9,8.62,2519.0
2018-01-07 10:00:00,4.49,53.9,6.27,2573.9
2018-01-07 11:00:00,10.01,65.1,2.8,2539.7
2018-01-07 12:00:00,6.74,84.7,1.39,2608.2
2018-01-07 13:00:00,9.51,64.0,6.14,2523.4
2018-01-07 14:00:00,6.21,67.8,0.9,2609.5
2018-01-07 15:00:00,4.63,72.7,2.59,2650.3
2018-01-07 16:00:00,5.04,67.0,4.42,2595.7
2018-01-07 17:00:00,5.24,70.7,4.16,2513.0
2018-01-07 18:00:00,11.74,65.7,2.88,2381.2
2018-01-07 19:00:00,3.54,62.4,8.24,2475.7
2018-01-07 20:00:00,6.72,65.9,2.3,2477.4
2018-01-07 21:00:00,1.33,76.9,2.84,2690.2
2018-01-07 22:00:00,4.88,75.5,5.29,2857.4
2018-01-07 23:00:00,2.55,80.3,5.3,2993.0
2018-01-08 00:00:00,0.44,74.3,1.63,3411.7
2018-01-08 01:00:00,0.09,74.8,5.1,3392.1
2018-01-08 02:00:00,-1.84,79.5,3.13,3316.7
2018-01-08 03:00:00,0.77,66.6,2.96,3140.3
2018-01-08 04:00:00,-1.35,68.0,6.01,3043.2
2018-01-08 05:00:00,-2.87,73.3,2.06,2876.4
2018-01-08 06:00:00,-2.37,63.7,3.97,2791.7
2018-01-08 07:00:00,2.09,73.6,4.61,2654.5
2018-01-08 08:00:00,6.57,75.1,6.08,2635.4
2018-01-08 09:00:00,4.06,63.1,2.7,2708.0
2018-01-08 10:00:00,4.39,72.0,7.04,2837.2
2018-01-08 11:00:00,6.37,61.9,8.46,2860.4
2018-01-08 12:00:00,9.75,56.1,8.33,2831.0
2018-01-08 13:00:00,7.67,82.3,1.54,2889.3
2018-01-08 14:00:00,6.49,58.8,8.17,2898.8
2018-01-08 15:00:00,10.42,53.4,8.42,2855.2
2018-01-08 16:00:00,8.59,66.8,14.71,2858.5
2018-01-08 17:00:00,10.96,65.4,1.74,2734.5
2018-01-08 18:00:00,6.94,71.8,11.86,2696.0
2018-01-08 19:00:00,2.59,85.9,0.88,2700.0
2018-01-08 20:00:00,1.27,64.8,8.62,2778.1
2018-01-08 21:00:00,7.78,61.1,9.82,2797.8
2018-01-08 22:00:00,6.93,79.3,8.37,2988.4
2018-01-08 23:00:00,1.21,78.5,1.19,3265.9
2018-01-09 00:00:00,-0.06,78.4,11.34,3368.3
2018-01-09 01:00:00,3.91,64.1,21.2,3350.8
2018-01-09 02:00:00,-2.91,83.3,1.97,3344.9
2018-01-09 03:00:00,-2.51,80.4,3.76,3136.4
2018-01-09 04:00:00,1.47,72.3,2.64,2963.0
2018-01-09 05:00:00,-0.73,67.9,7.41,2816.8
2018-01-09 06:00:00,0.88,72.1,3.33,2712.1
2018-01-09 07:00:00,1.32,84.1,7.73,2709.5
2018-01-09 08:00:00,3.53,60.4,4.22,2742.4
2018-01-09 09:00:00,7.24,59.8,5.33,2713.2
2018-01-09 10:00:00,4.99,63.0,4.78,2829.3
2018-01-09 11:00:00,7.34,62.8,0.91,2918.8
2018-01-09 12:00:00,1.43,70.7,5.13,3008.7
2018-01-09 13:00:00,7.07,74.0,1.23,3025.0
2018-01-09 14:00:00,5.48,71.3,1.43,3060.7
2018-01-09 15:00:00,4.68,68.7,11.5,3047.7
2018-01-09 16:00:00,5.39,69.9,7.3,2991.0
2018-01-09 17:00:00,6.35,71.9,6.89,2834.8
2018-01-09 18:00:00,8.84,51.5,5.19,2679.1
2018-01-09 19:00:00,2.41,78.6,18.71,2754.5
2018-01-09 20:00:00,4.84,61.5,5.09,2755.2
2018-01-09 21:00:00,2.51,66.4,4.44,2843.0
2018-01-09 22:00:00,1.87,73.2,4.32,3027.8
2018-01-09 23:00:00,4.23,68.0,10.23,3184.9
2018-01-10 00:00:00,2.31,74.0,4.91,3342.4
2018-01-10 01:00:00,3.68,70.2,6.02,3343.8
2018-01-10 02:00:00,-0.45,70.0,10.78,3385.5
2018-01-10 03:00:00,-1.94,85.8,7.0,3210.5
2018-01-10 04:00:00,-0.63,78.2,9.02,2946.2
2018-01-10 05:00:00,0.94,73.7,2.62,2733.1
2018-01-10 06:00:00,1.41,76.4,1.76,2623.1
2018-01-10 07:00:00,-0.91,67.1,13.12,2656.0
2018-01-10 08:00:00,2.99,87.0,8.81,2647.5
2018-01-10 09:00:00,4.37,59.8,7.54,2719.0
2018-01-10 10:00:00,11.13,64.0,6.32,2717.1
2018-01-10 11:00:00,10.49,61.3,4.85,2817.2
2018-01-10 12:00:00,4.49,65.8,2.71,2878.0
2018-01-10 13:00:00,6.54,63.1,2.63,2920.5
2018-01-10 14:00:00,4.0,62.6,1.73,2990.3
2018-01-10 15:00:00,6.32,76.5,1.25,2902.8
2018-01-10 16:00:00,8.45,55.6,2.26,2884.5
2018-01-10 17:00:00,10.28,71.6,3.6,2694.6
2018-01-10 18:00:00,4.8,73.3,13.05,2697.7
2018-01-10 19:00:00,4.16,65.6,1.19,2705.7
2018-01-10 20:00:00,-0.54,76.7,5.34,2760.4
2018-01-10 21:00:00,3.39,68.0,13.91,2863.8
2018-01-10 22:00:00,0.11,63.1,10.18,3042.6
2018-01-10 23:00:00,0.47,62.9,4.93,3236.0
2018-01-11 00:00:00,-1.15,78.2,2.79,3369.5
2018-01-11 01:00:00,0.17,76.7,0.66,3387.6
2018-01-11 02:00:00,-4.38,77.4,5.46,3339.1
2018-01-11 03:00:00,-3.79,71.9,8.02,3168.5
2018-01-11 04:00:00,5.33,66.2,2.84,2881.6
2018-01-11 05:00:00,-2.81,71.6,10.67,2850.4
2018-01-11 06:00:00,-1.7,59.4,4.49,2817.9
2018-01-11 07:00:00,6.47,67.3,6.14,2793.2
2018-01-11 08:00:00,10.1,68.1,4.94,2802.1
2018-01-11 09:00:00,0.94,71.8,10.57,2929.9
2018-01-11 10:00:00,3.99,83.0,10.81,2993.9
2018-01-11 11:00:00,6.73,58.6,7.2,3031.7
2018-01-11 12:00:00,11.02,57.9,3.91,3027.0
2018-01-11 13:00:00,4.87,69.2,4.79,3183.2
2018-01-11 14:00:00,7.12,68.3,19.27,3183.4
2018-01-11 15:00:00,9.82,48.9,14.46,3065.9
2018-01-11 16:00:00,8.82,69.8,5.13,3020.5
2018-01-11 17:00:00,6.4,68.9,1.83,2947.8
2018-01-11 18:00:00,6.37,50.0,9.4,2801.4
2018-01-11 19:00:00,2.44,69.1,3.35,2794.3
2018-01-11 20:00:00,4.31,62.1,12.63,2805.3
2018-01-11 21:00:00,3.21,65.8,2.81,2828.9
2018-01-11 22:00:00,3.42,58.6,3.39,2956.7
2018-01-11 23:00:00,0.48,74.9,1.65,3223.4
2018-01-12 00:00:00,2.3,84.3,16.24,3305.0
2018-01-12 01:00:00,3.02,71.7,2.18,3357.8
2018-01-12 02:00:00,0.48,54.3,8.88,3364.3
2018-01-12 03:00:00,0.83,73.6,4.29,3126.2
2018-01-12 04:00:00,0.22,70.3,3.43,3032.3
2018-01-12 05:00:00,0.49,62.8,3.27,2870.5
2018-01-12 06:00:00,-0.68,75.4,12.45,2802.5
2018-01-12 07:00:00,2.74,76.8,26.6,2813.3
2018-01-12 08:00:00,2.67,64.5,11.53,2862.9
2018-01-12 09:00:00,9.19,51.5,0.87,2830.9
2018-01-12 10:00:00,8.92,48.8,8.91,2870.2
2018-01-12 11:00:00,6.92,61.1,4.31,2935.4
2018-01-12 12:00:00,4.87,66.9,4.52,2989.9
2018-01-12 13:00:00,4.64,64.2,5.78,3082.9
2018-01-12 14:00:00,10.79,57.9,4.97,3050.7
2018-01-12 15:00:00,8.61,69.7,7.21,3028.4
2018-01-12 16:00:00,9.02,68.5,4.16,2930.0
2018-01-12 17:00:00,3.05,71.2,9.56,2912.6
2018-01-12 18:00:00,9.1,71.3,5.26,2678.5
2018-01-12 19:00:00,7.09,61.1,5.35,2738.7
2018-01-12 20:00:00,2.21,61.5,4.9,2810.7
2018-01-12 21:00:00,2.77,65.6,8.89,2886.3
2018-01-12 22:00:00,3.58,64.4,3.62,3103.0
2018-01-12 23:00:00,2.08,53.9,7.23,3334.9
2018-01-13 00:00:00,0.48,67.3,5.47,3207.8
2018-01-13 01:00:00,0.31,80.6,12.58,3279.1
2018-01-13 02:00:00,-0.46,78.8,3.81,3235.8
2018-01-13 03:00:00,0.42,75.9,9.7,3073.8
2018-01-13 04:00:00,3.85,70.0,6.32,2780.6
2018-01-13 05:00:00,-5.85,88.3,11.94,2725.2
2018-01-13 06:00:00,0.61,63.0,5.33,2559.7
2018-01-13 07:00:00,2.48,62.3,3.52,2495.7
2018-01-13 08:00:00,3.74,78.0,3.49,2489.2
2018-01-13 09:00:00,3.1,69.7,5.88,2582.8
2018-01-13 10:00:00,0.68,66.1,5.0,2624.2
2018-01-13 11:00:00,6.85,70.9,3.7,2685.1
2018-01-13 12:00:00,11.18,59.5,5.98,2708.6
2018-01-13 13:00:00,3.66,62.4,0.32,2775.4
2018-01-13 14:00:00,10.06,57.0,4.35,2710.4
2018-01-13 15:00:00,7.21,68.8,5.13,2715.3
2018-01-13 16:00:00,7.74,67.5,1.08,2693.6
2018-01-13 17:00:00,4.87,80.2,2.05,2644.6
2018-01-13 18:00:00,6.03,64.9,2.18,2582.0
2018-01-13 19:00:00,9.28,62.1,4.79,2494.1
2018-01-13 20:00:00,6.53,78.3,4.11,2543.1
2018-01-13 21:00:00,8.37,73.2,4.15,2714.5
2018-01-13 22:00:00,5.94,68.4,1.1,2892.0
2018-01-13 23:00:00,3.13,57.0,10.31,3060.8
2018-01-14 00:00:00,5.65,61.0,12.22,3121.4
2018-01-14 01:00:00,1.75,62.2,1.43,3194.0
2018-01-14 02:00:00,2.33,70.4,3.93,3064.4
2018-01-14 03:00:00,-0.62,68.4,4.08,2954.3
2018-01-14 04:00:00,0.42,84.5,6.7,2776.6
2018-01-14 05:00:00,-1.09,60.3,3.48,2663.7
2018-01-14 06:00:00,3.77,59.7,9.64,2446.0
2018-01-14 07:00:00,-0.83,74.6,1.92,2388.9
2018-01-14 08:00:00,5.04,72.1,8.05,2354.7
2018-01-14 09:00:00,3.64,48.4,6.55,2438.6
2018-01-14 10:00:00,8.08,51.7,1.61,2437.2
2018-01-14 11:00:00,8.0,63.5,3.79,2475.2
2018-01-14 12:00:00,11.5,73.6,1.79,2559.2
2018-01-14 13:00:00,9.41,79.6,16.97,2612.2
2018-01-14 14:00:00,4.05,65.4,4.39,2724.0
2018-01-14 15:00:00,7.95,64.3,3.4,2605.9
2018-01-14 16:00:00,5.05,61.3,0.91,2571.8
2018-01-14 17:00:00,6.29,72.0,6.28,2542.5
2018-01-14 18:00:00,10.73,75.6,3.73,2408.4
2018-01-14 19:00:00,7.71,75.9,7.99,2375.3
2018-01-14 20:00:00,3.41,69.0,13.66,2504.9
2018-01-14 21:00:00,1.59,64.0,8.79,2697.8
2018-01-14 22:00:00,3.17,69.5,2.07,2828.1
2018-01-14 23:00:00,-0.92,83.8,3.43,3022.9
2018-01-15 00:00:00,-0.3,69.0,1.47,3424.8
2018-01-15 01:00:00,1.52,56.3,2.78,3441.2
2018-01-15 02:00:00,3.23,66.5,10.0,3357.3
2018-01-15 03:00:00,1.73,68.4,2.96,3227.2
2018-01-15 04:00:00,-5.38,61.7,8.05,3115.5
2018-01-15 05:00:00,1.51,72.7,3.26,2930.5
2018-01-15 06:00:00,1.56,74.8,8.66,2879.9
2018-01-15 07:00:00,3.24,84.3,2.03,2774.5
2018-01-15 08:00:00,7.21,55.6,1.69,2785.8
2018-01-15 09:00:00,-0.95,78.6,16.87,2910.8
2018-01-15 10:00:00,3.77,76.7,2.21,2873.4
2018-01-15 11:00:00,7.69,70.0,10.17,2867.7
2018-01-15 12:00:00,3.08,61.5,7.12,2963.2
2018-01-15 13:00:00,11.36,54.4,2.69,2983.2
2018-01-15 14:00:00,8.99,65.6,2.72,2958.7
2018-01-15 15:00:00,10.32,64.5,3.9,2847.4
2018-01-15 16:00:00,6.64,62.2,10.32,2809.9
2018-01-15 17:00:00,9.71,74.6,3.37,2675.7
2018-01-15 18:00:00,9.71,61.0,8.01,2645.8
2018-01-15 19:00:00,6.79,51.4,6.5,2654.9
2018-01-15 20:00:00,5.83,65.5,6.65,2740.1
2018-01-15 21:00:00,4.88,71.9,17.26,2858.3
2018-01-15 22:00:00,1.01,73.9,7.55,3028.3
2018-01-15 23:00:00,1.84,73.2,6.58,3259.6
2018-01-16 00:00:00,1.09,83.1,0.91,3364.8
2018-01-16 01:00:00,1.79,61.6,12.2,3413.3
2018-01-16 02:00:00,2.94,66.3,8.81,3311.2
2018-01-16 03:00:00,-2.35,86.2,6.4,3243.0
2018-01-16 04:00:00,0.12,56.2,3.88,3053.3
2018-01-16 05:00:00,4.54,67.9,0.97,2859.1
2018-01-16 06:00:00,-0.39,82.1,7.43,2825.5
2018-01-16 07:00:00,0.24,81.5,5.06,2773.3
2018-01-16 08:00:00,3.77,74.3,16.39,2690.0
2018-01-16 09:00:00,6.41,72.4,8.04,2739.7
2018-01-16 10:00:00,5.36,59.4,5.57,2871.9
2018-01-16 11:00:00,9.62,75.3,19.83,2895.8
2018-01-16 12:00:00,9.27,55.0,5.04,2945.5
2018-01-16 13:00:00,9.87,55.0,15.45,2990.2
2018-01-16 14:00:00,9.55,67.5,0.74,3038.5
2018-01-16 15:00:00,14.12,56.8,22.45,2980.8
2018-01-16 16:00:00,7.65,67.5,10.28,2864.0
2018-01-16 17:00:00,2.76,73.2,2.43,2825.2
2018-01-16 18:00:00,11.14,77.3,18.43,2682.6
2018-01-16 19:00:00,5.16,71.3,0.52,2701.7
2018-01-16 20:00:00,5.61,62.6,1.74,2719.9
2018-01-16 21:00:00,7.57,71.4,7.25,2841.5
2018-01-16 22:00:00,-0.74,65.9,12.26,3093.8
2018-01-16 23:00:00,-0.83,80.0,6.46,3257.1
2018-01-17 00:00:00,-2.44,74.5,1.04,3387.3
2018-01-17 01:00:00,-1.05,76.0,2.66,3411.9
2018-01-17 02:00:00,1.63,56.5,3.31,3324.8
2018-01-17 03:00:00,1.71,52.6,7.01,3156.1
2018-01-17 04:00:00,1.22,59.0,4.6,2998.8
2018-01-17 05:00:00,-2.6,88.0,11.59,2903.6
2018-01-17 06:00:00,-4.21,66.2,0.96,2846.6
2018-01-17 07:00:00,2.53,75.8,8.08,2764.8
2018-01-17 08:00:00,2.18,65.1,1.75,2838.4
2018-01-17 09:00:00,5.54,65.6,13.81,2876.9
2018-01-17 10:00:00,7.19,65.9,8.15,2997.2
2018-01-17 11:00:00,6.74,79.8,4.61,3089.7
2018-01-17 12:00:00,9.12,69.4,3.76,3139.7
2018-01-17 13:00:00,8.43,68.3,6.77,3108.9
2018-01-17 14:00:00,9.58,74.7,11.34,3117.9
2018-01-17 15:00:00,6.63,61.6,6.53,3127.5
2018-01-17 16:00:00,7.81,74.3,4.58,3016.5
2018-01-17 17:00:00,8.35,72.5,2.21,2811.9
2018-01-17 18:00:00,9.28,71.7,4.42,2618.4
2018-01-17 19:00:00,5.41,66.4,11.4,2620.2
2018-01-17 20:00:00,6.73,63.1,9.07,2639.8
2018-01-17 21:00:00,3.73,62.1,12.49,2748.3
2018-01-17 22:00:00,3.07,63.1,2.1,2968.6
2018-01-17 23:00:00,4.47,61.1,1.03,3102.2
2018-01-18 00:00:00,-3.32,77.6,8.49,3254.2
2018-01-18 01:00:00,-2.21,71.9,1.34,3378.4
2018-01-18 02:00:00,-3.08,77.9,12.48,3342.5
2018-01-18 03:00:00,-5.34,80.2,8.69,3205.1
2018-01-18 04:00:00,-1.07,64.4,6.38,2938.9
2018-01-18 05:00:00,2.9,61.0,1.83,2727.5
2018-01-18 06:00:00,0.95,69.4,5.07,2644.8
2018-01-18 07:00:00,2.99,63.4,4.43,2591.5
2018-01-18 08:00:00,6.18,60.0,6.59,2589.9
2018-01-18 09:00:00,7.81,79.3,15.16,2602.3
2018-01-18 10:00:00,5.36,55.4,2.14,2686.3
2018-01-18 11:00:00,9.88,80.3,3.88,2668.7
2018-01-18 12:00:00,7.55,68.3,4.69,2705.1
2018-01-18 13:00:00,5.86,75.2,13.01,2739.4
2018-01-18 14:00:00,6.87,73.4,5.5,2754.4
2018-01-18 15:00:00,4.79,73.1,8.1,2767.5
2018-01-18 16:00:00,6.14,80.4,13.74,2731.9
2018-01-18 17:00:00,7.06,57.7,6.36,2667.2
2018-01-18 18:00:00,9.33,63.3,3.92,2601.9
2018-01-18 19:00:00,10.8,56.5,11.89,2559.8
2018-01-18 20:00:00,2.07,56.8,14.79,2721.7
2018-01-18 21:00:00,5.48,62.3,7.65,2734.8
2018-01-18 22:00:00,0.86,86.3,2.9,3002.7
2018-01-18 23:00:00,3.68,67.7,3.61,3164.0
2018-01-19 00:00:00,1.44,86.7,14.69,3357.4
2018-01-19 01:00:00,-3.45,91.4,8.67,3329.1
2018-01-19 02:00:00,3.05,93.5,4.13,3245.1
2018-01-19 03:00:00,-0.92,88.0,0.87,3082.1
2018-01-19 04:00:00,-0.6,91.3,8.8,2968.5
2018-01-19 05:00:00,-1.54,75.8,7.69,2802.7
2018-01-19 06:00:00,0.13,73.7,8.69,2720.7
2018-01-19 07:00:00,3.66,71.4,2.53,2660.5
2018-01-19 08:00:00,3.09,69.5,3.94,2738.7
2018-01-19 09:00:00,5.42,68.9,10.84,2779.7
2018-01-19 10:00:00,6.53,72.8,0.31,2902.6
2018-01-19 11:00:00,9.9,60.4,3.9,2902.0
2018-01-19 12:00:00,6.57,55.7,1.22,2951.2
2018-01-19 13:00:00,4.37,71.4,2.26,2990.3
2018-01-19 14:00:00,11.13,57.6,9.73,2973.4
2018-01-19 15:00:00,7.77,61.1,4.53,2989.8
2018-01-19 16:00:00,11.25,61.9,1.88,2837.3
2018-01-19 17:00:00,9.02,61.8,7.24,2719.5
2018-01-19 18:00:00,7.1,75.2,3.12,2671.9
2018-01-19 19:00:00,7.47,64.7,4.39,2687.6
2018-01-19 20:00:00,10.51,72.9,5.85,2675.2
2018-01-19 21:00:00,9.79,65.8,12.54,2748.1
2018-01-19 22:00:00,3.73,68.3,5.85,3037.8
2018-01-19 23:00:00,3.0,70.9,3.68,3156.8
2018-01-20 00:00:00,4.56,58.0,6.94,3047.2
2018-01-20 01:00:00,-0.88,75.4,7.29,3049.3
2018-01-20 02:00:00,1.67,77.5,3.4,2964.0
2018-01-20 03:00:00,0.63,79.4,4.53,2829.2
2018-01-20 04:00:00,1.62,59.9,4.94,2630.9
2018-01-20 05:00:00,-0.85,60.5,11.11,2581.5
2018-01-20 06:00:00,-2.1,69.4,0.35,2503.4
2018-01-20 07:00:00,-2.48,85.1,6.66,2477.4
2018-01-20 08:00:00,0.87,73.1,9.23,2464.5
2018-01-20 09:00:00,3.55,63.0,10.88,2472.1
2018-01-20 10:00:00,5.0,56.4,1.12,2613.4
2018-01-20 11:00:00,11.54,57.3,1.08,2618.3
2018-01-20 12:00:00,10.29,57.8,2.99,2754.6
2018-01-20 13:00:00,5.76,74.9,8.22,2794.1
2018-01-20 14:00:00,9.43,72.6,9.99,2761.9
2018-01-20 15:00:00,7.68,57.5,0.92,2722.3
2018-01-20 16:00:00,7.85,71.7,5.96,2612.6
2018-01-20 17:00:00,8.63,70.3,9.61,2502.9
2018-01-20 18:00:00,9.08,55.3,3.54,2482.2
2018-01-20 19:00:00,5.85,66.6,6.33,2523.4
2018-01-20 20:00:00,8.39,68.0,1.6,2529.5
2018-01-20 21:00:00,1.84,71.8,7.64,2654.9
2018-01-20 22:00:00,3.68,55.4,4.33,2826.8
2018-01-20 23:00:00,9.19,65.7,3.97,2926.2
2018-01-21 00:00:00,2.54,75.1,6.12,3076.3
2018-01-21 01:00:00,4.93,80.7,0.76,3110.9
2018-01-21 02:00:00,1.17,65.7,3.08,3024.2
2018-01-21 03:00:00,2.26,65.8,9.61,2878.2
2018-01-21 04:00:00,0.8,69.7,0.9,2743.6
2018-01-21 05:00:00,0.92,73.6,1.03,2621.4
2018-01-21 06:00:00,0.03,72.8,3.38,2482.9
2018-01-21 07:00:00,3.88,73.7,4.9,2488.0
2018-01-21 08:00:00,1.64,61.7,5.86,2540.8
2018-01-21 09:00:00,6.47,70.0,16.3,2543.9
2018-01-21 10:00:00,8.56,59.2,6.02,2536.4
2018-01-21 11:00:00,7.72,64.7,6.63,2586.7
2018-01-21 12:00:00,6.92,80.1,10.91,2649.5
2018-01-21 13:00:00,9.41,53.3,2.39,2672.8
2018-01-21 14:00:00,7.9,63.4,6.81,2716.9
2018-01-21 15:00:00,11.15,52.9,8.15,2651.6
2018-01-21 16:00:00,4.09,70.0,7.35,2698.5
2018-01-21 17:00:00,7.43,74.4,5.87,2547.1
2018-01-21 18:00:00,2.66,71.2,5.55,2513.7
2018-01-21 19:00:00,3.07,68.6,1.88,2516.1
2018-01-21 20:00:00,9.25,75.2,3.7,2466.8
2018-01-21 21:00:00,7.04,69.0,13.73,2555.7
2018-01-21 22:00:00,1.97,77.0,3.02,2773.0
2018-01-21 23:00:00,-0.95,78.5,5.15,3023.7
2018-01-22 00:00:00,-5.32,53.2,4.89,3441.5
2018-01-22 01:00:00,0.09,71.3,6.81,3440.6
2018-01-22 02:00:00,7.1,57.7,4.86,3239.0
2018-01-22 03:00:00,2.0,63.8,4.25,3081.2
2018-01-22 04:00:00,-0.35,84.1,9.39,2967.1
2018-01-22 05:00:00,2.62,66.9,6.01,2808.4
2018-01-22 06:00:00,-1.81,88.6,5.56,2725.7
2018-01-22 07:00:00,2.17,59.0,3.2,2619.4
2018-01-22 08:00:00,4.13,60.0,3.79,2632.1
2018-01-22 09:00:00,4.7,74.3,6.2,2695.9
2018-01-22 10:00:00,7.93,62.9,10.04,2698.4
2018-01-22 11:00:00,7.78,68.2,12.45,2786.1
2018-01-22 12:00:00,9.42,63.6,6.58,2788.2
2018-01-22 13:00:00,6.66,65.5,18.28,2852.4
2018-01-22 14:00:00,11.03,60.7,4.06,2796.4
2018-01-22 15:00:00,12.99,63.0,4.04,2784.3
2018-01-22 16:00:00,6.36,72.0,11.43,2742.7
2018-01-22 17:00:00,6.16,80.0,5.75,2723.3
2018-01-22 18:00:00,11.08,61.5,3.29,2621.1
2018-01-22 19:00:00,6.44,63.7,5.03,2575.8
2018-01-22 20:00:00,9.46,60.3,2.13,2640.0
2018-01-22 21:00:00,3.81,80.7,4.45,2821.3
2018-01-22 22:00:00,7.52,71.5,1.91,3000.1
2018-01-22 23:00:00,3.25,54.2,2.13,3171.3
2018-01-23 00:00:00,2.85,54.2,6.15,3329.7
2018-01-23 01:00:00,5.48,61.0,0.51,3416.1
2018-01-23 02:00:00,0.26,73.6,1.93,3408.2
2018-01-23 03:00:00,-1.32,72.8,2.67,3241.0
2018-01-23 04:00:00,0.05,76.1,3.67,3093.5
2018-01-23 05:00:00,2.7,68.4,7.68,2877.0
2018-01-23 06:00:00,-1.71,84.5,3.56,2839.6
2018-01-23 07:00:00,4.62,74.5,13.4,2828.2
2018-01-23 08:00:00,2.65,70.5,2.99,2828.7
2018-01-23 09:00:00,7.9,74.8,0.57,2840.7
2018-01-23 10:00:00,0.08,58.7,2.04,3056.2
2018-01-23 11:00:00,5.06,67.3,6.08,3092.8
2018-01-23 12:00:00,3.64,70.2,2.12,3170.1
2018-01-23 13:00:00,6.43,71.7,2.92,3077.2
2018-01-23 14:00:00,9.51,50.7,11.37,3004.5
2018-01-23 15:00:00,8.58,63.1,13.78,3010.2
2018-01-23 16:00:00,8.26,68.6,1.36,2916.8
2018-01-23 17:00:00,8.1,69.3,4.21,2794.3
2018-01-23 18:00:00,8.37,74.8,5.97,2749.1
2018-01-23 19:00:00,4.51,74.5,9.69,2768.9
2018-01-23 20:00:00,7.83,65.2,3.53,2734.7
2018-01-23 21:00:00,6.69,72.1,5.94,2897.5
2018-01-23 22:00:00,4.96,66.4,10.9,3046.3
2018-01-23 23:00:00,4.42,69.6,5.15,3165.0
2018-01-24 00:00:00,3.06,75.9,0.25,3320.6
2018-01-24 01:00:00,6.77,66.2,4.18,3265.5
2018-01-24 02:00:00,1.07,74.0,2.49,3209.3
2018-01-24 03:00:00,0.38,79.4,2.65,3044.3
2018-01-24 04:00:00,-0.6,78.2,2.84,2907.4
2018-01-24 05:00:00,-0.9,82.6,0.49,2807.6
2018-01-24 06:00:00,-0.79,91.3,13.15,2709.3
2018-01-24 07:00:00,0.92,76.9,10.13,2623.6
2018-01-24 08:00:00,3.93,65.2,14.52,2587.9
2018-01-24 09:00:00,5.98,71.3,19.21,2582.8
2018-01-24 10:00:00,6.31,70.7,5.78,2706.1
2018-01-24 11:00:00,5.23,72.7,3.25,2770.3
2018-01-24 12:00:00,10.23,75.8,7.04,2813.6
2018-01-24 13:00:00,10.46,50.2,7.27,2798.0
2018-01-24 14:00:00,8.61,77.2,3.24,2895.0
2018-01-24 15:00:00,7.51,80.8,3.16,2884.1
2018-01-24 16:00:00,10.38,68.2,4.69,2731.9
2018-01-24 17:00:00,9.08,69.5,2.96,2636.7
2018-01-24 18:00:00,4.35,66.6,7.32,2623.0
2018-01-24 19:00:00,6.98,66.5,1.65,2540.1
2018-01-24 20:00:00,6.84,72.1,8.52,2617.6
2018-01-24 21:00:00,2.9,74.8,12.22,2847.1
2018-01-24 22:00:00,4.59,74.1,13.94,3049.0
2018-01-24 23:00:00,-0.49,77.4,21.18,3275.0
2018-01-25 00:00:00,5.78,74.6,7.41,3388.7
2018-01-25 01:00:00,4.92,74.4,1.37,3421.5
2018-01-25 02:00:00,0.77,63.2,5.46,3373.5
2018-01-25 03:00:00,2.17,76.9,18.18,3199.5
2018-01-25 04:00:00,-4.62,90.6,13.65,3091.0
2018-01-25 05:00:00,-1.09,72.7,3.99,2916.7
2018-01-25 06:00:00,1.7,82.6,0.67,2750.8
2018-01-25 07:00:00,0.59,64.2,7.13,2776.5
2018-01-25 08:00:00,6.02,66.9,1.29,2790.6
2018-01-25 09:00:00,10.26,58.7,6.99,2893.1
2018-01-25 10:00:00,3.36,80.3,7.61,2935.7
2018-01-25 11:00:00,5.17,81.0,13.2,2978.0
2018-01-25 12:00:00,8.68,64.3,0.76,2961.3
2018-01-25 13:00:00,12.76,71.2,9.76,3010.2
2018-01-25 14:00:00,6.07,80.3,4.72,3098.6
2018-01-25 15:00:00,9.89,63.8,15.61,3013.7
2018-01-25 16:00:00,13.68,62.1,9.31,2912.7
2018-01-25 17:00:00,4.6,74.2,5.81,2840.1
2018-01-25 18:00:00,4.89,61.3,2.42,2737.5
2018-01-25 19:00:00,6.21,67.9,5.11,2700.3
2018-01-25 20:00:00,5.0,85.1,11.45,2766.1
2018-01-25 21:00:00,7.3,62.2,5.13,2922.7
2018-01-25 22:00:00,4.83,75.0,5.0,3105.5
2018-01-25 23:00:00,-1.17,77.1,5.21,3369.9
2018-01-26 00:00:00,3.85,67.6,3.25,3390.7
2018-01-26 01:00:00,0.48,73.4,2.19,3393.5
2018-01-26 02:00:00,4.71,82.3,2.51,3318.7
2018-01-26 03:00:00,-0.18,76.6,5.58,3231.4
2018-01-26 04:00:00,-0.07,77.7,10.09,3029.3
2018-01-26 05:00:00,3.28,82.2,6.18,2806.5
2018-01-26 06:00:00,4.47,66.1,11.61,2684.8
2018-01-26 07:00:00,4.51,60.0,13.82,2669.4
2018-01-26 08:00:00,0.14,86.0,18.97,2747.6
2018-01-26 09:00:00,6.73,67.7,17.86,2684.1
2018-01-26 10:00:00,3.84,76.1,1.47,2744.9
2018-01-26 11:00:00,7.98,59.5,8.02,2797.5
2018-01-26 12:00:00,4.66,71.4,3.73,2929.0
2018-01-26 13:00:00,9.97,55.3,2.62,2893.0
2018-01-26 14:00:00,7.24,66.7,4.44,2882.9
2018-01-26 15:00:00,6.18,61.9,14.85,2878.6
2018-01-26 16:00:00,11.04,56.1,11.49,2691.9
2018-01-26 17:00:00,9.46,62.0,5.62,2609.1
2018-01-26 18:00:00,6.68,48.3,8.98,2597.4
2018-01-26 19:00:00,11.02,53.9,7.24,2535.0
2018-01-26 20:00:00,5.32,74.0,4.45,2578.5
2018-01-26 21:00:00,5.47,70.4,2.95,2786.0
2018-01-26 22:00:00,5.03,59.4,5.1,2979.8
2018-01-26 23:00:00,1.84,74.9,9.4,3207.6
2018-01-27 00:00:00,3.86,61.9,16.02,3099.7
2018-01-27 01:00:00,0.72,77.2,8.08,3150.7
2018-01-27 02:00:00,0.62,70.6,3.45,3067.2
2018-01-27 03:00:00,4.92,65.5,2.31,2927.7
2018-01-27 04:00:00,-0.95,72.0,7.05,2774.5
2018-01-27 05:00:00,-3.98,95.7,0.79,2691.2
2018-01-27 06:00:00,6.71,60.6,26.31,2439.2
2018-01-27 07:00:00,9.89,65.9,7.97,2350.9
2018-01-27 08:00:00,3.46,75.5,13.13,2457.3
2018-01-27 09:00:00,0.67,63.8,11.0,2603.9
2018-01-27 10:00:00,5.77,54.6,7.87,2625.2
2018-01-27 11:00:00,6.8,61.8,7.5,2625.2
2018-01-27 12:00:00,7.87,71.8,9.77,2708.0
2018-01-27 13:00:00,6.19,64.3,4.13,2732.5
2018-01-27 14:00:00,10.83,61.5,5.7,2731.4
2018-01-27 15:00:00,10.82,70.6,10.17,2707.9
2018-01-27 16:00:00,5.64,61.0,1.47,2613.4
2018-01-27 17:00:00,10.73,62.7,5.55,2492.3
2018-01-27 18:00:00,13.47,49.1,5.04,2358.8
2018-01-27 19:00:00,7.94,68.2,0.73,2407.3
2018-01-27 20:00:00,5.71,69.3,8.45,2410.7
2018-01-27 21:00:00,5.16,74.2,6.56,2545.5
2018-01-27 22:00:00,6.02,58.0,5.54,2687.1
2018-01-27 23:00:00,-0.81,71.1,11.57,3004.2
2018-01-28 00:00:00,3.22,59.2,10.29,3025.9
2018-01-28 01:00:00,1.2,69.1,10.86,3178.0
2018-01-28 02:00:00,6.4,78.7,5.1,3033.2
2018-01-28 03:00:00,1.21,68.5,4.03,2913.1
2018-01-28 04:00:00,5.95,56.3,6.45,2725.1
2018-01-28 05:00:00,-0.58,67.0,7.81,2635.7
2018-01-28 06:00:00,4.28,55.7,9.24,2456.3
2018-01-28 07:00:00,4.44,58.1,2.62,2397.6
2018-01-28 08:00:00,2.43,75.4,7.44,2429.4
2018-01-28 09:00:00,6.08,55.6,12.51,2432.3
2018-01-28 10:00:00,9.71,66.7,2.93,2512.3
2018-01-28 11:00:00,6.83,66.7,0.69,2621.6
2018-01-28 12:00:00,4.24,64.4,0.31,2731.4
2018-01-28 13:00:00,9.06,66.6,3.99,2707.7
2018-01-28 14:00:00,7.25,58.7,2.19,2762.5
2018-01-28 15:00:00,8.79,71.7,8.19,2683.7
2018-01-28 16:00:00,9.3,59.0,7.23,2568.9
2018-01-28 17:00:00,4.84,65.0,0.91,2502.3
2018-01-28 18:00:00,4.43,64.4,12.12,2485.3
2018-01-28 19:00:00,8.85,70.4,3.16,2381.2
2018-01-28 20:00:00,5.37,72.1,2.47,2441.1
2018-01-28 21:00:00,-0.77,51.6,6.95,2642.7
2018-01-28 22:00:00,6.57,68.8,3.75,2746.2
2018-01-28 23:00:00,4.32,54.6,6.5,2907.7
2018-01-29 00:00:00,1.16,68.3,4.91,3272.6
2018-01-29 01:00:00,-0.98,71.9,13.09,3366.1
2018-01-29 02:00:00,4.0,66.0,6.61,3202.7
2018-01-29 03:00:00,2.65,73.9,4.45,3117.7
2018-01-29 04:00:00,7.86,71.5,5.4,2879.8
2018-01-29 05:00:00,3.36,63.1,11.23,2689.9
2018-01-29 06:00:00,3.91,62.4,2.64,2636.7
2018-01-29 07:00:00,3.35,69.0,8.52,2658.6
2018-01-29 08:00:00,6.78,54.2,5.64,2679.1
2018-01-29 09:00:00,7.33,62.3,5.78,2715.3
2018-01-29 10:00:00,9.94,74.8,2.2,2751.9
2018-01-29 11:00:00,6.47,54.8,4.02,2846.5
2018-01-29 12:00:00,7.51,63.3,3.38,2876.8
2018-01-29 13:00:00,8.04,60.8,5.62,2934.6
2018-01-29 14:00:00,11.61,78.8,1.53,2922.5
2018-01-29 15:00:00,13.52,56.9,0.61,2877.4
2018-01-29 16:00:00,8.49,61.4,3.73,2797.8
2018-01-29 17:00:00,8.17,57.2,11.39,2720.1
2018-01-29 18:00:00,9.39,64.6,7.97,2680.3
2018-01-29 19:00:00,7.16,68.4,5.18,2671.0
2018-01-29 20:00:00,9.19,57.6,2.35,2639.3
2018-01-29 21:00:00,0.14,79.8,0.27,2862.1
2018-01-29 22:00:00,2.67,72.0,3.14,3041.3
2018-01-29 23:00:00,1.82,77.4,4.63,3259.6
2018-01-30 00:00:00,-2.72,71.6,1.93,3444.4
2018-01-30 01:00:00,0.03,73.9,7.54,3444.1
2018-01-30 02:00:00,-0.25,70.5,7.4,3475.9
2018-01-30 03:00:00,1.4,82.5,3.67,3243.1
2018-01-30 04:00:00,4.82,69.1,4.86,3084.3
2018-01-30 05:00:00,1.83,70.6,4.78,2968.0
2018-01-30 06:00:00,0.5,67.9,7.04,2959.9
2018-01-30 07:00:00,3.76,64.9,2.57,2810.1
2018-01-30 08:00:00,7.49,67.9,24.93,2842.1
2018-01-30 09:00:00,3.47,75.8,1.52,2982.7
2018-01-30 10:00:00,4.66,62.8,2.6,3006.8
2018-01-30 11:00:00,9.3,65.6,6.29,2974.0
2018-01-30 12:00:00,8.18,66.9,16.19,3116.1
2018-01-30 13:00:00,10.99,66.1,3.43,3079.7
2018-01-30 14:00:00,9.73,50.6,2.27,3115.1
2018-01-30 15:00:00,11.66,55.3,4.3,3117.0
2018-01-30 16:00:00,7.18,55.3,8.69,3036.3
2018-01-30 17:00:00,9.34,64.8,9.01,2887.4
2018-01-30 18:00:00,8.21,58.2,7.94,2863.9
2018-01-30 19:00:00,4.87,64.1,17.38,2822.7
2018-01-30 20:00:00,3.03,60.0,9.04,2842.0
2018-01-30 21:00:00,7.62,62.7,10.35,2800.1
2018-01-30 22:00:00,3.99,59.8,11.08,3064.4
2018-01-30 23:00:00,1.35,77.0,2.03,3251.6
2018-01-31 00:00:00,2.97,73.5,4.72,3387.1
2018-01-31 01:00:00,5.4,68.9,2.65,3378.7
2018-01-31 02:00:00,-3.52,72.4,2.87,3443.5
2018-01-31 03:00:00,-1.7,57.1,3.97,3321.1
2018-01-31 04:00:00,-0.13,68.4,6.91,3074.2
2018-01-31 05:00:00,6.23,60.9,15.66,2832.4
2018-01-31 06:00:00,3.92,70.8,8.43,2779.1
2018-01-31 07:00:00,5.96,72.2,7.38,2777.5
2018-01-31 08:00:00,2.16,72.9,4.04,2829.4
2018-01-31 09:00:00,3.24,79.5,16.75,2871.5
2018-01-31 10:00:00,8.2,60.9,1.41,2895.1
2018-01-31 11:00:00,8.19,60.6,9.21,2919.0
2018-01-31 12:00:00,10.24,72.1,0.68,2938.4
2018-01-31 13:00:00,9.04,66.1,5.94,2979.2
2018-01-31 14:00:00,10.6,61.5,11.16,3016.7
2018-01-31 15:00:00,10.44,78.4,5.45,3047.4
2018-01-31 16:00:00,11.85,67.1,13.29,2918.9
2018-01-31 17:00:00,11.52,61.3,2.34,2840.2
2018-01-31 18:00:00,4.82,62.7,0.24,2801.2
2018-01-31 19:00:00,2.42,80.7,1.53,2757.1
2018-01-31 20:00:00,9.58,66.0,4.12,2683.7
2018-01-31 21:00:00,9.01,65.0,6.94,2824.2
2018-01-31 22:00:00,2.45,75.4,3.09,3043.6
2018-01-31 23:00:00,-0.61,79.5,5.97,3270.1
2018-02-01 00:00:00,3.6,73.5,8.0,3308.2
2018-02-01 01:00:00,5.04,75.0,2.49,3282.0
2018-02-01 02:00:00,6.81,70.2,2.56,3244.3
2018-02-01 03:00:00,3.47,73.7,1.22,3140.6
2018-02-01 04:00:00,1.39,65.0,13.29,2996.0
2018-02-01 05:00:00,0.48,86.1,13.51,2834.4
2018-02-01 06:00:00,3.38,59.4,5.92,2744.2
2018-02-01 07:00:00,3.43,71.7,1.67,2704.8
2018-02-01 08:00:00,2.61,59.2,15.14,2767.9
2018-02-01 09:00:00,11.3,62.2,2.56,2728.6
2018-02-01 10:00:00,11.68,58.1,1.29,2756.4
2018-02-01 11:00:00,11.02,64.3,2.5,2804.0
2018-02-01 12:00:00,6.71,69.4,2.22,2923.9
2018-02-01 13:00:00,11.78,54.9,1.76,2896.9
2018-02-01 14:00:00,11.64,62.5,3.06,2987.2
2018-02-01 15:00:00,11.29,74.1,5.57,2895.9
2018-02-01 16:00:00,13.17,51.0,9.13,2820.2
2018-02-01 17:00:00,11.23,56.2,4.36,2774.9
2018-02-01 18:00:00,10.86,70.2,4.39,2696.4
2018-02-01 19:00:00,9.77,64.8,4.27,2644.3
2018-02-01 20:00:00,8.07,66.8,1.29,2749.6
2018-02-01 21:00:00,1.72,78.8,8.96,2893.8
2018-02-01 22:00:00,5.35,61.4,11.22,3023.4
2018-02-01 23:00:00,2.79,65.6,14.65,3163.8
2018-02-02 00:00:00,0.29,66.6,3.84,3354.9
2018-02-02 01:00:00,7.06,63.6,14.06,3339.8
2018-02-02 02:00:00,6.78,77.3,9.79,3290.1
2018-02-02 03:00:00,5.72,53.8,1.86,3153.9
2018-02-02 04:00:00,3.1,60.0,2.57,3005.5
2018-02-02 05:00:00,6.23,56.1,5.66,2823.8
2018-02-02 06:00:00,3.52,80.4,4.38,2764.3
2018-02-02 07:00:00,4.83,63.2,1.55,2721.4
2018-02-02 08:00:00,2.55,67.3,5.63,2725.8
2018-02-02 09:00:00,7.31,53.2,5.74,2646.8
2018-02-02 10:00:00,7.51,63.9,9.71,2814.7
2018-02-02 11:00:00,5.06,74.9,3.32,2884.7
2018-02-02 12:00:00,9.02,66.8,2.64,2903.2
2018-02-02 13:00:00,9.59,63.5,1.2,2986.9
2018-02-02 14:00:00,14.68,47.7,6.45,3001.0
2018-02-02 15:00:00,12.56,59.3,5.89,2904.6
2018-02-02 16:00:00,10.21,65.0,16.01,2786.8
2018-02-02 17:00:00,10.41,55.7,9.24,2733.8
2018-02-02 18:00:00,9.26,69.8,3.34,2681.1
2018-02-02 19:00:00,7.81,72.8,5.34,2637.8
2018-02-02 20:00:00,4.65,64.1,1.51,2713.7
2018-02-02 21:00:00,5.94,73.1,3.81,2830.4
2018-02-02 22:00:00,3.42,68.4,6.09,3046.0
2018-02-02 23:00:00,1.2,80.2,16.53,3263.8
2018-02-03 00:00:00,4.91,84.3,2.2,3078.9
2018-02-03 01:00:00,3.98,60.1,13.0,3143.2
2018-02-03 02:00:00,-1.87,79.6,6.4,3146.8
2018-02-03 03:00:00,2.16,80.7,9.09,2986.1
2018-02-03 04:00:00,5.09,60.2,5.19,2802.5
2018-02-03 05:00:00,5.65,62.9,2.86,2661.8
2018-02-03 06:00:00,6.2,62.3,12.52,2526.8
2018-02-03 07:00:00,4.56,67.3,3.58,2497.0
2018-02-03 08:00:00,3.32,66.5,8.72,2490.6
2018-02-03 09:00:00,3.76,67.4,1.64,2549.6
2018-02-03 10:00:00,8.36,72.0,2.08,2540.0
2018-02-03 11:00:00,9.41,49.3,0.7,2622.0
2018-02-03 12:00:00,12.51,54.2,4.74,2724.3
2018-02-03 13:00:00,12.68,67.2,6.4,2756.7
2018-02-03 14:00:00,10.0,68.4,5.34,2736.0
2018-02-03 15:00:00,7.35,57.6,1.18,2745.0
2018-02-03 16:00:00,9.53,68.9,2.11,2683.5
2018-02-03 17:00:00,10.47,74.2,8.99,2539.2
2018-02-03 18:00:00,8.79,64.6,3.27,2463.4
2018-02-03 19:00:00,7.02,58.3,5.54,2452.1
2018-02-03 20:00:00,8.13,72.5,3.07,2467.1
2018-02-03 21:00:00,5.2,81.6,8.25,2639.0
2018-02-03 22:00:00,3.86,61.8,3.1,2759.5
2018-02-03 23:00:00,5.24,68.1,4.43,2942.7
2018-02-04 00:00:00,2.78,78.5,10.69,3161.2
2018-02-04 01:00:00,3.76,69.9,5.42,3191.3
2018-02-04 02:00:00,3.43,55.3,2.35,3110.4
2018-02-04 03:00:00,-0.24,75.7,7.31,2940.4
2018-02-04 04:00:00,1.54,62.9,1.18,2733.9
2018-02-04 05:00:00,6.74,56.4,2.26,2544.7
2018-02-04 06:00:00,0.88,57.5,1.29,2511.4
2018-02-04 07:00:00,-0.68,82.1,8.41,2446.5
2018-02-04 08:00:00,0.92,64.6,6.93,2470.8
2018-02-04 09:00:00,6.68,69.3,7.77,2440.6
2018-02-04 10:00:00,7.72,70.5,6.17,2487.4
2018-02-04 11:00:00,8.32,66.6,12.35,2599.6
2018-02-04 12:00:00,12.47,64.4,6.06,2638.2
2018-02-04 13:00:00,3.39,72.3,3.23,2723.5
2018-02-04 14:00:00,11.46,63.9,2.44,2633.6
2018-02-04 15:00:00,14.51,54.3,5.99,2582.9
2018-02-04 16:00:00,7.66,59.1,11.65,2523.8
2018-02-04 17:00:00,9.13,63.9,1.59,2460.3
2018-02-04 18:00:00,7.56,64.9,7.62,2395.0
2018-02-04 19:00:00,6.38,70.3,4.43,2425.4
2018-02-04 20:00:00,6.83,75.3,10.45,2416.0
2018-02-04 21:00:00,10.18,66.6,1.01,2567.5
2018-02-04 22:00:00,10.17,57.4,16.05,2737.3
2018-02-04 23:00:00,3.77,51.5,4.38,2967.7
2018-02-05 00:00:00,8.69,58.9,0.81,3279.2
2018-02-05 01:00:00,3.38,58.5,1.56,3450.8
2018-02-05 02:00:00,7.28,60.3,17.6,3305.9
2018-02-05 03:00:00,2.53,71.9,7.6,3280.4
2018-02-05 04:00:00,3.22,70.1,3.99,3115.1
2018-02-05 05:00:00,4.21,83.5,20.32,2889.0
2018-02-05 06:00:00,11.88,66.4,5.87,2686.4
2018-02-05 07:00:00,6.89,81.8,10.01,2691.3
2018-02-05 08:00:00,3.96,74.6,2.09,2744.3
2018-02-05 09:00:00,9.18,73.3,3.86,2729.4
2018-02-05 10:00:00,6.89,63.6,5.79,2801.3
2018-02-05 11:00:00,7.54,57.4,3.48,2930.5
2018-02-05 12:00:00,11.86,58.9,12.25,2965.7
2018-02-05 13:00:00,10.3,63.7,7.43,3017.7
2018-02-05 14:00:00,11.32,57.9,1.55,3021.2
2018-02-05 15:00:00,10.79,55.4,4.2,2979.9
2018-02-05 16:00:00,11.47,66.2,2.5,2982.8
2018-02-05 17:00:00,11.29,54.9,7.57,2887.4
2018-02-05 18:00:00,4.75,55.9,3.46,2937.4
2018-02-05 19:00:00,10.43,54.7,0.81,2846.4
2018-02-05 20:00:00,5.34,65.9,6.66,2877.5
2018-02-05 21:00:00,3.15,61.5,3.3,3050.9
2018-02-05 22:00:00,5.58,65.7,13.5,3174.3
2018-02-05 23:00:00,4.97,72.8,1.8,3396.9
2018-02-06 00:00:00,2.35,74.7,2.65,3487.3
2018-02-06 01:00:00,5.52,62.3,4.04,3398.3
2018-02-06 02:00:00,-0.31,61.8,6.95,3378.2
2018-02-06 03:00:00,1.89,65.9,10.67,3259.3
2018-02-06 04:00:00,1.59,76.0,3.86,3048.1
2018-02-06 05:00:00,3.33,76.4,5.93,2894.1
2018-02-06 06:00:00,4.78,71.0,1.1,2746.6
2018-02-06 07:00:00,2.39,79.7,2.68,2772.9
2018-02-06 08:00:00,7.69,79.7,3.54,2719.2
2018-02-06 09:00:00,7.07,62.5,4.03,2787.3
2018-02-06 10:00:00,3.22,81.3,8.2,2877.0
2018-02-06 11:00:00,4.01,66.7,18.29,2906.6
2018-02-06 12:00:00,9.71,72.4,2.82,2835.1
2018-02-06 13:00:00,9.82,69.8,7.54,2834.9
2018-02-06 14:00:00,10.52,47.8,12.2,2848.1
2018-02-06 15:00:00,10.84,55.6,11.78,2848.8
2018-02-06 16:00:00,11.34,53.2,2.2,2859.1
2018-02-06 17:00:00,12.74,47.5,11.31,2738.2
2018-02-06 18:00:00,6.96,73.5,1.62,2657.4
2018-02-06 19:00:00,5.98,83.8,1.58,2583.1
2018-02-06 20:00:00,5.21,65.8,5.31,2680.8
2018-02-06 21:00:00,7.63,72.7,3.52,2810.6
2018-02-06 22:00:00,8.99,76.7,14.25,2994.8
2018-02-06 23:00:00,3.83,70.6,0.77,3237.1
2018-02-07 00:00:00,-2.02,73.4,5.36,3397.3
2018-02-07 01:00:00,-0.66,70.6,10.14,3463.9
2018-02-07 02:00:00,1.12,75.4,0.69,3331.8
2018-02-07 03:00:00,1.67,77.7,3.71,3156.2
2018-02-07 04:00:00,2.18,74.0,9.94,2936.9
2018-02-07 05:00:00,3.7,72.5,4.96,2772.3
2018-02-07 06:00:00,3.46,68.8,4.96,2655.1
2018-02-07 07:00:00,7.69,53.1,10.7,2567.7
2018-02-07 08:00:00,4.34,75.7,7.13,2589.5
2018-02-07 09:00:00,4.91,57.8,2.71,2620.8
2018-02-07 10:00:00,9.3,69.5,15.98,2605.1
2018-02-07 11:00:00,5.23,73.9,4.38,2759.1
2018-02-07 12:00:00,10.87,54.2,1.52,2759.2
2018-02-07 13:00:00,10.79,58.5,5.17,2887.2
2018-02-07 14:00:00,10.56,80.5,4.7,2942.8
2018-02-07 15:00:00,15.04,59.3,6.94,2913.8
2018-02-07 16:00:00,9.37,54.7,7.85,2869.0
2018-02-07 17:00:00,15.68,65.9,1.17,2796.2
2018-02-07 18:00:00,9.33,58.4,4.08,2688.4
2018-02-07 19:00:00,5.87,51.9,7.17,2675.2
2018-02-07 20:00:00,8.27,69.5,5.02,2736.2
2018-02-07 21:00:00,4.37,61.2,3.26,2938.9
2018-02-07 22:00:00,4.15,71.2,8.83,3075.4
2018-02-07 23:00:00,6.06,60.7,8.78,3320.1
2018-02-08 00:00:00,5.78,73.0,0.01,3369.1
2018-02-08 01:00:00,2.2,71.7,5.96,3331.6
2018-02-08 02:00:00,5.83,46.6,6.91,3296.2
2018-02-08 03:00:00,6.11,70.2,4.1,3169.3
2018-02-08 04:00:00,6.95,64.1,5.57,2985.9
2018-02-08 05:00:00,5.08,79.3,4.37,2877.9
2018-02-08 06:00:00,7.8,68.9,6.74,2716.7
2018-02-08 07:00:00,0.52,77.6,3.34,2684.0
2018-02-08 08:00:00,5.39,62.0,3.45,2646.7
2018-02-08 09:00:00,5.05,61.6,4.38,2687.1
2018-02-08 10:00:00,8.55,65.0,6.86,2694.6
2018-02-08 11:00:00,7.79,62.9,7.5,2764.4
2018-02-08 12:00:00,9.63,75.0,12.95,2799.8
2018-02-08 13:00:00,15.39,58.5,1.71,2835.0
2018-02-08 14:00:00,10.66,53.7,0.56,2875.5
2018-02-08 15:00:00,12.26,55.6,8.79,2875.9
2018-02-08 16:00:00,10.5,71.3,5.25,2819.3
2018-02-08 17:00:00,10.87,62.0,0.72,2623.0
2018-02-08 18:00:00,10.06,62.2,4.32,2513.3
2018-02-08 19:00:00,10.34,72.2,10.63,2458.4
2018-02-08 20:00:00,11.17,55.7,3.34,2574.2
2018-02-08 21:00:00,11.34,45.0,5.92,2679.7
2018-02-08 22:00:00,6.96,59.6,2.74,2829.5
2018-02-08 23:00:00,6.69,68.6,1.91,3063.9
2018-02-09 00:00:00,1.67,68.7,9.52,3255.3
2018-02-09 01:00:00,3.7,56.6,3.02,3376.7
2018-02-09 02:00:00,5.87,75.4,3.96,3222.3
2018-02-09 03:00:00,5.54,68.9,5.16,3074.4
2018-02-09 04:00:00,4.04,71.9,2.7,2880.2
2018-02-09 05:00:00,6.13,70.5,23.4,2678.8
2018-02-09 06:00:00,5.78,57.0,8.66,2570.5
2018-02-09 07:00:00,8.38,67.7,1.36,2489.2
2018-02-09 08:00:00,7.07,73.6,10.1,2556.3
2018-02-09 09:00:00,6.49,75.9,6.05,2640.2
2018-02-09 10:00:00,9.25,70.4,6.6,2697.9
2018-02-09 11:00:00,2.05,74.5,4.44,2905.1
2018-02-09 12:00:00,11.16,49.2,3.89,2912.5
2018-02-09 13:00:00,1.72,70.5,10.1,3068.7
2018-02-09 14:00:00,6.93,58.8,1.87,3025.3
2018-02-09 15:00:00,12.51,72.3,11.71,2966.9
2018-02-09 16:00:00,12.44,71.1,5.48,2921.5
2018-02-09 17:00:00,7.94,58.0,1.25,2786.0
2018-02-09 18:00:00,8.43,64.9,0.94,2664.3
2018-02-09 19:00:00,12.81,63.7,2.78,2616.2
2018-02-09 20:00:00,7.2,73.4,3.19,2689.7
2018-02-09 21:00:00,12.99,48.2,0.99,2730.9
2018-02-09 22:00:00,6.34,49.3,7.16,2985.3
2018-02-09 23:00:00,6.4,67.2,7.99,3223.7
2018-02-10 00:00:00,8.75,44.7,7.68,3118.3
2018-02-10 01:00:00,4.4,69.7,9.4,3147.2
2018-02-10 02:00:00,1.17,75.8,3.42,3131.7
2018-02-10 03:00:00,3.27,79.3,6.4,2935.0
2018-02-10 04:00:00,3.59,64.1,9.34,2753.4
2018-02-10 05:00:00,0.66,72.8,7.22,2669.4
2018-02-10 06:00:00,4.07,74.0,5.96,2581.9
2018-02-10 07:00:00,3.68,59.6,12.02,2519.7
2018-02-10 08:00:00,8.82,72.3,3.71,2458.8
2018-02-10 09:00:00,7.63,68.1,3.69,2580.4
2018-02-10 10:00:00,7.87,60.9,5.48,2630.0
2018-02-10 11:00:00,9.27,65.7,5.46,2554.8
2018-02-10 12:00:00,10.93,62.1,5.29,2633.6
2018-02-10 13:00:00,12.55,68.2,1.08,2645.5
2018-02-10 14:00:00,8.9,62.0,10.23,2660.6
2018-02-10 15:00:00,8.94,66.7,6.39,2657.8
2018-02-10 16:00:00,14.17,55.7,0.25,2500.8
2018-02-10 17:00:00,9.97,56.5,0.66,2446.6
2018-02-10 18:00:00,6.83,67.9,11.94,2336.8
2018-02-10 19:00:00,10.65,56.3,3.13,2253.8
2018-02-10 20:00:00,9.73,70.6,5.17,2329.6
2018-02-10 21:00:00,3.71,73.8,2.0,2478.9
2018-02-10 22:00:00,7.08,60.2,24.47,2592.9
2018-02-10 23:00:00,7.38,67.8,4.58,2804.7
2018-02-11 00:00:00,5.81,61.2,3.26,2978.6
2018-02-11 01:00:00,5.82,54.5,9.7,3009.6
2018-02-11 02:00:00,0.33,67.0,1.7,3025.6
2018-02-11 03:00:00,4.53,68.0,10.66,3001.9
2018-02-11 04:00:00,3.08,73.7,4.22,2763.3
2018-02-11 05:00:00,3.03,70.8,8.36,2515.9
2018-02-11 06:00:00,7.05,73.6,6.05,2432.7
2018-02-11 07:00:00,9.4,56.6,4.0,2331.1
2018-02-11 08:00:00,11.15,60.1,1.07,2370.4
2018-02-11 09:00:00,10.99,76.4,5.43,2455.6
2018-02-11 10:00:00,8.46,49.8,2.43,2540.5
2018-02-11 11:00:00,10.58,59.9,5.31,2607.3
2018-02-11 12:00:00,12.45,53.5,9.08,2734.8
2018-02-11 13:00:00,11.47,61.3,7.22,2738.8
2018-02-11 14:00:00,11.89,59.0,0.17,2791.1
2018-02-11 15:00:00,13.76,65.8,3.68,2690.9
2018-02-11 16:00:00,11.42,64.9,2.85,2625.6
2018-02-11 17:00:00,9.34,54.1,3.17,2547.6
2018-02-11 18:00:00,9.49,59.7,5.71,2447.8
2018-02-11 19:00:00,11.29,63.0,3.31,2438.9
2018-02-11 20:00:00,8.75,70.9,2.39,2485.6
2018-02-11 21:00:00,8.55,84.6,1.44,2616.9
2018-02-11 22:00:00,8.34,70.9,3.53,2759.1
2018-02-11 23:00:00,4.77,60.1,8.6,2929.2
2018-02-12 00:00:00,6.93,65.7,8.91,3238.5
2018-02-12 01:00:00,5.35,69.2,6.14,3264.5
2018-02-12 02:00:00,0.92,67.1,0.51,3193.5
2018-02-12 03:00:00,7.47,69.8,5.69,3070.9
2018-02-12 04:00:00,2.75,51.6,12.93,2934.7
2018-02-12 05:00:00,0.27,76.2,1.58,2812.8
2018-02-12 06:00:00,2.43,66.2,3.41,2654.1
2018-02-12 07:00:00,3.31,68.5,8.66,2707.1
2018-02-12 08:00:00,6.96,78.2,0.6,2680.8
2018-02-12 09:00:00,7.18,56.2,3.47,2711.1
2018-02-12 10:00:00,8.06,67.7,14.95,2756.4
2018-02-12 11:00:00,11.42,69.2,13.82,2805.0
2018-02-12 12:00:00,11.55,64.1,13.89,2859.5
2018-02-12 13:00:00,12.12,49.4,3.52,2852.6
2018-02-12 14:00:00,12.76,72.6,11.86,2908.2
2018-02-12 15:00:00,13.41,59.6,5.86,2835.5
2018-02-12 16:00:00,6.46,62.6,2.31,2839.4
2018-02-12 17:00:00,10.42,61.2,2.94,2657.1
2018-02-12 18:00:00,5.25,64.7,6.8,2636.1
2018-02-12 19:00:00,9.96,54.5,0.53,2520.7
2018-02-12 20:00:00,8.89,66.2,4.34,2559.5
2018-02-12 21:00:00,10.48,58.8,5.38,2709.6
2018-02-12 22:00:00,9.8,69.5,7.76,2948.3
2018-02-12 23:00:00,6.37,71.0,0.78,3236.3
2018-02-13 00:00:00,3.96,81.8,4.39,3385.8
2018-02-13 01:00:00,5.78,65.7,9.46,3384.0
2018-02-13 02:00:00,2.85,63.3,17.67,3291.8
2018-02-13 03:00:00,4.03,57.0,2.31,3058.7
2018-02-13 04:00:00,6.64,84.2,11.81,2893.0
2018-02-13 05:00:00,3.18,74.8,9.08,2771.1
2018-02-13 06:00:00,7.22,60.7,13.16,2641.4
2018-02-13 07:00:00,7.73,79.4,0.58,2594.8
2018-02-13 08:00:00,4.61,79.2,8.12,2627.5
2018-02-13 09:00:00,10.47,52.8,11.62,2667.9
2018-02-13 10:00:00,10.82,57.3,4.86,2811.9
2018-02-13 11:00:00,10.29,62.7,3.8,2828.8
2018-02-13 12:00:00,8.96,56.3,5.42,2826.9
2018-02-13 13:00:00,9.35,63.7,10.97,2866.6
2018-02-13 14:00:00,10.55,69.3,2.42,2851.2
2018-02-13 15:00:00,13.39,50.3,2.26,2878.5
2018-02-13 16:00:00,9.51,66.7,0.34,2833.0
2018-02-13 17:00:00,12.59,71.3,4.47,2806.2
2018-02-13 18:00:00,7.76,69.0,1.27,2773.5
2018-02-13 19:00:00,9.52,63.8,4.54,2708.0
2018-02-13 20:00:00,9.34,59.2,2.0,2745.2
2018-02-13 21:00:00,14.15,67.3,3.06,2867.3
2018-02-13 22:00:00,3.56,59.7,3.5,3060.8
2018-02-13 23:00:00,9.71,66.2,5.61,3189.6
2018-02-14 00:00:00,5.75,67.6,5.97,3396.0
2018-02-14 01:00:00,5.77,76.4,4.02,3382.7
2018-02-14 02:00:00,4.64,63.6,3.34,3301.1
2018-02-14 03:00:00,5.32,63.8,3.02,3166.4
2018-02-14 04:00:00,3.96,58.9,0.92,3057.1
2018-02-14 05:00:00,8.37,68.8,10.99,2815.8
2018-02-14 06:00:00,4.23,65.2,2.31,2762.5
2018-02-14 07:00:00,9.03,57.9,4.99,2673.6
2018-02-14 08:00:00,5.56,61.4,1.5,2713.5
2018-02-14 09:00:00,8.05,69.9,7.98,2666.7
2018-02-14 10:00:00,6.56,57.9,5.1,2730.4
2018-02-14 11:00:00,11.34,54.8,6.32,2728.8
2018-02-14 12:00:00,14.64,67.5,1.44,2800.7
2018-02-14 13:00:00,11.47,61.5,6.56,2837.6
2018-02-14 14:00:00,11.58,70.4,0.6,2812.8
2018-02-14 15:00:00,9.42,61.6,2.73,2793.3
2018-02-14 16:00:00,11.49,62.8,1.65,2804.8
2018-02-14 17:00:00,7.69,67.1,5.04,2706.8
2018-02-14 18:00:00,8.75,76.1,11.52,2600.5
2018-02-14 19:00:00,10.77,73.8,7.38,2550.9
2018-02-14 20:00:00,12.54,71.2,13.23,2573.8
2018-02-14 21:00:00,15.23,54.8,5.21,2648.0
2018-02-14 22:00:00,5.7,59.5,8.1,2961.3
2018-02-14 23:00:00,9.79,70.3,9.97,3031.5
2018-02-15 00:00:00,6.16,78.1,9.89,3134.4
2018-02-15 01:00:00,4.53,77.7,1.37,3230.9
2018-02-15 02:00:00,5.59,67.6,2.27,3079.4
2018-02-15 03:00:00,4.53,74.2,9.17,2998.1
2018-02-15 04:00:00,4.79,74.1,13.33,2873.1
2018-02-15 05:00:00,3.89,70.1,2.12,2708.6
2018-02-15 06:00:00,2.05,71.9,2.42,2646.6
2018-02-15 07:00:00,2.52,70.8,7.32,2620.6
2018-02-15 08:00:00,8.97,58.5,3.34,2557.2
2018-02-15 09:00:00,7.68,60.4,9.58,2616.0
2018-02-15 10:00:00,7.92,60.1,7.8,2693.6
2018-02-15 11:00:00,10.4,50.9,10.53,2739.1
2018-02-15 12:00:00,13.19,62.6,3.77,2837.5
2018-02-15 13:00:00,12.29,61.8,3.18,2880.6
2018-02-15 14:00:00,10.6,69.6,2.46,2914.6
2018-02-15 15:00:00,15.44,69.7,13.11,2868.8
2018-02-15 16:00:00,16.19,69.6,1.44,2824.4
2018-02-15 17:00:00,13.08,72.9,1.27,2761.9
2018-02-15 18:00:00,13.64,55.0,5.34,2590.4
2018-02-15 19:00:00,13.48,49.8,3.13,2576.8
2018-02-15 20:00:00,12.24,69.7,10.03,2596.7
2018-02-15 21:00:00,9.91,75.1,1.16,2713.6
2018-02-15 22:00:00,8.84,77.4,4.11,2924.7
2018-02-15 23:00:00,7.67,69.7,0.73,3125.9
2018-02-16 00:00:00,2.98,53.6,3.58,3287.2
2018-02-16 01:00:00,6.84,69.5,5.24,3306.9
2018-02-16 02:00:00,1.29,75.4,4.6,3295.2
2018-02-16 03:00:00,2.56,80.0,4.35,3103.2
2018-02-16 04:00:00,7.94,77.1,7.85,2923.2
2018-02-16 05:00:00,7.18,73.5,2.01,2819.3
2018-02-16 06:00:00,9.44,59.8,6.42,2693.3
2018-02-16 07:00:00,5.87,59.1,4.22,2668.8
2018-02-16 08:00:00,4.63,72.6,3.63,2671.1
2018-02-16 09:00:00,7.95,59.3,6.96,2764.4
2018-02-16 10:00:00,9.84,75.9,5.56,2801.3
2018-02-16 11:00:00,10.75,49.8,6.73,2871.0
2018-02-16 12:00:00,14.21,65.2,17.01,2943.1
2018-02-16 13:00:00,11.11,65.7,4.19,2865.5
2018-02-16 14:00:00,13.29,59.7,1.32,2846.7
2018-02-16 15:00:00,10.08,56.5,2.07,2914.2
2018-02-16 16:00:00,13.54,44.7,13.03,2725.2
2018-02-16 17:00:00,12.02,58.1,3.51,2581.9
2018-02-16 18:00:00,9.5,60.3,7.81,2503.2
2018-02-16 19:00:00,9.96,72.9,4.59,2443.6
2018-02-16 20:00:00,9.12,58.4,1.74,2489.3
2018-02-16 21:00:00,7.87,69.3,5.51,2606.1
2018-02-16 22:00:00,11.94,52.1,2.59,2784.6
2018-02-16 23:00:00,6.3,70.8,2.89,3039.5
2018-02-17 00:00:00,5.28,49.9,4.61,2953.9
2018-02-17 01:00:00,0.02,88.8,0.89,3014.1
2018-02-17 02:00:00,2.62,68.8,7.68,2969.0
2018-02-17 03:00:00,4.07,46.4,3.19,2820.2
2018-02-17 04:00:00,3.14,63.7,8.46,2704.5
2018-02-17 05:00:00,8.71,58.0,8.23,2508.4
2018-02-17 06:00:00,5.48,62.4,4.06,2432.6
2018-02-17 07:00:00,9.94,61.1,5.24,2347.8
2018-02-17 08:00:00,7.84,60.4,6.47,2407.8
2018-02-17 09:00:00,8.82,58.4,3.5,2504.9
2018-02-17 10:00:00,9.54,55.1,0.67,2565.6
2018-02-17 11:00:00,10.73,70.0,5.48,2632.7
2018-02-17 12:00:00,15.85,68.9,9.93,2708.4
2018-02-17 13:00:00,6.39,64.9,2.5,2703.7
2018-02-17 14:00:00,7.58,65.8,8.8,2644.1
2018-02-17 15:00:00,11.36,53.9,1.52,2604.2
2018-02-17 16:00:00,12.62,62.5,3.83,2497.4
2018-02-17 17:00:00,13.91,62.7,4.32,2399.7
2018-02-17 18:00:00,12.73,60.1,4.69,2322.8
2018-02-17 19:00:00,9.76,67.4,2.17,2394.8
2018-02-17 20:00:00,12.31,64.6,1.54,2422.4
2018-02-17 21:00:00,11.3,54.5,3.95,2459.2
2018-02-17 22:00:00,8.15,75.0,7.1,2673.5
2018-02-17 23:00:00,9.13,63.0,2.47,2889.5
2018-02-18 00:00:00,6.75,80.0,4.23,3053.0
2018-02-18 01:00:00,4.03,72.1,17.02,3121.7
2018-02-18 02:00:00,6.78,82.3,5.82,2984.2
2018-02-18 03:00:00,5.18,77.3,3.94,2834.5
2018-02-18 04:00:00,5.04,69.8,4.55,2629.8
2018-02-18 05:00:00,9.12,58.9,14.85,2415.6
2018-02-18 06:00:00,-0.06,66.4,7.28,2414.3
2018-02-18 07:00:00,3.36,73.6,2.59,2396.9
2018-02-18 08:00:00,4.9,69.2,7.76,2523.7
2018-02-18 09:00:00,7.99,60.9,1.87,2541.5
2018-02-18 10:00:00,9.3,71.2,5.11,2608.4
2018-02-18 11:00:00,7.13,66.6,11.14,2590.5
2018-02-18 12:00:00,9.27,71.3,5.15,2614.8
2018-02-18 13:00:00,10.21,56.0,1.73,2713.6
2018-02-18 14:00:00,18.91,64.9,4.78,2719.6
2018-02-18 15:00:00,17.4,62.1,11.08,2675.6
2018-02-18 16:00:00,11.73,72.2,2.43,2711.9
2018-02-18 17:00:00,11.45,70.7,7.67,2639.8
2018-02-18 18:00:00,8.86,64.2,11.5,2569.3
2018-02-18 19:00:00,6.13,65.8,6.37,2531.5
2018-02-18 20:00:00,9.64,78.6,4.93,2528.8
2018-02-18 21:00:00,6.41,64.6,2.62,2752.2
2018-02-18 22:00:00,7.65,71.9,2.91,2977.6
2018-02-18 23:00:00,2.9,66.6,3.91,3143.5
2018-02-19 00:00:00,4.35,53.6,7.81,3403.3
2018-02-19 01:00:00,5.99,57.4,19.79,3399.9
2018-02-19 02:00:00,6.13,70.3,2.45,3340.9
2018-02-19 03:00:00,6.12,72.7,7.09,3248.8
2018-02-19 04:00:00,1.91,73.7,9.7,3088.1
2018-02-19 05:00:00,7.75,75.0,4.87,2844.8
2018-02-19 06:00:00,4.25,71.7,4.72,2814.3
2018-02-19 07:00:00,8.66,58.9,1.15,2683.8
2018-02-19 08:00:00,8.02,70.3,5.48,2693.8
2018-02-19 09:00:00,5.64,68.8,4.55,2767.6
2018-02-19 10:00:00,9.32,59.9,3.59,2792.8
2018-02-19 11:00:00,11.99,66.2,6.17,2903.5
2018-02-19 12:00:00,13.44,61.9,2.02,2974.0
2018-02-19 13:00:00,12.19,57.4,2.39,2979.4
2018-02-19 14:00:00,16.77,57.2,5.57,2969.4
2018-02-19 15:00:00,15.6,70.8,13.01,3041.1
2018-02-19 16:00:00,12.3,73.2,4.16,2885.9
2018-02-19 17:00:00,14.42,62.0,4.89,2702.0
2018-02-19 18:00:00,16.74,59.1,4.76,2567.3
2018-02-19 19:00:00,15.98,47.8,1.94,2552.6
2018-02-19 20:00:00,7.04,80.1,3.76,2677.3
2018-02-19 21:00:00,6.76,74.9,5.37,2799.7
2018-02-19 22:00:00,11.76,68.6,5.28,2922.8
2018-02-19 23:00:00,4.43,50.3,6.53,3130.6
2018-02-20 00:00:00,3.12,69.8,1.86,3200.3
2018-02-20 01:00:00,4.58,67.3,2.81,3292.6
2018-02-20 02:00:00,6.45,72.3,0.89,3195.4
2018-02-20 03:00:00,5.0,64.4,11.74,3075.2
2018-02-20 04:00:00,3.77,67.1,3.35,2950.4
2018-02-20 05:00:00,4.11,73.7,5.78,2848.9
2018-02-20 06:00:00,4.65,62.1,4.67,2728.9
2018-02-20 07:00:00,5.06,63.4,0.35,2650.6
2018-02-20 08:00:00,13.93,62.4,1.54,2623.3
2018-02-20 09:00:00,10.0,74.7,4.52,2675.0
2018-02-20 10:00:00,12.51,68.5,7.02,2724.5
2018-02-20 11:00:00,10.04,72.6,6.63,2749.1
2018-02-20 12:00:00,11.62,63.2,1.34,2836.5
2018-02-20 13:00:00,10.94,75.2,1.93,2936.6
2018-02-20 14:00:00,6.49,52.9,6.21,3047.2
2018-02-20 15:00:00,9.81,80.3,6.59,2936.7
2018-02-20 16:00:00,8.6,82.3,1.26,2937.2
2018-02-20 17:00:00,7.1,70.0,6.19,2793.4
2018-02-20 18:00:00,9.1,71.4,4.49,2684.5
2018-02-20 19:00:00,14.57,60.0,3.86,2673.7
2018-02-20 20:00:00,10.18,62.2,13.28,2726.9
2018-02-20 21:00:00,12.49,57.1,4.17,2895.3
2018-02-20 22:00:00,9.25,64.2,3.02,3020.1
2018-02-20 23:00:00,9.22,69.1,8.16,3180.8
2018-02-21 00:00:00,4.36,71.9,7.93,3331.9
2018-02-21 01:00:00,7.29,82.1,11.31,3369.1
2018-02-21 02:00:00,7.4,66.9,7.56,3272.3
2018-02-21 03:00:00,4.0,56.9,7.35,3158.7
2018-02-21 04:00:00,6.98,79.6,4.78,2935.9
2018-02-21 05:00:00,7.39,56.3,18.64,2789.5
2018-02-21 06:00:00,5.24,63.3,2.03,2679.0
2018-02-21 07:00:00,4.63,70.5,6.72,2608.7
2018-02-21 08:00:00,5.45,71.0,1.83,2610.1
2018-02-21 09:00:00,9.66,52.7,4.77,2596.5
2018-02-21 10:00:00,11.29,57.0,4.67,2668.7
2018-02-21 11:00:00,9.46,52.6,4.76,2788.3
2018-02-21 12:00:00,12.34,67.1,0.81,2795.7
2018-02-21 13:00:00,14.33,70.0,3.34,2831.9
2018-02-21 14:00:00,14.85,50.3,20.92,2939.4
2018-02-21 15:00:00,17.32,66.1,5.18,2831.0
2018-02-21 16:00:00,16.5,66.2,9.38,2719.5
2018-02-21 17:00:00,10.4,58.4,6.18,2646.9
2018-02-21 18:00:00,16.48,43.0,17.26,2505.1
2018-02-21 19:00:00,10.11,55.3,6.23,2481.3
2018-02-21 20:00:00,13.09,56.8,5.2,2607.7
2018-02-21 21:00:00,9.61,76.6,1.45,2715.9
2018-02-21 22:00:00,7.38,65.2,1.52,2887.8
2018-02-21 23:00:00,2.92,61.6,2.9,3057.1
2018-02-22 00:00:00,6.37,68.1,4.07,3125.5
2018-02-22 01:00:00,2.26,59.8,1.67,3205.3
2018-02-22 02:00:00,8.18,69.6,5.16,3176.8
2018-02-22 03:00:00,9.42,56.6,5.02,3012.7
2018-02-22 04:00:00,3.77,62.3,14.42,2894.2
2018-02-22 05:00:00,6.92,69.5,15.82,2714.7
2018-02-22 06:00:00,4.98,82.0,8.17,2608.5
2018-02-22 07:00:00,6.05,84.7,8.34,2482.4
2018-02-22 08:00:00,10.53,55.3,10.48,2546.4
2018-02-22 09:00:00,9.53,59.6,6.26,2642.8
2018-02-22 10:00:00,15.01,64.1,10.87,2759.0
2018-02-22 11:00:00,10.42,73.0,1.32,2837.4
2018-02-22 12:00:00,14.95,42.7,8.98,2941.3
2018-02-22 13:00:00,13.33,62.0,1.76,2910.1
2018-02-22 14:00:00,15.48,55.7,2.0,2920.6
2018-02-22 15:00:00,12.51,46.6,10.39,2907.0
2018-02-22 16:00:00,13.36,50.6,2.65,2881.0
2018-02-22 17:00:00,12.8,57.2,2.06,2788.3
2018-02-22 18:00:00,10.36,64.2,6.58,2705.6
2018-02-22 19:00:00,13.28,69.4,2.42,2665.6
2018-02-22 20:00:00,12.29,65.0,2.07,2637.8
2018-02-22 21:00:00,11.11,70.7,1.17,2738.4
2018-02-22 22:00:00,12.43,62.3,3.24,2899.2
2018-02-22 23:00:00,11.25,57.4,8.11,3116.3
2018-02-23 00:00:00,6.04,65.7,8.98,3294.5
2018-02-23 01:00:00,7.28,71.7,3.91,3365.4
2018-02-23 02:00:00,4.39,76.8,14.22,3327.1
2018-02-23 03:00:00,5.87,66.1,6.86,3142.2
2018-02-23 04:00:00,4.45,61.0,10.53,3023.7
2018-02-23 05:00:00,10.4,66.4,2.93,2751.4
2018-02-23 06:00:00,7.89,69.5,3.65,2659.7
2018-02-23 07:00:00,7.26,76.0,4.1,2594.5
2018-02-23 08:00:00,11.76,57.2,3.61,2549.0
2018-02-23 09:00:00,4.38,63.2,0.41,2628.4
2018-02-23 10:00:00,5.81,73.4,4.96,2673.5
2018-02-23 11:00:00,13.8,57.7,6.19,2726.8
2018-02-23 12:00:00,12.79,58.2,5.9,2786.6
2018-02-23 13:00:00,13.9,70.9,15.29,2850.2
2018-02-23 14:00:00,10.36,52.7,16.11,2876.0
2018-02-23 15:00:00,13.75,77.4,0.82,2754.5
2018-02-23 16:00:00,18.68,52.2,12.41,2704.4
2018-02-23 17:00:00,15.33,66.7,14.71,2591.0
2018-02-23 18:00:00,13.06,60.7,0.54,2455.1
2018-02-23 19:00:00,10.71,65.6,7.89,2452.2
2018-02-23 20:00:00,9.86,62.0,5.06,2519.1
2018-02-23 21:00:00,4.49,75.3,14.2,2720.5
2018-02-23 22:00:00,9.42,61.7,13.57,2890.4
2018-02-23 23:00:00,9.92,59.5,26.41,3043.6
2018-02-24 00:00:00,3.23,83.9,8.1,2949.4
2018-02-24 01:00:00,4.88,68.3,7.07,2972.2
2018-02-24 02:00:00,3.24,64.0,2.41,2908.0
2018-02-24 03:00:00,3.58,57.2,3.17,2877.5
2018-02-24 04:00:00,6.27,81.9,7.33,2665.4
2018-02-24 05:00:00,1.32,66.5,3.04,2559.7
2018-02-24 06:00:00,8.7,81.5,5.04,2351.8
2018-02-24 07:00:00,9.88,67.3,0.96,2270.1
2018-02-24 08:00:00,8.33,66.5,5.32,2250.3
2018-02-24 09:00:00,3.8,70.3,0.63,2356.1
2018-02-24 10:00:00,8.54,82.9,10.27,2387.3
2018-02-24 11:00:00,15.08,42.4,5.54,2502.3
2018-02-24 12:00:00,5.88,69.0,2.84,2599.9
2018-02-24 13:00:00,12.59,59.8,4.29,2588.8
2018-02-24 14:00:00,10.91,61.6,3.08,2613.2
2018-02-24 15:00:00,16.01,60.4,2.27,2578.9
2018-02-24 16:00:00,12.17,60.1,3.44,2545.6
2018-02-24 17:00:00,14.47,61.9,3.47,2501.7
2018-02-24 18:00:00,14.24,60.4,3.94,2401.5
2018-02-24 19:00:00,16.59,48.2,0.36,2316.8
2018-02-24 20:00:00,10.52,66.6,10.84,2352.2
2018-02-24 21:00:00,10.94,69.0,10.99,2485.3
2018-02-24 22:00:00,5.25,63.5,4.71,2655.3
2018-02-24 23:00:00,10.97,78.2,16.63,2781.1
2018-02-25 00:00:00,5.46,78.3,3.66,2892.3
2018-02-25 01:00:00,5.32,74.5,5.21,2952.0
2018-02-25 02:00:00,6.27,73.6,7.0,2833.9
2018-02-25 03:00:00,2.28,70.4,5.1,2727.8
2018-02-25 04:00:00,6.89,75.6,2.85,2516.5
2018-02-25 05:00:00,9.14,77.3,4.92,2305.5
2018-02-25 06:00:00,8.09,72.0,1.31,2242.3
2018-02-25 07:00:00,4.21,64.1,2.28,2224.1
2018-02-25 08:00:00,8.84,64.6,9.39,2281.7
2018-02-25 09:00:00,12.04,67.0,23.31,2389.7
2018-02-25 10:00:00,6.53,73.5,2.76,2542.5
2018-02-25 11:00:00,9.5,63.8,4.14,2582.7
2018-02-25 12:00:00,15.21,55.3,3.94,2645.3
2018-02-25 13:00:00,14.32,73.2,5.81,2670.5
2018-02-25 14:00:00,15.08,51.4,10.22,2693.9
2018-02-25 15:00:00,18.83,49.4,5.39,2716.6
2018-02-25 16:00:00,15.22,49.2,1.38,2584.7
2018-02-25 17:00:00,15.29,52.2,2.96,2494.8
2018-02-25 18:00:00,19.79,66.1,6.42,2328.4
2018-02-25 19:00:00,11.65,72.9,3.58,2276.9
2018-02-25 20:00:00,9.23,64.0,3.7,2329.3
2018-02-25 21:00:00,11.25,67.0,3.78,2463.5
2018-02-25 22:00:00,10.25,63.7,4.63,2670.2
2018-02-25 23:00:00,6.87,57.0,2.13,2929.5
2018-02-26 00:00:00,4.97,85.8,9.26,3250.6
2018-02-26 01:00:00,12.69,72.8,1.37,3261.1
2018-02-26 02:00:00,7.33,69.0,6.32,3279.7
2018-02-26 03:00:00,4.54,61.5,3.12,3128.7
2018-02-26 04:00:00,8.8,63.2,5.08,2881.1
2018-02-26 05:00:00,6.64,61.2,12.12,2753.9
2018-02-26 06:00:00,6.91,67.2,11.93,2647.1
2018-02-26 07:00:00,9.78,66.7,10.04,2578.0
2018-02-26 08:00:00,6.11,64.4,13.6,2696.0
2018-02-26 09:00:00,11.26,51.4,20.89,2801.2
2018-02-26 10:00:00,16.19,76.1,9.29,2838.2
2018-02-26 11:00:00,13.54,63.1,7.0,2985.8
2018-02-26 12:00:00,12.26,65.8,2.15,3005.0
2018-02-26 13:00:00,12.57,58.6,7.89,3054.2
2018-02-26 14:00:00,13.21,48.9,5.29,2997.3
2018-02-26 15:00:00,13.74,60.3,15.5,2914.3
2018-02-26 16:00:00,13.29,58.8,8.72,2819.5
2018-02-26 17:00:00,16.13,64.8,1.73,2750.6
2018-02-26 18:00:00,8.87,72.2,6.16,2674.6
2018-02-26 19:00:00,14.53,66.5,9.52,2552.8
2018-02-26 20:00:00,10.46,71.5,5.22,2545.8
2018-02-26 21:00:00,11.32,77.4,20.5,2612.8
2018-02-26 22:00:00,6.52,69.9,8.48,2858.2
2018-02-26 23:00:00,11.7,71.4,2.22,3022.4
2018-02-27 00:00:00,10.85,67.3,2.07,3157.5
2018-02-27 01:00:00,9.5,49.2,2.53,3202.7
2018-02-27 02:00:00,2.92,68.4,3.27,3170.5
2018-02-27 03:00:00,8.64,58.1,5.02,2982.1
2018-02-27 04:00:00,7.71,67.7,6.49,2882.5
2018-02-27 05:00:00,3.09,63.2,12.13,2798.8
2018-02-27 06:00:00,7.68,70.7,9.32,2606.2
2018-02-27 07:00:00,9.48,72.3,3.78,2547.5
2018-02-27 08:00:00,10.92,72.9,3.81,2545.5
2018-02-27 09:00:00,11.01,76.1,8.97,2646.0
2018-02-27 10:00:00,12.33,48.7,3.24,2676.5
2018-02-27 11:00:00,16.25,49.4,7.38,2762.6
2018-02-27 12:00:00,16.46,82.3,1.2,2815.2
2018-02-27 13:00:00,6.86,74.6,6.7,2862.3
2018-02-27 14:00:00,13.64,62.9,6.05,2857.1
2018-02-27 15:00:00,14.15,60.9,3.28,2821.0
2018-02-27 16:00:00,10.05,63.5,1.55,2782.5
2018-02-27 17:00:00,14.27,45.1,1.32,2665.8
2018-02-27 18:00:00,16.52,52.6,5.72,2535.0
2018-02-27 19:00:00,9.85,63.2,6.44,2502.3
2018-02-27 20:00:00,12.44,56.3,0.69,2564.4
2018-02-27 21:00:00,8.28,60.7,0.66,2738.9
2018-02-27 22:00:00,7.85,86.2,1.87,2916.7
2018-02-27 23:00:00,12.26,60.2,2.12,3110.8
2018-02-28 00:00:00,6.57,69.0,2.66,3207.5
2018-02-28 01:00:00,8.45,67.2,5.75,3260.6
2018-02-28 02:00:00,2.22,74.9,10.08,3270.4
2018-02-28 03:00:00,11.41,59.1,10.19,3022.5
2018-02-28 04:00:00,8.4,75.3,7.96,2905.6
2018-02-28 05:00:00,6.84,70.1,9.87,2776.0
2018-02-28 06:00:00,9.37,54.2,2.21,2699.1
2018-02-28 07:00:00,5.23,67.0,7.81,2665.1
2018-02-28 08:00:00,12.68,60.5,8.56,2606.8
2018-02-28 09:00:00,9.95,62.3,1.05,2684.8
2018-02-28 10:00:00,11.28,67.0,12.23,2753.5
2018-02-28 11:00:00,11.53,67.9,8.85,2762.7
2018-02-28 12:00:00,12.14,66.4,2.96,2903.3
2018-02-28 13:00:00,15.96,61.9,0.84,3006.6
2018-02-28 14:00:00,15.26,60.5,5.64,3005.2
2018-02-28 15:00:00,16.39,41.7,3.77,2927.8
2018-02-28 16:00:00,14.6,66.5,1.49,2816.4
2018-02-28 17:00:00,15.51,63.5,4.95,2729.1
2018-02-28 18:00:00,12.54,54.1,3.3,2693.1
2018-02-28 19:00:00,18.33,59.6,8.89,2748.8
2018-02-28 20:00:00,7.87,70.9,0.63,2773.8
2018-02-28 21:00:00,13.91,70.2,9.55,2842.5
2018-02-28 22:00:00,13.14,65.6,4.67,2998.2
2018-02-28 23:00:00,6.63,69.3,7.87,3214.2
2018-03-01 00:00:00,13.7,68.6,12.94,3251.3
2018-03-01 01:00:00,9.98,61.6,6.57,3217.5
2018-03-01 02:00:00,9.52,67.7,9.44,3141.1
2018-03-01 03:00:00,7.02,61.4,1.18,3034.0
2018-03-01 04:00:00,6.55,75.6,1.33,2934.8
2018-03-01 05:00:00,6.96,53.6,3.72,2727.5
2018-03-01 06:00:00,9.1,71.3,2.81,2655.2
2018-03-01 07:00:00,12.46,62.2,6.97,2604.4
2018-03-01 08:00:00,10.37,71.4,6.97,2612.6
2018-03-01 09:00:00,8.67,58.8,11.04,2617.9
2018-03-01 10:00:00,14.05,61.5,4.64,2698.3
2018-03-01 11:00:00,15.26,60.3,1.18,2783.8
2018-03-01 12:00:00,15.42,63.1,11.12,2936.6
2018-03-01 13:00:00,16.28,50.6,10.75,2954.0
2018-03-01 14:00:00,14.14,65.8,3.77,3014.5
2018-03-01 15:00:00,12.63,47.1,10.97,2950.4
2018-03-01 16:00:00,12.65,56.5,1.04,2848.0
2018-03-01 17:00:00,10.33,51.2,4.0,2672.7
2018-03-01 18:00:00,14.37,67.1,1.81,2633.2
2018-03-01 19:00:00,12.74,65.0,9.27,2597.0
2018-03-01 20:00:00,10.89,66.9,2.86,2634.9
2018-03-01 21:00:00,3.56,80.9,10.1,2808.9
2018-03-01 22:00:00,6.8,64.0,1.67,2962.5
2018-03-01 23:00:00,11.75,67.5,18.21,3077.5
2018-03-02 00:00:00,6.66,67.2,3.7,3248.8
2018-03-02 01:00:00,8.58,64.4,3.38,3216.7
2018-03-02 02:00:00,3.81,79.4,8.79,3189.1
2018-03-02 03:00:00,10.74,80.1,6.56,3003.4
2018-03-02 04:00:00,6.92,63.0,3.73,2917.5
2018-03-02 05:00:00,8.41,71.9,3.29,2752.7
2018-03-02 06:00:00,14.13,63.2,14.61,2686.0
2018-03-02 07:00:00,12.94,64.3,4.43,2641.2
2018-03-02 08:00:00,9.35,66.5,4.57,2622.3
2018-03-02 09:00:00,9.66,61.6,1.67,2755.4
2018-03-02 10:00:00,11.37,34.2,12.51,2802.7
2018-03-02 11:00:00,14.42,72.7,2.19,2898.9
2018-03-02 12:00:00,13.71,55.5,1.99,2918.4
2018-03-02 13:00:00,13.62,59.2,9.6,2969.1
2018-03-02 14:00:00,18.68,55.3,0.1,2978.4
2018-03-02 15:00:00,14.86,53.8,5.55,2931.4
2018-03-02 16:00:00,20.76,57.3,3.37,2926.1
2018-03-02 17:00:00,14.84,59.8,4.1,2823.0
2018-03-02 18:00:00,18.44,51.5,2.26,2699.5
2018-03-02 19:00:00,14.04,62.0,2.82,2710.3
2018-03-02 20:00:00,14.59,60.1,0.69,2658.4
2018-03-02 21:00:00,9.34,72.0,8.8,2723.8
2018-03-02 22:00:00,7.98,54.9,3.75,2952.7
2018-03-02 23:00:00,10.3,57.3,10.11,3116.2
2018-03-03 00:00:00,10.99,69.0,19.83,2957.9
2018-03-03 01:00:00,7.98,60.5,1.72,3019.6
2018-03-03 02:00:00,4.26,61.4,7.56,3021.8
2018-03-03 03:00:00,3.94,64.1,1.94,2825.5
2018-03-03 04:00:00,3.91,68.1,2.51,2647.0
2018-03-03 05:00:00,3.46,68.5,4.4,2501.7
2018-03-03 06:00:00,8.79,63.3,17.72,2365.1
2018-03-03 07:00:00,12.16,54.0,3.51,2346.4
2018-03-03 08:00:00,10.27,70.0,4.3,2285.8
2018-03-03 09:00:00,5.69,78.1,5.56,2414.8
2018-03-03 10:00:00,11.9,47.2,4.23,2369.7
2018-03-03 11:00:00,12.94,49.2,1.72,2453.4
2018-03-03 12:00:00,19.41,64.5,10.71,2484.3
2018-03-03 13:00:00,11.16,75.6,3.21,2549.0
2018-03-03 14:00:00,14.23,43.6,1.15,2596.2
2018-03-03 15:00:00,19.61,62.8,5.95,2570.7
2018-03-03 16:00:00,16.33,72.0,11.19,2474.2
2018-03-03 17:00:00,16.22,52.1,2.24,2331.0
2018-03-03 18:00:00,14.46,73.1,3.79,2256.7
2018-03-03 19:00:00,14.17,59.2,4.54,2216.5
2018-03-03 20:00:00,14.32,63.1,2.99,2286.6
2018-03-03 21:00:00,9.32,58.8,4.67,2411.0
2018-03-03 22:00:00,12.5,70.0,14.26,2649.3
2018-03-03 23:00:00,5.91,73.9,4.75,2871.1
2018-03-04 00:00:00,9.53,78.2,6.93,2989.9
2018-03-04 01:00:00,8.52,76.7,3.39,3001.3
2018-03-04 02:00:00,6.14,67.0,5.83,2978.3
2018-03-04 03:00:00,7.48,90.9,6.4,2835.7
2018-03-04 04:00:00,6.12,77.9,8.41,2639.4
2018-03-04 05:00:00,5.4,72.0,3.11,2432.6
2018-03-04 06:00:00,7.83,57.8,3.93,2370.4
2018-03-04 07:00:00,6.78,54.3,9.04,2331.7
2018-03-04 08:00:00,11.31,51.4,3.36,2298.3
2018-03-04 09:00:00,8.67,57.6,1.71,2361.7
2018-03-04 10:00:00,14.36,71.5,3.0,2387.7
2018-03-04 11:00:00,10.59,67.4,8.83,2494.8
2018-03-04 12:00:00,12.95,56.7,9.8,2560.8
2018-03-04 13:00:00,13.44,60.2,7.72,2607.7
2018-03-04 14:00:00,18.72,55.0,10.95,2664.4
2018-03-04 15:00:00,16.37,65.3,13.51,2629.9
2018-03-04 16:00:00,14.87,53.1,8.03,2613.0
2018-03-04 17:00:00,16.25,61.8,4.22,2500.3
2018-03-04 18:00:00,9.1,67.1,1.24,2350.2
2018-03-04 19:00:00,13.43,54.5,1.59,2268.7
2018-03-04 20:00:00,17.57,70.6,2.37,2287.8
2018-03-04 21:00:00,11.87,60.1,10.07,2426.4
2018-03-04 22:00:00,10.68,55.5,2.53,2672.4
2018-03-04 23:00:00,10.91,70.1,2.51,2855.0
2018-03-05 00:00:00,11.15,63.5,2.75,3209.8
2018-03-05 01:00:00,3.28,72.6,4.66,3289.3
2018-03-05 02:00:00,3.67,59.6,5.95,3232.6
2018-03-05 03:00:00,8.26,71.9,5.94,3051.6
2018-03-05 04:00:00,6.09,84.5,2.83,2926.0
2018-03-05 05:00:00,11.55,52.7,9.61,2698.6
2018-03-05 06:00:00,8.12,68.3,4.39,2708.8
2018-03-05 07:00:00,4.9,61.8,8.69,2680.7
2018-03-05 08:00:00,7.53,87.5,4.89,2640.9
2018-03-05 09:00:00,4.86,78.0,2.74,2766.7
2018-03-05 10:00:00,12.19,64.5,3.47,2810.5
2018-03-05 11:00:00,13.27,51.6,2.26,2840.2
2018-03-05 12:00:00,13.51,53.3,1.1,2918.8
2018-03-05 13:00:00,17.9,63.7,5.35,2929.8
2018-03-05 14:00:00,18.6,46.2,1.95,2946.3
2018-03-05 15:00:00,15.31,49.1,1.41,2911.8
2018-03-05 16:00:00,10.27,63.9,8.38,2928.4
2018-03-05 17:00:00,16.75,59.7,11.44,2861.7
2018-03-05 18:00:00,15.96,62.3,2.52,2788.3
2018-03-05 19:00:00,14.51,56.9,31.64,2751.7
2018-03-05 20:00:00,15.23,67.2,8.2,2714.2
2018-03-05 21:00:00,8.83,58.0,5.31,2840.4
2018-03-05 22:00:00,15.73,64.4,0.69,2972.8
2018-03-05 23:00:00,7.34,67.8,6.85,3164.3
2018-03-06 00:00:00,10.98,68.0,1.73,3249.5
2018-03-06 01:00:00,4.26,78.1,2.0,3256.3
2018-03-06 02:00:00,5.75,63.8,7.38,3158.2
2018-03-06 03:00:00,11.73,57.3,16.68,2976.6
2018-03-06 04:00:00,7.42,52.6,5.5,2868.2
2018-03-06 05:00:00,10.57,47.4,9.54,2657.0
2018-03-06 06:00:00,9.7,62.8,16.47,2535.5
2018-03-06 07:00:00,9.68,63.4,1.09,2477.9
2018-03-06 08:00:00,14.31,51.9,7.46,2496.6
2018-03-06 09:00:00,11.35,56.0,11.71,2520.2
2018-03-06 10:00:00,8.52,77.4,10.47,2675.8
2018-03-06 11:00:00,11.93,69.5,11.12,2769.4
2018-03-06 12:00:00,16.14,49.0,3.12,2939.4
2018-03-06 13:00:00,16.39,55.3,6.11,2942.6
2018-03-06 14:00:00,11.88,65.7,11.81,2974.3
2018-03-06 15:00:00,14.13,55.7,7.27,2877.1
2018-03-06 16:00:00,14.35,54.1,1.52,2855.3
2018-03-06 17:00:00,14.49,57.7,1.83,2734.7
2018-03-06 18:00:00,11.33,71.7,10.69,2633.7
2018-03-06 19:00:00,12.37,71.6,0.22,2640.1
2018-03-06 20:00:00,11.15,57.2,7.61,2717.5
2018-03-06 21:00:00,13.87,64.6,8.69,2784.3
2018-03-06 22:00:00,12.93,61.6,6.63,2947.8
2018-03-06 23:00:00,9.57,56.3,8.73,3179.2
2018-03-07 00:00:00,8.33,63.0,8.67,3279.1
2018-03-07 01:00:00,9.02,54.7,0.35,3299.7
2018-03-07 02:00:00,6.23,76.3,0.76,3263.2
2018-03-07 03:00:00,5.27,80.2,2.55,3167.9
2018-03-07 04:00:00,5.92,64.0,6.61,2994.6
2018-03-07 05:00:00,7.09,61.1,6.09,2802.0
2018-03-07 06:00:00,6.4,75.3,1.88,2619.4
2018-03-07 07:00:00,10.54,73.3,12.24,2579.8
2018-03-07 08:00:00,12.93,52.7,19.55,2605.0
2018-03-07 09:00:00,8.17,64.3,8.67,2746.1
2018-03-07 10:00:00,13.24,60.9,6.01,2806.9
2018-03-07 11:00:00,13.59,55.0,6.69,2839.1
2018-03-07 12:00:00,15.82,62.4,2.78,2839.6
2018-03-07 13:00:00,15.57,53.9,1.44,2871.5
2018-03-07 14:00:00,12.37,57.8,9.72,2893.4
2018-03-07 15:00:00,12.98,60.8,8.61,2860.4
2018-03-07 16:00:00,16.08,47.2,9.8,2731.3
2018-03-07 17:00:00,18.17,41.0,6.43,2525.9
2018-03-07 18:00:00,9.43,71.8,1.33,2426.4
2018-03-07 19:00:00,15.0,54.1,1.24,2309.9
2018-03-07 20:00:00,16.15,76.2,1.93,2348.3
2018-03-07 21:00:00,11.76,78.4,13.44,2518.8
2018-03-07 22:00:00,12.48,58.0,1.13,2783.6
2018-03-07 23:00:00,8.38,84.0,4.3,2896.0
2018-03-08 00:00:00,9.21,72.1,3.05,2992.5
2018-03-08 01:00:00,4.82,63.0,1.29,3108.6
2018-03-08 02:00:00,2.61,49.3,7.03,3061.1
2018-03-08 03:00:00,10.7,68.9,13.74,2867.6
2018-03-08 04:00:00,6.01,67.4,4.62,2766.5
2018-03-08 05:00:00,7.74,69.3,0.92,2595.0
2018-03-08 06:00:00,6.04,65.3,3.71,2578.7
2018-03-08 07:00:00,6.81,57.4,2.89,2642.4
2018-03-08 08:00:00,10.87,59.9,3.73,2580.9
2018-03-08 09:00:00,10.51,69.2,4.09,2672.8
2018-03-08 10:00:00,14.32,57.7,15.33,2820.8
2018-03-08 11:00:00,15.47,56.7,6.73,2930.9
2018-03-08 12:00:00,15.97,47.1,6.67,2939.4
2018-03-08 13:00:00,16.4,59.6,2.84,2949.5
2018-03-08 14:00:00,20.15,47.0,9.49,2875.2
2018-03-08 15:00:00,13.67,68.4,10.35,2817.4
2018-03-08 16:00:00,16.07,53.3,7.74,2723.0
2018-03-08 17:00:00,18.63,54.7,7.22,2648.0
2018-03-08 18:00:00,18.33,74.6,1.23,2516.7
2018-03-08 19:00:00,10.78,60.9,6.5,2491.4
2018-03-08 20:00:00,12.59,58.4,12.88,2549.6
2018-03-08 21:00:00,15.73,64.1,6.74,2661.0
2018-03-08 22:00:00,12.57,47.7,8.58,2879.6
2018-03-08 23:00:00,10.83,73.3,3.75,3040.6
2018-03-09 00:00:00,9.17,72.6,2.64,3183.0
2018-03-09 01:00:00,8.12,69.7,1.72,3168.9
2018-03-09 02:00:00,9.4,37.5,11.45,3058.7
2018-03-09 03:00:00,7.91,63.6,4.43,2975.5
2018-03-09 04:00:00,8.57,55.0,10.43,2732.3
2018-03-09 05:00:00,9.27,73.6,3.36,2618.2
2018-03-09 06:00:00,8.02,74.0,10.93,2529.9
2018-03-09 07:00:00,11.87,65.6,5.19,2406.8
2018-03-09 08:00:00,18.79,47.3,3.72,2432.1
2018-03-09 09:00:00,8.1,77.5,3.75,2557.0
2018-03-09 10:00:00,14.39,58.4,9.24,2713.6
2018-03-09 11:00:00,12.64,76.3,6.73,2855.8
2018-03-09 12:00:00,16.81,60.7,9.28,2865.3
2018-03-09 13:00:00,16.12,63.2,12.76,2931.0
2018-03-09 14:00:00,18.31,53.7,4.17,2910.3
2018-03-09 15:00:00,19.48,67.7,7.84,2845.0
2018-03-09 16:00:00,16.89,63.4,4.64,2807.6
2018-03-09 17:00:00,18.83,68.5,3.5,2710.1
2018-03-09 18:00:00,9.51,65.8,6.8,2628.5
2018-03-09 19:00:00,18.52,56.8,1.22,2511.6
2018-03-09 20:00:00,14.51,65.2,9.98,2519.2
2018-03-09 21:00:00,15.24,71.4,6.23,2617.2
2018-03-09 22:00:00,8.46,73.4,2.75,2844.1
2018-03-09 23:00:00,8.46,66.3,6.34,3059.5
2018-03-10 00:00:00,10.28,48.9,0.85,2983.4
2018-03-10 01:00:00,9.24,71.1,1.67,2971.3
2018-03-10 02:00:00,9.59,52.8,1.68,2961.8
2018-03-10 03:00:00,11.45,63.1,1.5,2786.8
2018-03-10 04:00:00,4.47,67.5,4.26,2662.6
2018-03-10 05:00:00,11.71,51.3,6.32,2444.0
2018-03-10 06:00:00,9.94,67.0,24.51,2353.9
2018-03-10 07:00:00,10.23,81.0,11.08,2344.5
2018-03-10 08:00:00,8.03,63.1,0.6,2420.0
2018-03-10 09:00:00,14.0,66.9,15.6,2433.7
2018-03-10 10:00:00,7.74,84.7,2.78,2520.7
2018-03-10 11:00:00,16.36,65.8,7.42,2523.5
2018-03-10 12:00:00,11.84,57.4,4.36,2609.0
2018-03-10 13:00:00,16.34,60.8,16.29,2653.7
2018-03-10 14:00:00,16.31,62.8,10.42,2623.3
2018-03-10 15:00:00,19.67,67.7,14.71,2537.6
2018-03-10 16:00:00,16.16,68.8,7.72,2474.5
2018-03-10 17:00:00,14.47,38.3,3.35,2432.0
2018-03-10 18:00:00,14.3,53.7,8.57,2403.3
2018-03-10 19:00:00,17.93,57.1,12.76,2301.6
2018-03-10 20:00:00,15.12,51.8,2.39,2378.6
2018-03-10 21:00:00,11.78,33.0,7.02,2527.5
2018-03-10 22:00:00,11.12,57.3,9.61,2749.2
2018-03-10 23:00:00,6.82,66.5,3.09,2959.9
2018-03-11 00:00:00,11.09,58.9,3.77,3013.9
2018-03-11 01:00:00,5.08,60.0,4.68,3107.2
2018-03-11 02:00:00,10.96,63.6,7.07,2863.8
2018-03-11 03:00:00,9.27,67.3,5.2,2684.5
2018-03-11 04:00:00,15.05,56.2,5.63,2475.5
2018-03-11 05:00:00,6.73,77.6,17.5,2341.8
2018-03-11 06:00:00,9.86,64.6,5.04,2168.4
2018-03-11 07:00:00,15.44,52.7,13.97,2135.2
2018-03-11 08:00:00,14.89,51.1,22.86,2158.1
2018-03-11 09:00:00,11.21,61.3,2.59,2226.5
2018-03-11 10:00:00,14.54,69.3,10.63,2329.1
2018-03-11 11:00:00,14.95,53.4,3.54,2365.6
2018-03-11 12:00:00,16.48,63.6,10.29,2429.0
2018-03-11 13:00:00,14.66,61.0,3.44,2485.8
2018-03-11 14:00:00,16.59,74.7,0.52,2436.9
2018-03-11 15:00:00,12.95,64.8,9.21,2425.3
2018-03-11 16:00:00,17.15,52.7,5.76,2381.5
2018-03-11 17:00:00,17.54,63.9,13.11,2330.4
2018-03-11 18:00:00,15.21,66.0,3.4,2200.1
2018-03-11 19:00:00,10.91,60.1,5.0,2173.9
2018-03-11 20:00:00,16.45,49.5,3.25,2281.7
2018-03-11 21:00:00,13.86,65.2,1.62,2343.1
2018-03-11 22:00:00,10.1,64.4,6.87,2536.2
2018-03-11 23:00:00,10.24,51.7,5.02,2666.6
2018-03-12 00:00:00,6.57,68.8,0.81,3071.3
2018-03-12 01:00:00,7.12,61.2,13.43,3079.7
2018-03-12 02:00:00,7.94,53.5,5.54,3033.3
2018-03-12 03:00:00,12.22,59.4,3.16,2868.5
2018-03-12 04:00:00,7.69,76.1,9.3,2681.8
2018-03-12 05:00:00,11.29,72.6,11.3,2589.5
2018-03-12 06:00:00,8.98,72.4,1.79,2520.4
2018-03-12 07:00:00,11.77,64.7,1.52,2525.8
2018-03-12 08:00:00,11.76,67.4,3.77,2505.3
2018-03-12 09:00:00,15.33,60.5,7.21,2553.3
2018-03-12 10:00:00,12.85,52.9,15.08,2672.4
2018-03-12 11:00:00,11.22,55.8,0.2,2714.3
2018-03-12 12:00:00,12.52,57.1,18.3,2780.2
2018-03-12 13:00:00,15.28,71.0,5.99,2822.2
2018-03-12 14:00:00,13.89,69.5,12.74,2739.3
2018-03-12 15:00:00,18.18,48.8,12.12,2719.5
2018-03-12 16:00:00,15.85,59.7,5.02,2642.1
2018-03-12 17:00:00,22.55,50.7,3.7,2555.5
2018-03-12 18:00:00,11.63,61.5,7.6,2449.2
2018-03-12 19:00:00,15.66,55.2,6.11,2377.0
2018-03-12 20:00:00,11.36,74.2,3.01,2409.1
2018-03-12 21:00:00,11.92,62.3,5.03,2536.6
2018-03-12 22:00:00,12.47,63.8,4.02,2762.1
2018-03-12 23:00:00,5.34,69.5,5.41,2980.6
2018-03-13 00:00:00,11.12,54.9,11.29,3072.7
2018-03-13 01:00:00,14.65,61.2,3.99,3120.9
2018-03-13 02:00:00,8.36,73.8,6.59,3051.3
2018-03-13 03:00:00,10.0,75.8,4.95,2937.4
2018-03-13 04:00:00,12.05,53.2,4.91,2752.7
2018-03-13 05:00:00,9.48,52.3,4.34,2590.6
2018-03-13 06:00:00,9.07,65.2,7.76,2552.4
2018-03-13 07:00:00,5.66,76.3,0.31,2562.5
2018-03-13 08:00:00,13.92,63.7,7.86,2447.2
2018-03-13 09:00:00,13.07,67.0,6.27,2412.6
2018-03-13 10:00:00,11.86,51.6,5.96,2575.9
2018-03-13 11:00:00,15.67,54.9,8.71,2665.0
2018-03-13 12:00:00,14.72,42.7,0.94,2730.9
2018-03-13 13:00:00,15.5,58.5,11.02,2693.5
2018-03-13 14:00:00,18.73,39.7,4.23,2718.0
2018-03-13 15:00:00,14.01,71.5,4.03,2661.2
2018-03-13 16:00:00,19.84,68.6,2.44,2596.1
2018-03-13 17:00:00,13.32,62.5,2.74,2489.6
2018-03-13 18:00:00,14.53,48.3,0.89,2412.8
2018-03-13 19:00:00,20.16,58.9,5.58,2404.8
2018-03-13 20:00:00,17.21,73.1,3.37,2479.5
2018-03-13 21:00:00,13.6,64.9,9.79,2614.3
2018-03-13 22:00:00,9.97,73.5,6.86,2807.8
2018-03-13 23:00:00,10.03,60.1,6.12,2922.9
2018-03-14 00:00:00,10.91,56.3,3.69,3054.9
2018-03-14 01:00:00,10.19,63.3,4.52,3105.3
2018-03-14 02:00:00,9.47,49.0,14.74,3044.8
2018-03-14 03:00:00,9.48,82.5,3.64,2966.4
2018-03-14 04:00:00,9.16,65.8,0.24,2785.1
2018-03-14 05:00:00,6.49,73.7,4.36,2609.7
2018-03-14 06:00:00,9.44,60.8,2.15,2494.7
2018-03-14 07:00:00,13.85,48.6,4.07,2444.1
2018-03-14 08:00:00,9.1,76.1,5.36,2418.4
2018-03-14 09:00:00,13.08,52.5,2.19,2474.0
2018-03-14 10:00:00,12.54,64.8,0.82,2622.8
2018-03-14 11:00:00,15.84,62.9,4.43,2686.1
2018-03-14 12:00:00,15.42,60.3,13.38,2798.5
2018-03-14 13:00:00,20.72,49.2,5.14,2867.8
2018-03-14 14:00:00,18.69,55.9,6.41,2966.0
2018-03-14 15:00:00,14.28,53.0,3.9,2931.7
2018-03-14 16:00:00,19.1,63.2,7.28,2841.1
2018-03-14 17:00:00,15.09,64.5,8.79,2729.9
2018-03-14 18:00:00,14.94,59.9,11.69,2639.1
2018-03-14 19:00:00,16.34,54.4,14.16,2578.4
2018-03-14 20:00:00,13.36,78.2,6.73,2591.1
2018-03-14 21:00:00,15.79,49.0,11.92,2729.6
2018-03-14 22:00:00,10.59,51.2,9.83,2875.3
2018-03-14 23:00:00,10.01,63.3,7.42,2976.6
2018-03-15 00:00:00,9.29,62.5,5.05,3057.8
2018-03-15 01:00:00,8.89,73.7,0.57,3169.9
2018-03-15 02:00:00,12.65,67.1,19.96,3074.6
2018-03-15 03:00:00,11.34,63.2,5.65,2961.7
2018-03-15 04:00:00,14.17,64.7,3.57,2759.2
2018-03-15 05:00:00,15.97,63.1,3.58,2647.6
2018-03-15 06:00:00,8.36,82.1,8.71,2583.0
2018-03-15 07:00:00,11.94,64.5,1.71,2612.0
2018-03-15 08:00:00,9.79,58.7,13.35,2675.2
2018-03-15 09:00:00,11.82,64.1,6.66,2739.1
2018-03-15 10:00:00,13.22,40.5,2.96,2764.9
2018-03-15 11:00:00,13.12,61.2,7.87,2774.0
2018-03-15 12:00:00,13.96,69.6,9.25,2823.5
2018-03-15 13:00:00,16.87,63.3,2.85,2860.5
2018-03-15 14:00:00,14.59,62.7,7.67,2848.1
2018-03-15 15:00:00,19.87,61.3,3.93,2840.9
2018-03-15 16:00:00,15.33,68.6,4.0,2763.3
2018-03-15 17:00:00,24.25,64.0,4.35,2682.4
2018-03-15 18:00:00,15.46,63.2,0.3,2628.4
2018-03-15 19:00:00,15.94,56.7,11.05,2583.2
2018-03-15 20:00:00,11.56,44.2,4.07,2560.7
2018-03-15 21:00:00,18.03,65.4,3.95,2725.6
2018-03-15 22:00:00,15.53,63.7,12.13,2904.9
2018-03-15 23:00:00,12.51,63.2,7.11,3064.9
2018-03-16 00:00:00,7.77,60.3,2.57,3161.5
2018-03-16 01:00:00,11.03,70.9,6.4,3217.9
2018-03-16 02:00:00,7.3,64.1,7.28,3231.6
2018-03-16 03:00:00,13.63,60.8,4.54,3013.9
2018-03-16 04:00:00,12.13,61.8,16.51,2842.7
2018-03-16 05:00:00,10.74,67.0,4.39,2699.9
2018-03-16 06:00:00,5.05,58.8,5.19,2574.1
2018-03-16 07:00:00,9.51,68.9,5.35,2499.1
2018-03-16 08:00:00,14.65,54.5,8.83,2450.0
2018-03-16 09:00:00,17.0,52.9,2.34,2518.7
2018-03-16 10:00:00,17.78,64.9,9.66,2690.9
2018-03-16 11:00:00,11.99,54.4,21.28,2699.5
2018-03-16 12:00:00,17.55,65.0,1.34,2840.2
2018-03-16 13:00:00,19.97,56.8,2.5,2944.3
2018-03-16 14:00:00,13.69,47.9,1.13,2934.8
2018-03-16 15:00:00,17.95,68.6,0.46,2906.4
2018-03-16 16:00:00,18.52,59.7,2.43,2803.8
2018-03-16 17:00:00,16.68,61.8,2.59,2675.4
2018-03-16 18:00:00,12.17,70.3,9.29,2588.5
2018-03-16 19:00:00,15.15,71.9,11.91,2513.4
2018-03-16 20:00:00,14.19,62.3,6.37,2573.9
2018-03-16 21:00:00,13.6,66.1,10.92,2696.8
2018-03-16 22:00:00,11.53,65.7,8.72,2828.7
2018-03-16 23:00:00,10.86,60.6,3.1,3038.8
2018-03-17 00:00:00,11.25,50.3,6.97,2934.0
2018-03-17 01:00:00,11.82,64.3,2.15,2999.7
2018-03-17 02:00:00,9.55,75.4,5.19,2898.7
2018-03-17 03:00:00,9.15,69.3,6.09,2788.5
2018-03-17 04:00:00,10.54,55.0,8.01,2680.5
2018-03-17 05:00:00,5.91,76.1,15.32,2548.4
2018-03-17 06:00:00,12.54,59.5,1.61,2397.3
2018-03-17 07:00:00,12.17,45.5,5.08,2376.7
2018-03-17 08:00:00,13.24,69.6,13.48,2295.0
2018-03-17 09:00:00,16.58,51.2,2.9,2294.8
2018-03-17 10:00:00,10.33,78.0,2.25,2350.0
2018-03-17 11:00:00,11.24,72.2,8.59,2415.8
2018-03-17 12:00:00,17.69,56.0,7.66,2490.4
2018-03-17 13:00:00,17.62,61.6,1.15,2548.4
2018-03-17 14:00:00,18.46,76.6,3.3,2505.4
2018-03-17 15:00:00,17.02,66.4,1.92,2528.7
2018-03-17 16:00:00,19.7,58.1,1.93,2469.3
2018-03-17 17:00:00,19.97,79.1,7.26,2373.2
2018-03-17 18:00:00,18.21,58.4,7.24,2305.0
2018-03-17 19:00:00,15.52,64.2,5.11,2240.6
2018-03-17 20:00:00,9.94,56.6,1.59,2276.0
2018-03-17 21:00:00,16.1,45.7,1.99,2359.9
2018-03-17 22:00:00,16.19,56.7,6.81,2458.7
2018-03-17 23:00:00,13.79,61.3,1.3,2648.3
2018-03-18 00:00:00,9.35,67.2,0.78,2859.9
2018-03-18 01:00:00,12.6,50.6,3.52,2862.9
2018-03-18 02:00:00,12.67,67.2,5.12,2734.2
2018-03-18 03:00:00,14.28,53.9,0.93,2624.7
2018-03-18 04:00:00,8.33,70.2,7.03,2458.7
2018-03-18 05:00:00,10.35,71.2,4.68,2320.4
2018-03-18 06:00:00,13.42,58.1,1.81,2259.3
2018-03-18 07:00:00,12.52,54.3,5.49,2211.4
2018-03-18 08:00:00,10.55,75.9,0.58,2257.0
2018-03-18 09:00:00,15.42,66.6,3.76,2315.1
2018-03-18 10:00:00,16.86,59.7,3.9,2309.8
2018-03-18 11:00:00,16.6,70.5,5.17,2373.7
2018-03-18 12:00:00,17.76,58.5,5.67,2416.2
2018-03-18 13:00:00,17.2,53.3,8.89,2413.7
2018-03-18 14:00:00,21.94,46.4,4.94,2411.2
2018-03-18 15:00:00,16.13,58.2,1.24,2428.8
2018-03-18 16:00:00,16.78,64.8,2.26,2370.9
2018-03-18 17:00:00,17.87,68.8,25.33,2212.3
2018-03-18 18:00:00,19.41,56.7,0.93,2103.4
2018-03-18 19:00:00,12.64,71.6,18.33,2093.8
2018-03-18 20:00:00,12.14,60.6,16.54,2159.4
2018-03-18 21:00:00,9.29,58.3,1.22,2298.3
2018-03-18 22:00:00,13.43,50.8,10.06,2517.9
2018-03-18 23:00:00,9.59,60.3,6.95,2726.3
2018-03-19 00:00:00,10.8,53.2,11.37,3073.6
2018-03-19 01:00:00,12.78,77.9,2.35,3082.6
2018-03-19 02:00:00,9.12,68.2,6.97,3020.8
2018-03-19 03:00:00,11.17,62.3,2.85,2791.7
2018-03-19 04:00:00,9.98,77.8,1.85,2651.8
2018-03-19 05:00:00,12.8,51.3,5.45,2467.6
2018-03-19 06:00:00,12.95,60.5,8.68,2443.2
2018-03-19 07:00:00,10.86,79.3,8.11,2356.3
2018-03-19 08:00:00,13.13,60.3,10.58,2415.2
2018-03-19 09:00:00,17.2,77.8,2.52,2408.1
2018-03-19 10:00:00,16.61,65.0,16.46,2478.6
2018-03-19 11:00:00,13.09,72.0,5.32,2590.8
2018-03-19 12:00:00,19.05,67.4,1.75,2707.4
2018-03-19 13:00:00,15.34,59.7,10.03,2793.0
2018-03-19 14:00:00,21.98,50.5,4.77,2831.9
2018-03-19 15:00:00,21.15,54.2,3.18,2828.2
2018-03-19 16:00:00,19.18,48.8,4.79,2782.0
2018-03-19 17:00:00,18.44,56.7,0.75,2650.1
2018-03-19 18:00:00,16.89,58.5,14.25,2541.3
2018-03-19 19:00:00,18.28,70.9,7.59,2529.1
2018-03-19 20:00:00,14.7,65.0,5.33,2609.7
2018-03-19 21:00:00,15.18,78.8,3.95,2716.8
2018-03-19 22:00:00,15.73,42.1,10.95,2864.1
2018-03-19 23:00:00,11.18,53.3,14.82,3014.9
2018-03-20 00:00:00,10.42,60.8,1.55,3098.0
2018-03-20 01:00:00,8.34,77.3,5.33,3164.0
2018-03-20 02:00:00,8.27,64.5,6.64,3136.0
2018-03-20 03:00:00,6.22,55.3,10.88,3021.2
2018-03-20 04:00:00,12.75,59.8,8.43,2800.4
2018-03-20 05:00:00,15.85,49.7,6.97,2719.4
2018-03-20 06:00:00,15.53,48.4,4.94,2607.4
2018-03-20 07:00:00,8.73,81.0,1.36,2631.1
2018-03-20 08:00:00,15.57,56.7,5.62,2578.6
2018-03-20 09:00:00,18.35,58.7,4.1,2634.3
2018-03-20 10:00:00,14.69,59.5,1.54,2656.5
2018-03-20 11:00:00,17.05,56.4,14.85,2688.4
2018-03-20 12:00:00,12.6,55.2,5.26,2720.4
2018-03-20 13:00:00,18.92,54.4,8.26,2771.2
2018-03-20 14:00:00,16.0,61.9,4.25,2766.6
2018-03-20 15:00:00,19.29,67.9,2.04,2657.3
2018-03-20 16:00:00,14.75,67.8,8.71,2583.2
2018-03-20 17:00:00,19.61,46.6,15.54,2478.1
2018-03-20 18:00:00,20.18,63.8,10.77,2340.0
2018-03-20 19:00:00,14.84,63.9,7.19,2348.6
2018-03-20 20:00:00,12.99,56.6,4.14,2438.7
2018-03-20 21:00:00,9.4,65.9,6.2,2608.2
2018-03-20 22:00:00,13.09,66.1,8.51,2856.4
2018-03-20 23:00:00,11.34,63.3,3.85,2986.4
2018-03-21 00:00:00,8.29,69.2,8.42,3080.3
2018-03-21 01:00:00,12.67,55.0,4.41,3098.0
2018-03-21 02:00:00,10.01,79.9,0.52,3027.0
2018-03-21 03:00:00,8.31,49.9,2.16,2908.7
2018-03-21 04:00:00,9.75,68.8,4.6,2759.5
2018-03-21 05:00:00,14.21,63.6,5.62,2595.9
2018-03-21 06:00:00,13.68,66.2,10.03,2543.8
2018-03-21 07:00:00,12.67,56.2,6.49,2478.0
2018-03-21 08:00:00,15.51,68.9,1.0,2482.2
2018-03-21 09:00:00,12.1,61.5,8.5,2498.9
2018-03-21 10:00:00,16.12,49.6,3.98,2443.8
2018-03-21 11:00:00,17.37,49.3,1.35,2474.0
2018-03-21 12:00:00,16.65,59.7,8.45,2605.9
2018-03-21 13:00:00,19.55,43.6,9.42,2714.7
2018-03-21 14:00:00,16.91,72.9,5.86,2685.3
2018-03-21 15:00:00,20.27,64.2,6.74,2707.6
2018-03-21 16:00:00,20.24,70.4,5.71,2545.6
2018-03-21 17:00:00,11.17,76.8,8.25,2429.2
2018-03-21 18:00:00,20.8,52.5,4.5,2349.0
2018-03-21 19:00:00,9.38,57.5,0.46,2385.8
2018-03-21 20:00:00,14.5,39.0,2.19,2510.0
2018-03-21 21:00:00,17.56,54.7,2.6,2619.0
2018-03-21 22:00:00,13.17,75.6,4.0,2799.1
2018-03-21 23:00:00,9.33,57.9,4.36,3030.1
2018-03-22 00:00:00,9.64,62.6,13.85,3231.4
2018-03-22 01:00:00,14.31,56.1,5.2,3286.1
2018-03-22 02:00:00,6.54,69.8,6.73,3177.1
2018-03-22 03:00:00,14.03,71.1,4.64,3019.0
2018-03-22 04:00:00,11.2,50.7,5.72,2805.2
2018-03-22 05:00:00,8.76,54.2,6.68,2714.8
2018-03-22 06:00:00,10.92,75.2,10.8,2617.6
2018-03-22 07:00:00,10.66,69.3,10.63,2530.0
2018-03-22 08:00:00,16.34,56.9,1.3,2590.2
2018-03-22 09:00:00,17.04,72.0,2.69,2655.6
2018-03-22 10:00:00,11.94,51.5,3.97,2728.7
2018-03-22 11:00:00,16.2,66.5,10.05,2786.6
2018-03-22 12:00:00,15.88,58.8,6.22,2814.2
2018-03-22 13:00:00,21.9,59.3,4.34,2871.7
2018-03-22 14:00:00,15.69,40.3,1.68,2957.3
2018-03-22 15:00:00,23.22,51.3,8.76,2987.4
2018-03-22 16:00:00,18.99,62.7,11.14,2863.8
2018-03-22 17:00:00,15.77,58.9,2.29,2656.0
2018-03-22 18:00:00,16.34,69.0,0.97,2537.9
2018-03-22 19:00:00,15.2,69.6,4.87,2503.1
2018-03-22 20:00:00,13.06,53.9,4.97,2553.5
2018-03-22 21:00:00,15.44,66.2,13.36,2709.7
2018-03-22 22:00:00,11.1,55.2,3.12,2907.3
2018-03-22 23:00:00,7.76,66.2,2.67,3125.2
2018-03-23 00:00:00,11.64,67.9,2.58,3179.3
2018-03-23 01:00:00,7.44,59.4,1.81,3201.3
2018-03-23 02:00:00,9.67,70.6,4.43,3056.4
2018-03-23 03:00:00,9.14,60.6,9.14,2926.2
2018-03-23 04:00:00,9.37,59.9,9.42,2785.0
2018-03-23 05:00:00,16.95,64.1,1.89,2666.0
2018-03-23 06:00:00,12.73,55.1,10.35,2460.3
2018-03-23 07:00:00,14.03,53.7,5.26,2455.3
2018-03-23 08:00:00,9.94,72.4,0.69,2440.8
2018-03-23 09:00:00,13.78,61.8,8.41,2529.8
2018-03-23 10:00:00,16.99,46.8,10.74,2563.1
2018-03-23 11:00:00,14.85,67.0,3.29,2673.4
2018-03-23 12:00:00,20.51,52.3,5.17,2712.3
2018-03-23 13:00:00,15.87,48.1,4.31,2734.6
2018-03-23 14:00:00,18.56,37.1,5.54,2784.1
2018-03-23 15:00:00,17.95,64.9,4.2,2730.9
2018-03-23 16:00:00,19.69,49.4,5.96,2699.5
2018-03-23 17:00:00,17.28,48.2,0.42,2629.5
2018-03-23 18:00:00,17.56,63.1,3.18,2532.1
2018-03-23 19:00:00,16.82,65.0,4.61,2473.5
2018-03-23 20:00:00,14.61,54.0,7.71,2567.3
2018-03-23 21:00:00,16.63,66.0,0.43,2717.9
2018-03-23 22:00:00,14.97,76.5,10.77,2950.3
2018-03-23 23:00:00,13.19,72.2,5.2,3039.2
2018-03-24 00:00:00,11.71,72.2,10.16,2888.3
2018-03-24 01:00:00,14.15,63.2,6.6,2892.9
2018-03-24 02:00:00,11.17,59.5,12.68,2838.2
2018-03-24 03:00:00,10.85,62.9,6.91,2648.4
2018-03-24 04:00:00,12.02,65.9,1.04,2444.8
2018-03-24 05:00:00,16.4,48.8,7.98,2302.8
2018-03-24 06:00:00,9.44,58.3,5.59,2144.3
2018-03-24 07:00:00,15.54,48.1,3.0,2044.4
2018-03-24 08:00:00,9.85,66.0,5.78,2091.2
2018-03-24 09:00:00,16.16,59.7,7.03,2276.3
2018-03-24 10:00:00,20.59,50.3,6.02,2355.9
2018-03-24 11:00:00,18.84,63.5,1.33,2414.6
2018-03-24 12:00:00,18.87,48.5,13.53,2497.3
2018-03-24 13:00:00,17.68,52.3,8.83,2561.9
2018-03-24 14:00:00,19.56,62.6,4.94,2561.8
2018-03-24 15:00:00,18.99,64.2,3.97,2498.7
2018-03-24 16:00:00,17.52,51.6,12.94,2362.8
2018-03-24 17:00:00,18.36,59.2,5.98,2311.5
2018-03-24 18:00:00,18.94,50.6,1.42,2209.2
2018-03-24 19:00:00,15.7,57.9,12.98,2198.0
2018-03-24 20:00:00,14.64,61.4,3.48,2286.1
2018-03-24 21:00:00,12.22,66.7,1.4,2395.2
2018-03-24 22:00:00,15.56,62.1,6.07,2513.4
2018-03-24 23:00:00,14.98,62.2,2.85,2690.3
2018-03-25 00:00:00,13.58,52.5,4.55,2808.8
2018-03-25 01:00:00,14.77,63.3,6.8,2862.6
2018-03-25 02:00:00,12.18,66.7,0.13,2768.5
2018-03-25 03:00:00,12.81,67.3,5.51,2601.4
2018-03-25 04:00:00,12.72,56.1,11.1,2421.0
2018-03-25 05:00:00,12.13,69.6,1.54,2295.1
2018-03-25 06:00:00,11.67,52.1,0.32,2242.5
2018-03-25 07:00:00,19.36,53.1,9.04,2305.8
2018-03-25 08:00:00,13.66,58.9,5.31,2392.9
2018-03-25 09:00:00,14.16,50.6,7.41,2421.8
2018-03-25 10:00:00,17.95,55.3,3.52,2445.6
2018-03-25 11:00:00,18.45,59.0,5.94,2480.2
2018-03-25 12:00:00,15.14,45.3,13.08,2482.6
2018-03-25 13:00:00,22.1,51.2,7.49,2530.9
2018-03-25 14:00:00,19.45,42.5,1.73,2499.9
2018-03-25 15:00:00,17.05,74.7,10.47,2428.1
2018-03-25 16:00:00,22.66,55.6,4.72,2327.9
2018-03-25 17:00:00,20.85,56.3,0.5,2276.6
2018-03-25 18:00:00,15.49,61.5,2.42,2194.4
2018-03-25 19:00:00,22.27,59.0,1.95,2112.6
2018-03-25 20:00:00,18.51,65.0,4.54,2204.6
2018-03-25 21:00:00,15.8,46.9,10.67,2385.2
2018-03-25 22:00:00,18.77,67.5,8.75,2544.4
2018-03-25 23:00:00,14.22,70.6,2.94,2693.6
2018-03-26 00:00:00,13.13,61.0,6.97,3032.2
2018-03-26 01:00:00,10.92,62.3,3.3,3080.1
2018-03-26 02:00:00,13.62,36.3,3.93,3049.4
2018-03-26 03:00:00,13.22,51.5,6.31,2908.7
2018-03-26 04:00:00,12.2,66.4,1.54,2680.6
2018-03-26 05:00:00,10.59,73.1,4.22,2580.2
2018-03-26 06:00:00,13.53,67.0,4.27,2483.4
2018-03-26 07:00:00,13.86,60.3,2.64,2446.0
2018-03-26 08:00:00,11.66,78.1,6.89,2489.0
2018-03-26 09:00:00,12.35,70.2,6.93,2587.3
2018-03-26 10:00:00,18.48,54.1,2.12,2606.2
2018-03-26 11:00:00,11.53,80.2,1.48,2624.9
2018-03-26 12:00:00,19.37,47.7,4.76,2692.9
2018-03-26 13:00:00,18.3,45.6,2.34,2739.6
2018-03-26 14:00:00,23.17,50.1,3.56,2799.9
2018-03-26 15:00:00,18.8,50.9,0.11,2806.6
2018-03-26 16:00:00,21.54,51.8,4.23,2703.2
2018-03-26 17:00:00,18.5,63.6,3.71,2614.0
2018-03-26 18:00:00,19.14,56.4,1.6,2539.6
2018-03-26 19:00:00,19.87,56.0,8.4,2518.2
2018-03-26 20:00:00,15.91,59.7,3.63,2487.2
2018-03-26 21:00:00,18.52,38.7,5.22,2635.4
2018-03-26 22:00:00,12.51,49.9,8.08,2779.0
2018-03-26 23:00:00,14.77,57.1,7.21,2984.1
2018-03-27 00:00:00,15.71,52.7,1.19,3054.5
2018-03-27 01:00:00,14.42,58.6,5.41,3090.0
2018-03-27 02:00:00,17.16,69.5,2.6,3008.3
2018-03-27 03:00:00,10.33,63.1,10.09,2951.4
2018-03-27 04:00:00,8.92,54.3,15.01,2744.9
2018-03-27 05:00:00,10.29,57.4,11.02,2543.5
2018-03-27 06:00:00,15.06,73.6,8.27,2512.2
2018-03-27 07:00:00,15.48,71.9,4.58,2511.7
2018-03-27 08:00:00,15.46,64.4,8.77,2536.4
2018-03-27 09:00:00,13.43,48.8,0.8,2564.3
2018-03-27 10:00:00,19.19,59.1,2.86,2583.8
2018-03-27 11:00:00,15.17,62.9,6.99,2639.8
2018-03-27 12:00:00,21.96,54.6,4.15,2683.6
2018-03-27 13:00:00,26.84,46.0,1.84,2764.8
2018-03-27 14:00:00,21.02,52.3,6.86,2699.6
2018-03-27 15:00:00,21.69,49.5,12.5,2654.1
2018-03-27 16:00:00,18.87,47.7,11.76,2629.8
2018-03-27 17:00:00,15.17,70.8,2.9,2480.3
2018-03-27 18:00:00,17.56,65.0,14.0,2420.9
2018-03-27 19:00:00,15.5,57.3,3.37,2403.3
2018-03-27 20:00:00,13.65,63.9,5.51,2449.4
2018-03-27 21:00:00,20.54,58.7,9.74,2606.7
2018-03-27 22:00:00,15.88,78.0,0.41,2802.7
2018-03-27 23:00:00,15.19,66.8,5.26,2983.0
2018-03-28 00:00:00,12.84,68.4,2.28,3141.6
2018-03-28 01:00:00,12.55,62.3,3.72,3061.2
2018-03-28 02:00:00,14.99,56.5,9.74,3081.4
2018-03-28 03:00:00,12.36,73.2,3.35,2973.1
2018-03-28 04:00:00,13.9,66.1,4.6,2855.1
2018-03-28 05:00:00,12.49,55.4,4.79,2648.1
2018-03-28 06:00:00,12.76,65.4,7.93,2543.4
2018-03-28 07:00:00,10.92,70.0,9.32,2514.7
2018-03-28 08:00:00,10.46,46.9,6.07,2512.7
2018-03-28 09:00:00,15.79,52.0,3.62,2570.2
2018-03-28 10:00:00,17.62,60.8,5.73,2645.2
2018-03-28 11:00:00,15.23,44.4,3.49,2661.2
2018-03-28 12:00:00,19.18,42.5,14.79,2752.8
2018-03-28 13:00:00,20.04,53.8,4.6,2815.8
2018-03-28 14:00:00,14.92,64.0,10.83,2789.3
2018-03-28 15:00:00,18.15,61.8,10.88,2700.7
2018-03-28 16:00:00,21.32,67.6,6.1,2636.1
2018-03-28 17:00:00,20.87,56.0,6.67,2508.6
2018-03-28 18:00:00,16.39,55.9,6.69,2440.9
2018-03-28 19:00:00,18.84,46.5,7.66,2378.8
2018-03-28 20:00:00,20.03,52.9,1.75,2492.0
2018-03-28 21:00:00,18.38,63.0,19.33,2589.7
2018-03-28 22:00:00,15.17,65.9,5.67,2736.2
2018-03-28 23:00:00,13.27,63.5,12.45,2924.3
2018-03-29 00:00:00,12.24,66.6,5.76,2984.5
2018-03-29 01:00:00,14.35,70.7,6.01,2992.1
2018-03-29 02:00:00,13.27,62.0,3.02,2869.7
2018-03-29 03:00:00,14.22,71.6,3.41,2755.5
2018-03-29 04:00:00,13.11,55.7,0.67,2639.1
2018-03-29 05:00:00,15.23,59.2,16.97,2483.0
2018-03-29 06:00:00,14.05,56.9,11.07,2450.9
2018-03-29 07:00:00,16.61,65.1,3.01,2390.2
2018-03-29 08:00:00,17.79,49.7,5.34,2403.5
2018-03-29 09:00:00,14.63,57.7,7.73,2506.5
2018-03-29 10:00:00,13.16,46.6,1.89,2609.6
2018-03-29 11:00:00,22.5,58.8,2.77,2700.7
2018-03-29 12:00:00,20.12,65.9,4.79,2798.7
2018-03-29 13:00:00,15.82,66.6,13.05,2826.7
2018-03-29 14:00:00,18.73,63.5,2.94,2838.1
2018-03-29 15:00:00,22.58,60.7,7.89,2771.1
2018-03-29 16:00:00,19.81,61.7,16.39,2764.7
2018-03-29 17:00:00,18.83,61.9,11.16,2632.9
2018-03-29 18:00:00,22.98,59.0,1.68,2534.4
2018-03-29 19:00:00,16.03,53.9,3.51,2491.0
2018-03-29 20:00:00,15.69,57.8,4.82,2553.5
2018-03-29 21:00:00,17.17,58.8,2.59,2695.0
2018-03-29 22:00:00,16.59,56.0,9.94,2752.3
2018-03-29 23:00:00,15.89,46.8,1.51,3007.0
2018-03-30 00:00:00,16.3,49.1,2.99,3182.4
2018-03-30 01:00:00,13.88,62.7,6.62,3244.3
2018-03-30 02:00:00,14.21,67.9,5.11,3155.4
2018-03-30 03:00:00,12.2,62.3,2.56,3039.0
2018-03-30 04:00:00,13.14,83.6,14.02,2852.8
2018-03-30 05:00:00,13.66,53.7,2.0,2691.0
2018-03-30 06:00:00,14.56,63.9,8.96,2604.8
2018-03-30 07:00:00,16.78,68.9,7.47,2576.0
2018-03-30 08:00:00,17.2,66.8,7.8,2620.3
2018-03-30 09:00:00,16.96,63.7,1.09,2568.1
2018-03-30 10:00:00,15.86,67.9,4.86,2629.0
2018-03-30 11:00:00,19.02,57.2,6.17,2646.2
2018-03-30 12:00:00,19.61,69.6,6.86,2747.2
2018-03-30 13:00:00,20.8,65.6,4.42,2747.8
2018-03-30 14:00:00,26.23,44.2,7.92,2799.0
2018-03-30 15:00:00,19.54,58.9,4.62,2753.6
2018-03-30 16:00:00,21.77,42.2,2.44,2727.7
2018-03-30 17:00:00,22.99,65.8,2.59,2661.9
2018-03-30 18:00:00,19.92,57.9,7.1,2582.5
2018-03-30 19:00:00,24.7,63.0,2.69,2510.9
2018-03-30 20:00:00,16.94,57.6,8.37,2477.6
2018-03-30 21:00:00,17.66,43.0,2.68,2549.8
2018-03-30 22:00:00,13.82,82.0,1.8,2694.4
2018-03-30 23:00:00,13.97,61.9,17.13,2892.6
2018-03-31 00:00:00,14.85,52.1,12.28,2810.2
2018-03-31 01:00:00,15.71,68.6,5.55,2879.7
2018-03-31 02:00:00,13.99,77.1,3.4,2727.4
2018-03-31 03:00:00,16.2,57.4,8.47,2585.6
2018-03-31 04:00:00,12.95,60.8,19.66,2407.6
2018-03-31 05:00:00,12.76,63.7,3.74,2171.8
2018-03-31 06:00:00,20.99,46.3,16.66,2130.4
2018-03-31 07:00:00,16.04,53.6,3.39,2144.9
2018-03-31 08:00:00,14.22,74.9,1.3,2150.3
2018-03-31 09:00:00,15.32,58.7,5.33,2204.1
2018-03-31 10:00:00,15.73,52.7,1.06,2290.8
2018-03-31 11:00:00,21.4,51.3,8.17,2385.8
2018-03-31 12:00:00,18.97,65.4,1.68,2424.4
2018-03-31 13:00:00,20.84,39.5,7.34,2437.3
2018-03-31 14:00:00,20.76,57.4,9.48,2412.5
2018-03-31 15:00:00,22.88,73.4,15.62,2460.1
2018-03-31 16:00:00,18.8,73.2,1.32,2430.7
2018-03-31 17:00:00,17.83,62.3,2.99,2284.3
2018-03-31 18:00:00,20.44,66.2,3.91,2164.0
2018-03-31 19:00:00,20.56,66.0,7.65,2093.0
2018-03-31 20:00:00,18.92,55.9,4.61,2090.1
2018-03-31 21:00:00,15.03,67.4,2.11,2313.9
2018-03-31 22:00:00,17.71,72.1,3.36,2468.4
2018-03-31 23:00:00,13.19,51.3,6.06,2686.4
2018-04-01 00:00:00,13.12,66.1,3.7,2792.9
2018-04-01 01:00:00,11.43,65.7,14.15,2815.4
2018-04-01 02:00:00,16.65,59.5,6.82,2734.4
2018-04-01 03:00:00,14.84,60.2,2.11,2607.0
2018-04-01 04:00:00,14.91,61.9,4.97,2428.7
2018-04-01 05:00:00,16.91,61.0,7.98,2311.4
2018-04-01 06:00:00,21.46,63.8,6.38,2261.4
2018-04-01 07:00:00,10.98,67.0,3.52,2198.6
2018-04-01 08:00:00,14.38,59.1,4.39,2227.7
2018-04-01 09:00:00,15.72,52.7,4.86,2216.2
2018-04-01 10:00:00,16.17,55.3,10.24,2273.6
2018-04-01 11:00:00,16.56,60.8,8.14,2354.6
2018-04-01 12:00:00,19.34,50.9,1.28,2415.2
2018-04-01 13:00:00,17.68,65.4,13.69,2458.7
2018-04-01 14:00:00,21.96,57.9,16.59,2494.1
2018-04-01 15:00:00,21.39,64.0,3.8,2491.3
2018-04-01 16:00:00,22.32,49.0,7.35,2330.3
2018-04-01 17:00:00,21.99,47.8,24.57,2247.7
2018-04-01 18:00:00,21.59,63.8,5.18,2155.4
2018-04-01 19:00:00,18.32,58.4,6.04,2108.1
2018-04-01 20:00:00,23.6,51.5,8.56,2232.1
2018-04-01 21:00:00,17.84,63.3,12.5,2273.0
2018-04-01 22:00:00,11.57,68.0,0.89,2460.2
2018-04-01 23:00:00,12.75,51.8,5.07,2705.8
2018-04-02 00:00:00,10.28,74.9,12.47,3075.1
2018-04-02 01:00:00,14.04,57.5,8.76,3062.7
2018-04-02 02:00:00,13.29,75.0,6.84,2984.4
2018-04-02 03:00:00,12.29,51.5,6.07,2912.3
2018-04-02 04:00:00,18.62,59.6,12.05,2779.2
2018-04-02 05:00:00,15.37,58.2,8.03,2595.6
2018-04-02 06:00:00,16.45,43.0,15.77,2554.9
2018-04-02 07:00:00,13.13,66.8,4.57,2535.1
2018-04-02 08:00:00,13.93,45.5,0.52,2440.6
2018-04-02 09:00:00,17.55,55.6,11.05,2495.0
2018-04-02 10:00:00,18.93,65.7,4.2,2641.2
2018-04-02 11:00:00,14.82,55.9,5.46,2696.8
2018-04-02 12:00:00,19.84,48.9,6.36,2811.6
2018-04-02 13:00:00,20.96,61.6,3.45,2779.4
2018-04-02 14:00:00,20.79,53.4,1.62,2730.4
2018-04-02 15:00:00,19.43,53.2,10.57,2745.2
2018-04-02 16:00:00,19.97,66.2,0.14,2700.1
2018-04-02 17:00:00,20.48,46.3,20.13,2592.0
2018-04-02 18:00:00,20.52,51.9,5.57,2532.2
2018-04-02 19:00:00,20.97,62.2,0.53,2460.7
2018-04-02 20:00:00,21.2,45.2,11.68,2453.0
2018-04-02 21:00:00,16.72,72.8,0.87,2595.7
2018-04-02 22:00:00,15.28,58.0,3.34,2761.9
2018-04-02 23:00:00,16.55,65.8,16.94,2958.1
2018-04-03 00:00:00,16.36,65.9,7.58,3081.6
2018-04-03 01:00:00,13.11,60.3,6.78,3092.2
2018-04-03 02:00:00,15.77,55.5,7.47,3092.7
2018-04-03 03:00:00,16.11,58.8,2.44,2891.3
2018-04-03 04:00:00,17.03,64.1,7.77,2719.8
2018-04-03 05:00:00,18.64,49.2,7.06,2561.3
2018-04-03 06:00:00,12.67,52.2,4.81,2475.9
2018-04-03 07:00:00,15.7,71.3,13.81,2443.6
2018-04-03 08:00:00,16.65,52.8,9.52,2507.0
2018-04-03 09:00:00,17.42,60.9,1.89,2567.4
2018-04-03 10:00:00,17.07,56.7,3.92,2603.0
2018-04-03 11:00:00,15.95,58.0,3.3,2628.8
2018-04-03 12:00:00,20.72,66.9,2.51,2661.4
2018-04-03 13:00:00,19.2,56.0,12.68,2675.9
2018-04-03 14:00:00,21.74,51.8,3.9,2721.1
2018-04-03 15:00:00,19.68,54.1,9.65,2688.0
2018-04-03 16:00:00,18.78,53.0,7.91,2632.4
2018-04-03 17:00:00,21.71,49.3,1.85,2479.7
2018-04-03 18:00:00,20.87,51.3,12.67,2388.5
2018-04-03 19:00:00,21.11,68.4,5.19,2380.9
2018-04-03 20:00:00,24.16,58.4,3.91,2492.8
2018-04-03 21:00:00,18.35,54.6,1.38,2535.4
2018-04-03 22:00:00,17.84,65.6,2.65,2784.1
2018-04-03 23:00:00,12.97,48.9,2.14,3017.2
2018-04-04 00:00:00,11.82,73.6,1.04,3163.5
2018-04-04 01:00:00,18.36,67.7,7.49,3225.1
2018-04-04 02:00:00,11.69,80.5,2.23,3114.4
2018-04-04 03:00:00,11.25,71.1,5.83,2918.6
2018-04-04 04:00:00,13.9,64.4,11.79,2739.5
2018-04-04 05:00:00,14.17,71.0,8.87,2593.1
2018-04-04 06:00:00,12.78,56.8,6.52,2464.9
2018-04-04 07:00:00,15.1,56.8,0.61,2455.1
2018-04-04 08:00:00,19.9,55.6,1.04,2529.2
2018-04-04 09:00:00,15.85,70.3,3.16,2608.9
2018-04-04 10:00:00,15.41,52.8,6.91,2665.4
2018-04-04 11:00:00,22.22,46.5,2.19,2625.6
2018-04-04 12:00:00,21.92,56.4,2.14,2626.4
2018-04-04 13:00:00,19.77,61.9,11.39,2674.1
2018-04-04 14:00:00,17.77,52.2,4.35,2717.4
2018-04-04 15:00:00,20.0,61.4,1.1,2630.5
2018-04-04 16:00:00,21.59,65.7,7.03,2570.8
2018-04-04 17:00:00,24.24,62.2,1.59,2533.0
2018-04-04 18:00:00,18.1,60.3,6.9,2423.7
2018-04-04 19:00:00,19.65,55.6,3.8,2365.8
2018-04-04 20:00:00,20.59,69.4,5.43,2356.6
2018-04-04 21:00:00,11.91,62.6,2.08,2527.7
2018-04-04 22:00:00,19.41,64.0,3.61,2687.9
2018-04-04 23:00:00,12.91,77.3,3.18,2942.9
2018-04-05 00:00:00,16.06,65.8,2.33,3066.0
2018-04-05 01:00:00,15.21,51.9,3.72,3105.5
2018-04-05 02:00:00,16.91,48.6,0.61,3060.4
2018-04-05 03:00:00,15.44,57.3,8.48,2889.3
2018-04-05 04:00:00,8.26,71.1,8.13,2746.7
2018-04-05 05:00:00,12.64,65.4,3.9,2545.8
2018-04-05 06:00:00,15.58,77.2,4.0,2416.9
2018-04-05 07:00:00,15.57,63.0,3.6,2353.6
2018-04-05 08:00:00,18.22,54.8,8.47,2366.2
2018-04-05 09:00:00,20.04,46.9,3.04,2516.1
2018-04-05 10:00:00,20.62,64.9,9.91,2547.7
2018-04-05 11:00:00,19.53,56.3,1.42,2645.9
2018-04-05 12:00:00,16.27,46.9,9.95,2696.1
2018-04-05 13:00:00,20.39,55.9,0.4,2690.9
2018-04-05 14:00:00,22.97,45.7,3.49,2744.6
2018-04-05 15:00:00,19.34,53.1,8.59,2683.1
2018-04-05 16:00:00,23.5,53.2,9.57,2606.7
2018-04-05 17:00:00,23.8,45.7,1.49,2560.3
2018-04-05 18:00:00,21.21,51.1,7.17,2443.1
2018-04-05 19:00:00,12.4,56.1,6.62,2415.4
2018-04-05 20:00:00,15.9,53.5,7.47,2456.1
2018-04-05 21:00:00,22.78,45.7,22.76,2582.7
2018-04-05 22:00:00,15.66,55.6,24.42,2702.4
2018-04-05 23:00:00,11.1,56.0,11.72,2922.9
2018-04-06 00:00:00,18.52,61.9,2.24,3050.0
2018-04-06 01:00:00,14.83,61.7,3.32,3108.9
2018-04-06 02:00:00,17.16,67.8,5.59,3033.9
2018-04-06 03:00:00,14.95,75.1,3.51,2922.8
2018-04-06 04:00:00,15.54,65.0,2.25,2744.3
2018-04-06 05:00:00,15.7,63.0,9.69,2638.5
2018-04-06 06:00:00,17.18,64.2,1.45,2490.7
2018-04-06 07:00:00,21.95,58.2,0.45,2420.4
2018-04-06 08:00:00,19.65,56.7,8.17,2513.3
2018-04-06 09:00:00,14.31,60.3,7.96,2591.1
2018-04-06 10:00:00,20.41,47.5,1.09,2721.4
2018-04-06 11:00:00,23.12,60.2,1.06,2802.0
2018-04-06 12:00:00,24.1,52.5,4.64,2839.1
2018-04-06 13:00:00,20.66,67.1,5.93,2914.1
2018-04-06 14:00:00,25.04,59.3,3.6,2855.4
2018-04-06 15:00:00,24.58,47.3,2.99,2833.7
2018-04-06 16:00:00,28.56,59.1,4.42,2705.5
2018-04-06 17:00:00,19.85,35.6,7.71,2576.5
2018-04-06 18:00:00,19.82,71.6,1.15,2440.1
2018-04-06 19:00:00,19.5,45.7,5.23,2390.8
2018-04-06 20:00:00,18.07,61.5,2.25,2396.9
2018-04-06 21:00:00,16.04,62.6,20.84,2553.3
2018-04-06 22:00:00,10.32,72.7,5.49,2726.9
2018-04-06 23:00:00,15.17,57.2,13.28,2964.0
2018-04-07 00:00:00,16.55,41.6,7.4,2798.9
2018-04-07 01:00:00,13.76,58.4,16.72,2777.5
2018-04-07 02:00:00,19.43,54.7,4.48,2690.4
2018-04-07 03:00:00,14.49,44.0,4.99,2615.9
2018-04-07 04:00:00,17.82,58.1,3.97,2480.8
2018-04-07 05:00:00,15.65,50.9,2.53,2367.6
2018-04-07 06:00:00,17.7,63.0,1.23,2236.4
2018-04-07 07:00:00,17.16,56.3,5.96,2144.8
2018-04-07 08:00:00,20.85,71.0,9.44,2226.1
2018-04-07 09:00:00,18.6,55.1,4.27,2220.6
2018-04-07 10:00:00,20.74,58.9,3.14,2293.9
2018-04-07 11:00:00,21.38,53.2,12.97,2340.0
2018-04-07 12:00:00,20.57,42.6,1.78,2409.2
2018-04-07 13:00:00,22.94,52.0,4.81,2392.4
2018-04-07 14:00:00,27.91,55.7,8.24,2520.9
2018-04-07 15:00:00,21.78,59.4,2.2,2466.9
2018-04-07 16:00:00,23.37,51.0,4.86,2442.0
2018-04-07 17:00:00,25.07,40.3,9.69,2312.0
2018-04-07 18:00:00,24.14,57.8,2.17,2227.7
2018-04-07 19:00:00,20.49,59.0,7.54,2159.2
2018-04-07 20:00:00,13.54,67.9,0.87,2200.4
2018-04-07 21:00:00,19.75,54.0,4.21,2390.7
2018-04-07 22:00:00,11.88,49.0,10.85,2540.4
2018-04-07 23:00:00,20.13,60.2,7.78,2739.1
2018-04-08 00:00:00,16.25,58.9,11.33,2776.0
2018-04-08 01:00:00,17.69,69.0,0.29,2807.4
2018-04-08 02:00:00,12.54,62.2,4.34,2771.1
2018-04-08 03:00:00,10.78,63.0,2.37,2612.2
2018-04-08 04:00:00,15.44,63.0,4.52,2459.7
2018-04-08 05:00:00,15.11,55.1,10.02,2270.3
2018-04-08 06:00:00,14.6,55.2,14.15,2156.3
2018-04-08 07:00:00,16.87,57.7,18.75,2123.3
2018-04-08 08:00:00,24.54,45.0,3.22,2155.4
2018-04-08 09:00:00,20.74,53.6,0.74,2227.9
2018-04-08 10:00:00,22.32,69.7,0.51,2344.6
2018-04-08 11:00:00,22.77,62.1,1.42,2439.0
2018-04-08 12:00:00,25.18,54.3,9.31,2419.5
2018-04-08 13:00:00,21.65,67.1,6.78,2418.1
2018-04-08 14:00:00,17.38,51.5,7.11,2467.3
2018-04-08 15:00:00,22.19,74.2,4.45,2428.6
2018-04-08 16:00:00,24.55,48.7,3.21,2372.2
2018-04-08 17:00:00,19.7,72.3,12.84,2286.7
2018-04-08 18:00:00,21.04,71.2,0.28,2235.3
2018-04-08 19:00:00,18.93,42.8,1.54,2213.9
2018-04-08 20:00:00,23.45,65.0,8.02,2199.6
2018-04-08 21:00:00,20.53,53.3,3.51,2267.1
2018-04-08 22:00:00,19.25,52.1,9.05,2467.7
2018-04-08 23:00:00,18.21,61.6,8.39,2566.2
2018-04-09 00:00:00,15.93,51.2,7.71,3013.6
2018-04-09 01:00:00,15.88,63.3,7.41,3048.6
2018-04-09 02:00:00,12.03,54.9,9.71,2947.6
2018-04-09 03:00:00,9.39,65.9,9.71,2789.8
2018-04-09 04:00:00,15.36,70.4,4.9,2665.9
2018-04-09 05:00:00,16.2,62.1,3.93,2464.3
2018-04-09 06:00:00,19.05,53.9,6.39,2299.6
2018-04-09 07:00:00,20.78,59.7,11.64,2247.6
2018-04-09 08:00:00,21.74,43.4,2.4,2304.4
2018-04-09 09:00:00,16.36,52.2,4.2,2442.3
2018-04-09 10:00:00,19.01,53.4,3.08,2566.7
2018-04-09 11:00:00,22.05,60.7,1.99,2617.2
2018-04-09 12:00:00,28.01,52.8,3.34,2771.3
2018-04-09 13:00:00,26.02,55.5,1.34,2789.9
2018-04-09 14:00:00,25.51,51.4,1.14,2794.8
2018-04-09 15:00:00,21.88,48.2,15.25,2635.7
2018-04-09 16:00:00,20.51,67.5,1.79,2555.1
2018-04-09 17:00:00,24.29,47.0,7.66,2519.5
2018-04-09 18:00:00,18.93,60.2,18.72,2485.1
2018-04-09 19:00:00,20.26,54.9,10.96,2455.0
2018-04-09 20:00:00,19.6,60.8,7.44,2531.6
2018-04-09 21:00:00,22.83,48.9,8.43,2683.4
2018-04-09 22:00:00,16.93,66.9,3.13,2822.0
2018-04-09 23:00:00,10.75,74.4,11.15,2933.8
2018-04-10 00:00:00,17.48,65.9,16.23,3092.5
2018-04-10 01:00:00,13.84,62.2,3.67,3183.6
2018-04-10 02:00:00,15.29,56.3,1.09,3072.8
2018-04-10 03:00:00,14.83,82.7,9.43,2958.2
2018-04-10 04:00:00,14.5,52.5,22.48,2771.3
2018-04-10 05:00:00,17.56,65.0,1.98,2548.2
2018-04-10 06:00:00,12.39,64.8,0.24,2449.0
2018-04-10 07:00:00,15.76,58.9,4.25,2390.8
2018-04-10 08:00:00,19.72,57.7,2.93,2431.3
2018-04-10 09:00:00,17.51,53.9,5.74,2501.2
2018-04-10 10:00:00,16.06,62.6,2.53,2541.6
2018-04-10 11:00:00,22.72,56.4,4.12,2565.2
2018-04-10 12:00:00,24.68,73.7,1.84,2638.9
2018-04-10 13:00:00,22.4,62.6,0.53,2723.8
2018-04-10 14:00:00,18.01,61.7,4.51,2680.4
2018-04-10 15:00:00,24.81,56.8,8.08,2711.0
2018-04-10 16:00:00,18.76,71.7,1.39,2628.7
2018-04-10 17:00:00,23.28,45.6,20.06,2515.3
2018-04-10 18:00:00,19.66,54.8,7.06,2383.0
2018-04-10 19:00:00,18.15,42.2,3.13,2375.2
2018-04-10 20:00:00,18.98,61.3,12.42,2418.2
2018-04-10 21:00:00,18.59,63.9,9.7,2524.5
2018-04-10 22:00:00,16.4,50.9,7.79,2725.6
2018-04-10 23:00:00,18.52,68.7,5.56,2969.5
2018-04-11 00:00:00,15.3,54.0,3.21,3126.4
2018-04-11 01:00:00,18.23,54.7,6.54,3142.7
2018-04-11 02:00:00,16.08,60.1,5.55,2918.9
2018-04-11 03:00:00,13.5,74.0,11.96,2769.4
2018-04-11 04:00:00,13.21,54.6,7.36,2563.9
2018-04-11 05:00:00,11.66,65.0,3.77,2418.3
2018-04-11 06:00:00,17.14,64.5,3.72,2321.9
2018-04-11 07:00:00,16.35,63.5,2.46,2292.1
2018-04-11 08:00:00,12.28,67.0,5.79,2372.0
2018-04-11 09:00:00,17.9,63.8,3.35,2424.9
2018-04-11 10:00:00,18.02,53.1,1.55,2490.9
2018-04-11 11:00:00,25.18,65.4,9.09,2623.6
2018-04-11 12:00:00,17.81,56.9,3.08,2608.7
2018-04-11 13:00:00,19.1,54.8,3.96,2644.0
2018-04-11 14:00:00,25.88,62.1,13.75,2652.6
2018-04-11 15:00:00,26.63,45.6,10.1,2670.9
2018-04-11 16:00:00,21.24,57.6,7.28,2555.4
2018-04-11 17:00:00,21.13,49.3,5.74,2545.9
2018-04-11 18:00:00,23.61,73.3,15.89,2400.9
2018-04-11 19:00:00,15.42,78.1,4.06,2392.1
2018-04-11 20:00:00,15.62,58.6,2.52,2362.7
2018-04-11 21:00:00,18.54,61.3,11.93,2456.9
2018-04-11 22:00:00,22.08,54.4,7.29,2563.0
2018-04-11 23:00:00,16.15,56.3,2.05,2768.0
2018-04-12 00:00:00,16.86,59.5,7.3,2915.7
2018-04-12 01:00:00,18.8,56.6,1.11,2944.7
2018-04-12 02:00:00,20.84,43.2,10.3,2797.7
2018-04-12 03:00:00,13.99,62.9,5.93,2653.9
2018-04-12 04:00:00,15.53,59.2,6.62,2510.2
2018-04-12 05:00:00,20.52,58.1,6.93,2343.4
2018-04-12 06:00:00,12.8,61.1,7.22,2270.4
2018-04-12 07:00:00,20.0,53.1,4.7,2303.4
2018-04-12 08:00:00,15.85,66.3,5.1,2314.8
2018-04-12 09:00:00,19.69,60.5,3.32,2341.2
2018-04-12 10:00:00,19.86,67.3,5.76,2426.6
2018-04-12 11:00:00,19.04,60.7,4.71,2585.6
2018-04-12 12:00:00,19.8,54.6,5.34,2668.8
2018-04-12 13:00:00,23.59,58.1,1.41,2662.1
2018-04-12 14:00:00,25.79,35.5,2.85,2762.4
2018-04-12 15:00:00,23.11,70.3,4.33,2673.7
2018-04-12 16:00:00,23.47,55.4,1.81,2593.7
2018-04-12 17:00:00,24.33,70.0,0.8,2456.1
2018-04-12 18:00:00,19.83,49.2,5.76,2359.8
2018-04-12 19:00:00,23.28,44.4,1.98,2263.1
2018-04-12 20:00:00,22.52,56.9,2.85,2271.4
2018-04-12 21:00:00,25.94,54.1,6.49,2487.3
2018-04-12 22:00:00,17.46,60.7,8.83,2638.2
2018-04-12 23:00:00,16.29,60.5,3.41,2798.6
2018-04-13 00:00:00,18.72,52.0,10.29,2922.2
2018-04-13 01:00:00,18.21,45.6,12.17,2990.3
2018-04-13 02:00:00,14.42,62.7,4.52,2938.4
2018-04-13 03:00:00,14.62,50.0,4.51,2820.5
2018-04-13 04:00:00,17.11,47.3,2.71,2598.3
2018-04-13 05:00:00,14.09,57.7,5.44,2425.8
2018-04-13 06:00:00,15.77,62.8,8.86,2418.2
2018-04-13 07:00:00,17.85,73.6,11.57,2369.2
2018-04-13 08:00:00,21.08,63.0,2.06,2374.5
2018-04-13 09:00:00,18.11,69.0,4.77,2439.6
2018-04-13 10:00:00,16.05,64.4,7.75,2521.5
2018-04-13 11:00:00,16.83,61.5,0.84,2553.0
2018-04-13 12:00:00,19.3,76.6,0.08,2520.6
2018-04-13 13:00:00,19.81,45.6,4.61,2568.2
2018-04-13 14:00:00,23.1,50.2,2.13,2603.1
2018-04-13 15:00:00,20.65,52.8,1.84,2504.8
2018-04-13 16:00:00,21.73,61.8,2.24,2463.9
2018-04-13 17:00:00,21.15,47.2,2.26,2397.3
2018-04-13 18:00:00,21.35,61.0,6.4,2362.4
2018-04-13 19:00:00,24.93,56.7,0.39,2320.2
2018-04-13 20:00:00,22.32,60.7,6.05,2359.1
2018-04-13 21:00:00,19.67,62.6,3.6,2512.7
2018-04-13 22:00:00,17.44,70.4,1.23,2753.5
2018-04-13 23:00:00,16.54,58.4,7.29,2960.0
2018-04-14 00:00:00,17.81,62.0,6.31,2858.6
2018-04-14 01:00:00,17.81,51.9,2.44,2876.2
2018-04-14 02:00:00,13.68,53.3,6.95,2769.7
2018-04-14 03:00:00,15.91,73.4,10.97,2663.1
2018-04-14 04:00:00,10.87,56.8,0.46,2423.1
2018-04-14 05:00:00,16.88,63.6,1.88,2327.9
2018-04-14 06:00:00,18.89,61.1,8.25,2251.0
2018-04-14 07:00:00,17.11,67.7,4.09,2191.1
2018-04-14 08:00:00,23.32,40.1,3.31,2151.2
2018-04-14 09:00:00,17.61,65.0,7.84,2194.0
2018-04-14 10:00:00,21.39,54.4,2.88,2240.3
2018-04-14 11:00:00,21.73,49.8,7.95,2252.3
2018-04-14 12:00:00,22.39,52.1,1.53,2305.8
2018-04-14 13:00:00,22.99,61.9,4.62,2402.2
2018-04-14 14:00:00,23.95,58.7,9.0,2427.3
2018-04-14 15:00:00,25.93,50.2,0.98,2417.3
2018-04-14 16:00:00,27.12,41.2,2.27,2304.4
2018-04-14 17:00:00,23.27,44.8,3.3,2156.8
2018-04-14 18:00:00,24.68,58.3,14.9,2163.3
2018-04-14 19:00:00,20.06,45.7,5.82,2101.2
2018-04-14 20:00:00,22.76,52.8,1.28,2136.9
2018-04-14 21:00:00,17.91,79.1,16.55,2290.1
2018-04-14 22:00:00,21.51,58.5,13.98,2517.5
2018-04-14 23:00:00,23.34,59.3,5.48,2754.0
2018-04-15 00:00:00,16.87,50.0,19.8,2856.8
2018-04-15 01:00:00,11.06,53.3,2.7,2802.1
2018-04-15 02:00:00,14.77,66.6,3.7,2763.7
2018-04-15 03:00:00,19.08,54.5,1.9,2590.8
2018-04-15 04:00:00,17.52,67.4,7.88,2390.5
2018-04-15 05:00:00,17.16,59.4,17.71,2199.5
2018-04-15 06:00:00,19.7,84.7,9.9,2131.1
2018-04-15 07:00:00,19.21,52.9,2.07,2140.2
2018-04-15 08:00:00,22.01,57.5,2.87,2132.5
2018-04-15 09:00:00,22.3,47.8,9.05,2217.3
2018-04-15 10:00:00,24.84,61.2,2.0,2358.3
2018-04-15 11:00:00,22.9,58.0,4.57,2410.4
2018-04-15 12:00:00,25.09,45.0,0.89,2488.7
2018-04-15 13:00:00,22.7,52.1,3.65,2484.3
2018-04-15 14:00:00,22.36,65.9,5.47,2456.1
2018-04-15 15:00:00,28.27,60.2,5.67,2534.9
2018-04-15 16:00:00,24.41,42.0,7.22,2436.5
2018-04-15 17:00:00,25.48,48.7,13.32,2346.0
2018-04-15 18:00:00,23.14,68.9,10.34,2198.1
2018-04-15 19:00:00,20.54,55.0,9.74,2164.6
2018-04-15 20:00:00,21.07,57.4,8.73,2162.8
2018-04-15 21:00:00,23.59,62.1,5.73,2351.1
2018-04-15 22:00:00,20.36,45.9,4.63,2551.2
2018-04-15 23:00:00,13.72,54.3,10.74,2734.8
2018-04-16 00:00:00,16.82,56.8,8.96,3068.8
2018-04-16 01:00:00,21.18,65.5,2.53,3077.0
2018-04-16 02:00:00,15.79,68.3,7.66,2924.8
2018-04-16 03:00:00,11.69,69.2,5.81,2749.5
2018-04-16 04:00:00,21.06,54.8,6.83,2612.6
2018-04-16 05:00:00,18.43,67.1,11.83,2433.0
2018-04-16 06:00:00,17.19,57.8,2.69,2440.1
2018-04-16 07:00:00,17.26,63.6,2.45,2381.4
2018-04-16 08:00:00,21.86,62.6,6.23,2363.9
2018-04-16 09:00:00,18.84,71.3,2.94,2436.8
2018-04-16 10:00:00,24.1,53.1,1.12,2544.2
2018-04-16 11:00:00,23.55,51.1,1.73,2660.8
2018-04-16 12:00:00,23.63,64.3,19.88,2702.3
2018-04-16 13:00:00,24.02,64.6,5.43,2704.7
2018-04-16 14:00:00,23.62,49.6,7.82,2683.2
2018-04-16 15:00:00,26.8,42.5,4.27,2746.1
2018-04-16 16:00:00,21.89,65.0,11.04,2669.4
2018-04-16 17:00:00,19.6,44.0,0.43,2532.3
2018-04-16 18:00:00,24.55,39.6,14.79,2457.0
2018-04-16 19:00:00,23.77,51.6,5.34,2458.9
2018-04-16 20:00:00,22.43,54.9,2.92,2503.5
2018-04-16 21:00:00,21.21,46.6,13.34,2586.8
2018-04-16 22:00:00,18.35,59.1,7.45,2707.5
2018-04-16 23:00:00,20.16,58.0,4.73,2857.5
2018-04-17 00:00:00,17.43,54.2,1.27,3009.9
2018-04-17 01:00:00,15.69,75.7,4.87,2973.0
2018-04-17 02:00:00,15.73,62.9,5.86,2912.3
2018-04-17 03:00:00,21.43,63.9,6.46,2753.1
2018-04-17 04:00:00,12.17,50.6,2.58,2555.1
2018-04-17 05:00:00,18.16,45.8,2.65,2393.7
2018-04-17 06:00:00,13.35,65.0,1.68,2344.4
2018-04-17 07:00:00,18.1,72.4,2.86,2339.4
2018-04-17 08:00:00,18.26,49.3,8.42,2404.8
2018-04-17 09:00:00,15.16,61.0,17.09,2423.7
2018-04-17 10:00:00,22.38,44.2,4.17,2430.1
2018-04-17 11:00:00,21.43,49.1,6.61,2516.5
2018-04-17 12:00:00,17.96,59.2,1.58,2584.4
2018-04-17 13:00:00,25.94,47.3,1.63,2659.0
2018-04-17 14:00:00,27.83,39.3,10.59,2627.3
2018-04-17 15:00:00,28.1,38.9,0.32,2650.9
2018-04-17 16:00:00,25.14,36.8,7.51,2419.2
2018-04-17 17:00:00,23.95,56.6,7.75,2359.2
2018-04-17 18:00:00,26.52,55.6,10.81,2354.2
2018-04-17 19:00:00,26.58,55.5,6.9,2354.1
2018-04-17 20:00:00,24.24,45.3,1.19,2365.9
2018-04-17 21:00:00,18.02,65.6,12.55,2383.2
2018-04-17 22:00:00,19.84,61.8,3.29,2515.9
2018-04-17 23:00:00,19.47,56.5,11.9,2686.3
2018-04-18 00:00:00,13.21,60.2,10.12,2903.4
2018-04-18 01:00:00,18.27,52.2,6.71,2979.6
2018-04-18 02:00:00,22.38,55.6,10.2,2903.9
2018-04-18 03:00:00,18.16,70.4,13.74,2733.2
2018-04-18 04:00:00,20.38,64.8,7.49,2571.9
2018-04-18 05:00:00,17.55,55.9,9.37,2460.5
2018-04-18 06:00:00,17.55,62.3,2.29,2377.2
2018-04-18 07:00:00,19.51,47.6,8.87,2289.5
2018-04-18 08:00:00,17.48,63.9,2.24,2377.5
2018-04-18 09:00:00,18.15,50.8,6.19,2451.4
2018-04-18 10:00:00,24.76,57.7,2.94,2527.4
2018-04-18 11:00:00,25.99,75.0,3.59,2629.9
2018-04-18 12:00:00,20.91,50.7,14.98,2687.9
2018-04-18 13:00:00,26.44,74.2,5.24,2789.2
2018-04-18 14:00:00,24.21,56.6,6.15,2770.4
2018-04-18 15:00:00,25.41,45.7,9.15,2802.2
2018-04-18 16:00:00,25.57,45.2,5.82,2684.5
2018-04-18 17:00:00,26.51,69.7,8.75,2549.2
2018-04-18 18:00:00,23.59,57.1,9.36,2396.4
2018-04-18 19:00:00,26.08,46.6,3.36,2427.8
2018-04-18 20:00:00,22.37,52.5,1.89,2455.9
2018-04-18 21:00:00,22.12,57.8,5.75,2575.6
2018-04-18 22:00:00,17.44,58.0,3.61,2709.7
2018-04-18 23:00:00,23.96,55.6,9.93,2975.2
2018-04-19 00:00:00,19.09,70.9,3.7,3012.7
2018-04-19 01:00:00,19.06,47.7,13.67,3016.4
2018-04-19 02:00:00,12.86,66.9,14.03,2912.4
2018-04-19 03:00:00,14.68,59.7,12.85,2809.7
2018-04-19 04:00:00,19.97,52.0,8.21,2625.0
2018-04-19 05:00:00,17.99,66.2,3.03,2538.0
2018-04-19 06:00:00,13.13,49.8,4.11,2463.5
2018-04-19 07:00:00,21.34,36.0,8.11,2381.6
2018-04-19 08:00:00,18.35,59.1,4.8,2386.2
2018-04-19 09:00:00,24.27,51.5,4.57,2441.8
2018-04-19 10:00:00,21.56,43.9,13.3,2545.5
2018-04-19 11:00:00,23.25,39.7,1.52,2653.3
2018-04-19 12:00:00,26.52,66.2,8.47,2685.0
2018-04-19 13:00:00,21.96,58.1,7.73,2688.8
2018-04-19 14:00:00,22.12,54.5,6.06,2690.7
2018-04-19 15:00:00,24.25,70.2,2.16,2624.7
2018-04-19 16:00:00,26.67,58.8,4.17,2557.3
2018-04-19 17:00:00,20.88,69.5,5.97,2399.5
2018-04-19 18:00:00,19.4,47.0,1.93,2232.2
2018-04-19 19:00:00,24.8,42.4,11.54,2255.7
2018-04-19 20:00:00,20.27,60.7,5.48,2288.2
2018-04-19 21:00:00,19.76,59.5,5.17,2417.0
2018-04-19 22:00:00,15.06,69.9,8.83,2609.9
2018-04-19 23:00:00,17.04,45.3,15.24,2790.2
2018-04-20 00:00:00,18.07,63.2,4.08,2872.4
2018-04-20 01:00:00,19.78,64.1,1.73,2889.1
2018-04-20 02:00:00,15.13,67.4,16.5,2800.5
2018-04-20 03:00:00,21.07,51.9,6.47,2696.6
2018-04-20 04:00:00,15.35,63.9,20.88,2492.5
2018-04-20 05:00:00,15.75,53.2,13.84,2336.7
2018-04-20 06:00:00,21.94,52.1,2.74,2260.7
2018-04-20 07:00:00,19.45,48.1,4.68,2184.7
2018-04-20 08:00:00,18.51,51.1,0.32,2212.5
2018-04-20 09:00:00,20.53,53.6,3.02,2292.4
2018-04-20 10:00:00,25.34,47.8,1.47,2426.7
2018-04-20 11:00:00,26.59,44.7,3.25,2545.8
2018-04-20 12:00:00,21.71,44.2,0.96,2528.4
2018-04-20 13:00:00,24.28,68.3,2.52,2561.4
2018-04-20 14:00:00,25.01,48.0,3.16,2578.1
2018-04-20 15:00:00,22.46,56.7,5.16,2538.4
2018-04-20 16:00:00,24.65,38.2,1.22,2490.2
2018-04-20 17:00:00,24.4,63.3,11.9,2356.6
2018-04-20 18:00:00,26.6,52.1,3.05,2408.6
2018-04-20 19:00:00,25.94,47.7,6.75,2331.6
2018-04-20 20:00:00,21.13,51.6,2.94,2280.5
2018-04-20 21:00:00,20.39,62.6,5.41,2391.7
2018-04-20 22:00:00,21.55,31.1,4.99,2620.6
2018-04-20 23:00:00,17.46,51.4,12.28,2830.4
2018-04-21 00:00:00,19.74,55.3,4.37,2772.2
2018-04-21 01:00:00,17.42,57.0,4.57,2750.7
2018-04-21 02:00:00,14.81,80.2,2.03,2663.6
2018-04-21 03:00:00,14.71,57.5,0.94,2557.3
2018-04-21 04:00:00,20.85,63.2,6.45,2336.5
2018-04-21 05:00:00,17.25,72.7,6.56,2234.3
2018-04-21 06:00:00,22.37,59.5,5.99,2137.9
2018-04-21 07:00:00,17.82,52.4,10.21,2069.2
2018-04-21 08:00:00,20.79,45.1,5.1,2025.6
2018-04-21 09:00:00,27.08,56.3,3.7,2181.5
2018-04-21 10:00:00,19.49,69.6,5.88,2252.4
2018-04-21 11:00:00,18.36,61.7,4.47,2334.1
2018-04-21 12:00:00,27.15,60.2,1.38,2473.5
2018-04-21 13:00:00,22.5,74.7,10.94,2453.9
2018-04-21 14:00:00,24.91,58.8,2.96,2520.3
2018-04-21 15:00:00,23.64,44.3,4.7,2506.2
2018-04-21 16:00:00,25.63,51.9,3.21,2325.3
2018-04-21 17:00:00,22.19,65.2,12.2,2174.1
2018-04-21 18:00:00,23.48,51.2,3.31,2077.8
2018-04-21 19:00:00,24.22,64.7,13.53,2065.0
2018-04-21 20:00:00,19.61,55.8,2.72,2074.5
2018-04-21 21:00:00,19.35,59.2,8.49,2224.3
2018-04-21 22:00:00,19.2,53.8,4.56,2418.9
2018-04-21 23:00:00,15.53,60.9,1.14,2521.2
2018-04-22 00:00:00,17.39,59.8,13.22,2562.7
2018-04-22 01:00:00,18.11,44.6,2.54,2642.6
2018-04-22 02:00:00,16.41,55.3,3.82,2549.8
2018-04-22 03:00:00,16.6,48.9,6.34,2488.0
2018-04-22 04:00:00,17.36,54.9,1.77,2352.9
2018-04-22 05:00:00,16.17,52.7,2.89,2129.6
2018-04-22 06:00:00,20.18,64.0,4.27,2012.6
2018-04-22 07:00:00,22.87,61.9,1.05,2012.0
2018-04-22 08:00:00,19.08,61.2,5.89,2021.4
2018-04-22 09:00:00,22.49,43.9,1.58,2086.3
2018-04-22 10:00:00,21.71,53.8,8.36,2120.9
2018-04-22 11:00:00,24.19,41.9,11.07,2244.0
2018-04-22 12:00:00,28.02,48.4,8.75,2377.4
2018-04-22 13:00:00,26.01,56.4,9.59,2423.7
2018-04-22 14:00:00,20.71,63.4,4.12,2384.2
2018-04-22 15:00:00,26.41,54.7,1.42,2382.7
2018-04-22 16:00:00,28.22,59.5,10.71,2349.9
2018-04-22 17:00:00,24.19,54.7,2.95,2205.9
2018-04-22 18:00:00,26.59,48.9,4.88,2155.7
2018-04-22 19:00:00,21.55,61.7,2.24,2111.3
2018-04-22 20:00:00,18.6,64.4,1.96,2104.7
2018-04-22 21:00:00,21.63,50.5,6.22,2267.7
2018-04-22 22:00:00,15.85,62.4,5.35,2392.9
2018-04-22 23:00:00,18.68,54.7,1.08,2601.1
2018-04-23 00:00:00,21.84,38.5,3.07,2884.7
2018-04-23 01:00:00,13.21,64.9,16.75,2910.9
2018-04-23 02:00:00,14.39,50.1,7.65,2885.9
2018-04-23 03:00:00,14.87,62.7,2.79,2725.1
2018-04-23 04:00:00,17.43,45.8,3.7,2552.9
2018-04-23 05:00:00,17.07,52.6,5.26,2418.3
2018-04-23 06:00:00,22.12,50.8,3.72,2233.7
2018-04-23 07:00:00,21.84,64.1,12.63,2231.3
2018-04-23 08:00:00,21.66,50.4,7.32,2229.1
2018-04-23 09:00:00,21.82,45.9,8.76,2340.3
2018-04-23 10:00:00,23.47,56.1,9.42,2428.8
2018-04-23 11:00:00,21.3,53.2,7.29,2504.9
2018-04-23 12:00:00,26.42,57.2,8.05,2577.9
2018-04-23 13:00:00,22.14,46.2,12.26,2606.2
2018-04-23 14:00:00,27.4,51.8,8.33,2687.8
2018-04-23 15:00:00,28.42,69.0,1.82,2614.2
2018-04-23 16:00:00,25.84,49.4,15.34,2486.0
2018-04-23 17:00:00,24.48,53.9,0.81,2406.6
2018-04-23 18:00:00,25.28,38.5,7.09,2342.4
2018-04-23 19:00:00,16.3,52.1,5.67,2301.4
2018-04-23 20:00:00,23.24,57.1,3.46,2340.4
2018-04-23 21:00:00,21.17,52.4,9.45,2505.8
2018-04-23 22:00:00,20.29,60.7,4.55,2735.0
2018-04-23 23:00:00,21.22,58.4,7.39,2830.1
2018-04-24 00:00:00,18.61,46.6,1.62,2969.7
2018-04-24 01:00:00,15.31,67.9,10.65,3052.7
2018-04-24 02:00:00,17.41,48.1,10.0,2984.5
2018-04-24 03:00:00,17.79,51.6,5.17,2820.9
2018-04-24 04:00:00,18.05,59.4,2.33,2582.5
2018-04-24 05:00:00,18.57,69.7,11.17,2417.6
2018-04-24 06:00:00,21.4,46.9,0.88,2302.8
2018-04-24 07:00:00,16.91,59.7,5.37,2311.5
2018-04-24 08:00:00,21.03,56.4,4.05,2373.0
2018-04-24 09:00:00,24.85,57.4,6.93,2447.3
2018-04-24 10:00:00,18.32,66.8,3.99,2444.1
2018-04-24 11:00:00,24.07,49.5,9.63,2452.0
2018-04-24 12:00:00,22.99,61.7,1.82,2537.5
2018-04-24 13:00:00,24.16,63.3,11.23,2620.0
2018-04-24 14:00:00,23.23,67.7,4.66,2536.5
2018-04-24 15:00:00,25.2,55.9,3.33,2564.3
2018-04-24 16:00:00,30.09,49.2,6.81,2618.5
2018-04-24 17:00:00,21.93,50.7,9.25,2291.5
2018-04-24 18:00:00,21.53,43.1,4.33,2182.6
2018-04-24 19:00:00,20.37,53.5,4.66,2267.7
2018-04-24 20:00:00,26.98,51.3,2.6,2382.4
2018-04-24 21:00:00,20.47,54.7,0.82,2538.5
2018-04-24 22:00:00,20.53,60.4,3.18,2715.5
2018-04-24 23:00:00,18.62,45.5,5.22,2928.2
2018-04-25 00:00:00,16.61,57.3,3.82,3017.6
2018-04-25 01:00:00,17.74,73.8,3.83,3006.6
2018-04-25 02:00:00,24.08,60.7,1.8,2883.6
2018-04-25 03:00:00,21.28,59.9,2.09,2741.3
2018-04-25 04:00:00,15.8,62.5,1.75,2534.6
2018-04-25 05:00:00,19.95,53.1,5.32,2351.6
2018-04-25 06:00:00,16.89,44.5,7.02,2205.4
2018-04-25 07:00:00,15.36,63.4,5.49,2195.6
2018-04-25 08:00:00,23.31,33.8,7.29,2277.5
2018-04-25 09:00:00,24.7,49.6,2.06,2352.4
2018-04-25 10:00:00,25.45,51.6,4.99,2431.1
2018-04-25 11:00:00,22.62,50.3,3.38,2538.0
2018-04-25 12:00:00,24.21,70.0,4.4,2552.0
2018-04-25 13:00:00,27.13,64.9,1.16,2718.7
2018-04-25 14:00:00,26.64,59.0,1.71,2661.0
2018-04-25 15:00:00,24.81,44.7,5.19,2599.0
2018-04-25 16:00:00,21.61,70.1,2.59,2512.6
2018-04-25 17:00:00,25.55,56.5,2.74,2496.5
2018-04-25 18:00:00,27.32,42.6,4.12,2369.6
2018-04-25 19:00:00,20.8,55.6,7.11,2275.3
2018-04-25 20:00:00,24.43,60.1,9.1,2323.4
2018-04-25 21:00:00,22.63,49.1,0.89,2475.0
2018-04-25 22:00:00,22.64,55.0,3.24,2628.7
2018-04-25 23:00:00,21.98,57.0,5.71,2729.2
2018-04-26 00:00:00,17.4,49.3,6.88,2875.6
2018-04-26 01:00:00,14.46,58.3,8.55,2911.5
2018-04-26 02:00:00,16.77,50.4,6.38,2917.0
2018-04-26 03:00:00,20.19,62.8,2.82,2804.2
2018-04-26 04:00:00,16.75,51.3,5.62,2586.8
2018-04-26 05:00:00,16.77,60.9,5.11,2473.2
2018-04-26 06:00:00,14.58,49.2,1.63,2374.9
2018-04-26 07:00:00,24.35,43.5,2.55,2390.9
2018-04-26 08:00:00,22.99,44.1,6.09,2358.3
2018-04-26 09:00:00,23.89,50.6,8.56,2407.2
2018-04-26 10:00:00,25.42,53.1,3.09,2525.2
2018-04-26 11:00:00,25.41,54.6,16.75,2621.0
2018-04-26 12:00:00,24.18,38.5,0.25,2572.2
2018-04-26 13:00:00,25.02,50.6,4.77,2652.9
2018-04-26 14:00:00,24.76,46.2,5.19,2624.3
2018-04-26 15:00:00,32.55,50.2,9.74,2746.4
2018-04-26 16:00:00,27.22,48.1,2.75,2505.5
2018-04-26 17:00:00,24.27,51.9,3.17,2409.5
2018-04-26 18:00:00,25.96,45.3,3.22,2378.9
2018-04-26 19:00:00,21.44,68.6,9.4,2262.0
2018-04-26 20:00:00,26.76,40.3,10.61,2387.7
2018-04-26 21:00:00,20.31,52.6,3.64,2453.1
2018-04-26 22:00:00,22.18,55.1,2.24,2658.8
2018-04-26 23:00:00,22.63,51.9,2.31,2783.7
2018-04-27 00:00:00,20.27,49.7,1.38,2854.4
2018-04-27 01:00:00,18.9,42.4,11.4,2864.7
2018-04-27 02:00:00,18.3,51.8,4.84,2803.4
2018-04-27 03:00:00,17.99,49.9,9.07,2733.8
2018-04-27 04:00:00,16.83,72.0,3.96,2568.3
2018-04-27 05:00:00,17.54,76.1,18.45,2455.6
2018-04-27 06:00:00,23.0,53.2,8.06,2328.3
2018-04-27 07:00:00,19.86,44.9,6.16,2268.1
2018-04-27 08:00:00,19.13,62.6,7.09,2269.1
2018-04-27 09:00:00,20.84,47.5,2.12,2326.4
2018-04-27 10:00:00,25.92,46.9,3.27,2479.5
2018-04-27 11:00:00,25.82,46.3,8.98,2538.6
2018-04-27 12:00:00,26.36,46.9,4.96,2600.4
2018-04-27 13:00:00,24.95,49.2,7.41,2647.9
2018-04-27 14:00:00,27.43,39.5,3.86,2675.9
2018-04-27 15:00:00,24.52,46.8,4.43,2568.7
2018-04-27 16:00:00,25.35,59.9,10.81,2499.2
2018-04-27 17:00:00,28.02,49.3,5.59,2525.9
2018-04-27 18:00:00,27.15,51.3,5.77,2454.4
2018-04-27 19:00:00,21.68,36.8,4.62,2417.8
2018-04-27 20:00:00,21.03,62.8,3.53,2390.3
2018-04-27 21:00:00,22.4,48.6,4.04,2525.9
2018-04-27 22:00:00,25.41,60.7,4.98,2717.2
2018-04-27 23:00:00,15.34,61.0,11.19,2838.3
2018-04-28 00:00:00,20.16,51.4,5.02,2640.6
2018-04-28 01:00:00,15.39,46.3,9.79,2726.0
2018-04-28 02:00:00,16.85,75.9,2.31,2584.5
2018-04-28 03:00:00,17.39,64.5,6.77,2479.7
2018-04-28 04:00:00,17.38,65.0,0.78,2291.4
2018-04-28 05:00:00,17.5,72.6,2.65,2107.7
2018-04-28 06:00:00,19.49,58.2,2.75,1983.2
2018-04-28 07:00:00,18.96,67.7,3.31,1968.2
2018-04-28 08:00:00,17.61,54.1,9.77,1988.3
2018-04-28 09:00:00,24.25,58.5,0.87,2080.5
2018-04-28 10:00:00,25.21,46.8,10.63,2096.0
2018-04-28 11:00:00,26.41,46.8,0.76,2123.6
2018-04-28 12:00:00,21.27,55.8,3.7,2086.5
2018-04-28 13:00:00,26.51,40.7,3.86,2251.8
2018-04-28 14:00:00,27.85,52.4,13.02,2366.1
2018-04-28 15:00:00,23.72,50.5,7.8,2270.8
2018-04-28 16:00:00,26.18,35.2,15.97,2272.8
2018-04-28 17:00:00,25.47,48.0,17.6,2182.9
2018-04-28 18:00:00,29.73,45.5,9.72,2218.9
2018-04-28 19:00:00,29.11,55.5,2.58,2214.2
2018-04-28 20:00:00,19.17,58.9,6.53,2094.5
2018-04-28 21:00:00,28.53,60.8,5.26,2317.6
2018-04-28 22:00:00,18.97,61.0,3.08,2435.8
2018-04-28 23:00:00,22.75,49.4,9.34,2646.7
2018-04-29 00:00:00,22.06,53.9,1.37,2777.4
2018-04-29 01:00:00,16.51,56.0,2.29,2788.0
2018-04-29 02:00:00,19.83,60.0,0.85,2728.4
2018-04-29 03:00:00,18.19,57.9,2.04,2508.9
2018-04-29 04:00:00,19.98,51.0,2.47,2276.3
2018-04-29 05:00:00,19.57,56.4,4.31,2191.0
2018-04-29 06:00:00,22.62,57.6,9.86,2139.2
2018-04-29 07:00:00,20.65,47.4,3.23,2157.7
2018-04-29 08:00:00,21.01,57.7,10.0,2157.2
2018-04-29 09:00:00,25.2,39.2,17.37,2197.3
2018-04-29 10:00:00,24.95,60.9,10.96,2251.2
2018-04-29 11:00:00,26.29,55.2,2.17,2416.3
2018-04-29 12:00:00,23.63,66.1,2.8,2390.5
2018-04-29 13:00:00,23.31,44.4,10.04,2412.3
2018-04-29 14:00:00,24.9,61.1,2.75,2483.5
2018-04-29 15:00:00,24.91,59.6,5.18,2439.9
2018-04-29 16:00:00,28.29,47.9,6.87,2392.9
2018-04-29 17:00:00,28.36,46.3,8.2,2318.4
2018-04-29 18:00:00,24.9,43.4,5.75,2144.1
2018-04-29 19:00:00,28.04,38.8,1.7,2171.1
2018-04-29 20:00:00,26.92,44.5,3.55,2090.1
2018-04-29 21:00:00,23.07,43.5,10.95,2098.4
2018-04-29 22:00:00,19.37,69.3,4.89,2275.7
2018-04-29 23:00:00,24.4,40.5,14.9,2548.3
2018-04-30 00:00:00,19.64,57.5,5.98,2889.0
2018-04-30 01:00:00,19.47,59.9,2.4,2919.0
2018-04-30 02:00:00,17.91,60.5,7.46,2859.4
2018-04-30 03:00:00,16.4,62.4,11.34,2697.3
2018-04-30 04:00:00,15.09,67.5,5.43,2463.8
2018-04-30 05:00:00,20.74,51.8,5.49,2354.2
2018-04-30 06:00:00,17.83,58.4,6.5,2277.5
2018-04-30 07:00:00,28.27,47.0,7.04,2353.1
2018-04-30 08:00:00,18.87,67.3,2.87,2247.6
2018-04-30 09:00:00,19.48,73.2,0.89,2374.8
2018-04-30 10:00:00,24.93,42.5,7.73,2459.8
2018-04-30 11:00:00,28.44,33.0,4.92,2647.3
2018-04-30 12:00:00,25.61,56.1,6.58,2568.6
2018-04-30 13:00:00,27.52,58.6,4.26,2629.3
2018-04-30 14:00:00,21.88,70.2,6.65,2632.0
2018-04-30 15:00:00,24.93,58.0,2.21,2621.5
2018-04-30 16:00:00,23.8,64.1,3.65,2430.9
2018-04-30 17:00:00,21.35,68.2,2.13,2289.7
2018-04-30 18:00:00,25.74,63.1,3.72,2274.7
2018-04-30 19:00:00,19.01,63.8,1.45,2263.7
2018-04-30 20:00:00,20.35,45.5,8.28,2297.6
2018-04-30 21:00:00,21.28,54.9,12.68,2470.5
2018-04-30 22:00:00,19.51,58.8,1.54,2661.3
2018-04-30 23:00:00,21.61,53.9,4.97,2818.0
2018-05-01 00:00:00,20.71,55.1,4.26,2964.3
2018-05-01 01:00:00,21.55,67.3,13.03,3022.8
2018-05-01 02:00:00,20.8,49.3,5.22,2925.4
2018-05-01 03:00:00,21.63,61.1,10.59,2740.3
2018-05-01 04:00:00,18.91,59.4,7.9,2499.2
2018-05-01 05:00:00,20.07,49.1,6.07,2372.8
2018-05-01 06:00:00,21.23,46.4,3.14,2258.9
2018-05-01 07:00:00,21.13,41.5,6.09,2256.7
2018-05-01 08:00:00,20.75,59.3,2.09,2295.1
2018-05-01 09:00:00,21.95,53.9,3.63,2367.5
2018-05-01 10:00:00,21.77,48.0,0.77,2431.0
2018-05-01 11:00:00,25.83,36.3,11.8,2497.1
2018-05-01 12:00:00,25.37,55.2,5.55,2577.5
2018-05-01 13:00:00,24.59,50.9,11.57,2643.6
2018-05-01 14:00:00,24.99,46.3,5.38,2747.9
2018-05-01 15:00:00,23.75,45.3,5.69,2657.2
2018-05-01 16:00:00,29.09,46.8,7.57,2615.1
2018-05-01 17:00:00,26.44,54.6,4.67,2420.7
2018-05-01 18:00:00,23.45,50.6,4.23,2293.3
2018-05-01 19:00:00,26.8,41.1,3.79,2341.7
2018-05-01 20:00:00,22.41,53.6,2.23,2360.6
2018-05-01 21:00:00,19.26,65.0,3.81,2540.1
2018-05-01 22:00:00,24.3,52.9,9.91,2742.9
2018-05-01 23:00:00,19.44,57.0,3.53,2835.1
2018-05-02 00:00:00,19.08,54.1,16.93,2956.2
2018-05-02 01:00:00,19.57,49.2,0.86,2892.8
2018-05-02 02:00:00,21.93,47.1,10.21,2811.7
2018-05-02 03:00:00,18.99,43.5,4.1,2654.8
2018-05-02 04:00:00,16.07,68.6,6.95,2508.9
2018-05-02 05:00:00,20.83,59.0,2.37,2381.1
2018-05-02 06:00:00,18.89,57.5,1.09,2258.7
2018-05-02 07:00:00,25.65,53.8,8.87,2249.6
2018-05-02 08:00:00,21.9,57.2,11.57,2242.6
2018-05-02 09:00:00,17.35,52.2,5.04,2327.0
2018-05-02 10:00:00,24.86,49.5,3.53,2463.3
2018-05-02 11:00:00,29.8,44.4,4.75,2598.3
2018-05-02 12:00:00,29.7,68.3,4.75,2657.6
2018-05-02 13:00:00,30.98,55.4,4.04,2683.3
2018-05-02 14:00:00,24.25,53.9,5.46,2542.0
2018-05-02 15:00:00,29.22,59.6,7.23,2524.5
2018-05-02 16:00:00,24.99,61.9,6.79,2374.6
2018-05-02 17:00:00,26.96,39.4,3.0,2380.4
2018-05-02 18:00:00,22.58,52.2,4.1,2300.7
2018-05-02 19:00:00,23.32,53.2,1.98,2295.5
2018-05-02 20:00:00,22.28,59.1,6.65,2366.6
2018-05-02 21:00:00,25.18,50.1,2.54,2551.0
2018-05-02 22:00:00,23.9,52.1,0.43,2707.2
2018-05-02 23:00:00,21.63,51.0,3.26,2758.9
2018-05-03 00:00:00,16.88,66.9,6.88,2971.7
2018-05-03 01:00:00,18.85,45.4,7.16,2980.9
2018-05-03 02:00:00,17.36,54.7,10.08,2891.3
2018-05-03 03:00:00,21.26,40.2,18.82,2797.1
2018-05-03 04:00:00,22.17,46.0,4.89,2617.8
2018-05-03 05:00:00,22.27,56.7,4.24,2556.9
2018-05-03 06:00:00,18.37,60.0,5.38,2402.4
2018-05-03 07:00:00,14.24,58.1,3.64,2397.8
2018-05-03 08:00:00,17.64,66.9,1.78,2392.1
2018-05-03 09:00:00,26.64,61.5,1.66,2497.2
2018-05-03 10:00:00,23.12,52.9,4.49,2470.3
2018-05-03 11:00:00,23.21,55.4,12.28,2511.3
2018-05-03 12:00:00,30.02,44.4,3.44,2732.2
2018-05-03 13:00:00,29.72,53.2,8.04,2778.3
2018-05-03 14:00:00,27.01,40.8,10.81,2743.3
2018-05-03 15:00:00,26.36,65.3,7.96,2620.7
2018-05-03 16:00:00,26.62,59.8,8.59,2484.8
2018-05-03 17:00:00,27.12,40.7,1.79,2366.6
2018-05-03 18:00:00,29.92,41.8,4.01,2327.2
2018-05-03 19:00:00,26.15,54.5,1.22,2233.0
2018-05-03 20:00:00,25.94,48.5,2.95,2297.8
2018-05-03 21:00:00,26.01,55.5,1.63,2473.8
2018-05-03 22:00:00,19.13,53.8,6.93,2663.5
2018-05-03 23:00:00,22.98,65.8,1.63,2849.6
2018-05-04 00:00:00,19.68,56.3,1.66,2917.1
2018-05-04 01:00:00,13.49,80.6,4.66,2971.2
2018-05-04 02:00:00,14.06,65.6,0.8,2898.1
2018-05-04 03:00:00,16.69,47.8,17.69,2762.4
2018-05-04 04:00:00,20.7,72.1,3.94,2628.7
2018-05-04 05:00:00,20.06,64.7,10.63,2448.4
2018-05-04 06:00:00,20.87,58.3,1.74,2402.2
2018-05-04 07:00:00,26.12,56.3,6.16,2348.7
2018-05-04 08:00:00,19.03,47.3,7.11,2345.8
2018-05-04 09:00:00,23.17,39.0,2.1,2378.0
2018-05-04 10:00:00,25.04,51.6,8.35,2478.8
2018-05-04 11:00:00,23.4,64.3,2.89,2537.3
2018-05-04 12:00:00,26.14,54.3,3.42,2616.9
2018-05-04 13:00:00,22.7,67.5,2.09,2583.2
2018-05-04 14:00:00,30.63,58.1,8.64,2685.0
2018-05-04 15:00:00,25.54,51.7,6.07,2577.7
2018-05-04 16:00:00,32.18,55.7,5.78,2652.8
2018-05-04 17:00:00,26.62,62.9,5.66,2520.9
2018-05-04 18:00:00,28.64,48.4,5.93,2446.2
2018-05-04 19:00:00,25.11,50.2,2.77,2280.7
2018-05-04 20:00:00,24.2,53.8,7.9,2332.1
2018-05-04 21:00:00,21.78,35.3,2.42,2364.6
2018-05-04 22:00:00,22.5,56.2,5.73,2619.8
2018-05-04 23:00:00,22.04,60.1,4.36,2823.9
2018-05-05 00:00:00,18.6,58.3,3.27,2644.5
2018-05-05 01:00:00,19.61,59.1,4.45,2608.6
2018-05-05 02:00:00,18.0,57.3,5.78,2509.9
2018-05-05 03:00:00,25.14,35.9,7.88,2432.1
2018-05-05 04:00:00,19.3,69.9,5.09,2200.6
2018-05-05 05:00:00,23.79,50.0,9.34,2108.6
2018-05-05 06:00:00,20.07,51.0,2.91,2039.9
2018-05-05 07:00:00,22.04,65.2,3.93,1986.4
2018-05-05 08:00:00,19.05,64.6,7.04,2048.5
2018-05-05 09:00:00,22.27,56.4,1.75,2153.1
2018-05-05 10:00:00,24.95,58.2,8.55,2268.9
2018-05-05 11:00:00,29.35,39.3,1.87,2425.1
2018-05-05 12:00:00,26.77,49.9,14.91,2404.6
2018-05-05 13:00:00,30.31,58.1,2.94,2583.1
2018-05-05 14:00:00,28.85,43.5,14.05,2504.9
2018-05-05 15:00:00,31.46,38.8,8.1,2493.3
2018-05-05 16:00:00,27.11,50.9,1.43,2367.1
2018-05-05 17:00:00,32.83,46.6,2.32,2352.7
2018-05-05 18:00:00,25.0,57.2,1.61,2102.3
2018-05-05 19:00:00,23.47,42.2,3.88,1986.7
2018-05-05 20:00:00,21.4,34.5,9.27,2002.4
2018-05-05 21:00:00,29.22,56.0,12.88,2335.6
2018-05-05 22:00:00,24.4,43.8,2.06,2411.4
2018-05-05 23:00:00,20.55,50.7,1.82,2610.8
2018-05-06 00:00:00,23.83,35.5,6.4,2713.2
2018-05-06 01:00:00,21.79,62.8,1.47,2672.2
2018-05-06 02:00:00,24.59,55.1,9.17,2594.0
2018-05-06 03:00:00,15.67,61.9,7.6,2451.8
2018-05-06 04:00:00,19.01,59.2,5.16,2190.2
2018-05-06 05:00:00,18.91,40.4,8.92,2120.4
2018-05-06 06:00:00,15.77,51.5,8.72,2045.3
2018-05-06 07:00:00,24.19,49.0,2.3,2020.2
2018-05-06 08:00:00,21.82,48.6,1.77,1990.7
2018-05-06 09:00:00,25.38,49.5,4.7,2071.6
2018-05-06 10:00:00,30.47,49.6,9.07,2286.3
2018-05-06 11:00:00,24.65,60.3,2.19,2194.0
2018-05-06 12:00:00,25.31,39.9,1.87,2271.5
2018-05-06 13:00:00,27.3,50.1,1.96,2397.1
2018-05-06 14:00:00,29.87,53.8,3.49,2370.8
2018-05-06 15:00:00,26.12,43.7,0.26,2256.8
2018-05-06 16:00:00,25.82,49.8,2.48,2129.8
2018-05-06 17:00:00,29.64,52.0,6.78,2067.0
2018-05-06 18:00:00,27.31,50.2,9.03,1970.8
2018-05-06 19:00:00,20.42,61.1,17.77,1910.2
2018-05-06 20:00:00,21.51,55.6,4.56,1950.3
2018-05-06 21:00:00,27.29,47.7,3.08,2099.3
2018-05-06 22:00:00,23.5,43.8,15.34,2207.7
2018-05-06 23:00:00,19.63,58.3,4.97,2411.3
2018-05-07 00:00:00,20.42,56.5,5.08,2793.9
2018-05-07 01:00:00,20.25,47.9,11.25,2787.9
2018-05-07 02:00:00,21.65,59.3,1.12,2713.2
2018-05-07 03:00:00,16.28,69.1,5.27,2615.6
2018-05-07 04:00:00,17.71,52.5,1.61,2461.5
2018-05-07 05:00:00,20.9,49.5,0.82,2277.8
2018-05-07 06:00:00,20.6,49.4,2.32,2206.9
2018-05-07 07:00:00,23.11,40.1,13.52,2173.8
2018-05-07 08:00:00,19.57,72.4,1.12,2175.0
2018-05-07 09:00:00,24.57,48.8,3.48,2279.5
2018-05-07 10:00:00,27.44,43.2,8.47,2363.6
2018-05-07 11:00:00,26.9,41.5,2.44,2424.4
2018-05-07 12:00:00,26.86,47.4,17.58,2543.2
2018-05-07 13:00:00,26.9,44.9,4.83,2691.0
2018-05-07 14:00:00,25.46,63.1,1.01,2598.8
2018-05-07 15:00:00,27.5,40.0,2.28,2565.6
2018-05-07 16:00:00,30.69,35.1,1.09,2602.6
2018-05-07 17:00:00,26.85,54.9,2.54,2382.4
2018-05-07 18:00:00,24.28,51.7,3.87,2258.0
2018-05-07 19:00:00,24.45,50.7,8.6,2302.3
2018-05-07 20:00:00,25.22,56.3,19.98,2322.4
2018-05-07 21:00:00,22.75,54.9,3.99,2407.0
2018-05-07 22:00:00,23.86,52.5,7.66,2548.0
2018-05-07 23:00:00,22.99,42.4,4.43,2753.2
2018-05-08 00:00:00,23.21,40.1,2.17,2804.7
2018-05-08 01:00:00,23.92,47.3,2.83,2825.8
2018-05-08 02:00:00,22.45,45.4,12.69,2699.3
2018-05-08 03:00:00,17.48,60.2,3.32,2556.6
2018-05-08 04:00:00,17.7,43.5,14.3,2476.8
2018-05-08 05:00:00,20.17,52.3,5.15,2347.3
2018-05-08 06:00:00,19.86,54.7,5.5,2264.7
2018-05-08 07:00:00,18.97,56.5,10.97,2247.4
2018-05-08 08:00:00,21.68,57.8,5.8,2269.5
2018-05-08 09:00:00,22.63,51.3,0.2,2382.2
2018-05-08 10:00:00,23.18,48.1,2.58,2482.0
2018-05-08 11:00:00,25.03,61.9,5.45,2513.8
2018-05-08 12:00:00,29.59,45.8,5.94,2689.7
2018-05-08 13:00:00,27.78,61.1,5.83,2698.7
2018-05-08 14:00:00,33.86,42.3,4.56,2837.7
2018-05-08 15:00:00,28.25,49.3,5.31,2600.6
2018-05-08 16:00:00,26.96,49.3,11.71,2506.3
2018-05-08 17:00:00,27.29,52.0,3.59,2410.7
2018-05-08 18:00:00,27.29,46.8,4.57,2298.6
2018-05-08 19:00:00,26.91,51.2,9.33,2305.4
2018-05-08 20:00:00,30.05,60.2,9.59,2339.8
2018-05-08 21:00:00,21.71,63.0,1.73,2475.5
2018-05-08 22:00:00,24.93,60.5,0.66,2631.5
2018-05-08 23:00:00,22.34,43.4,8.22,2796.5
2018-05-09 00:00:00,17.2,48.8,6.61,2915.7
2018-05-09 01:00:00,22.42,55.8,4.9,2986.5
2018-05-09 02:00:00,23.26,59.6,8.76,2975.7
2018-05-09 03:00:00,17.82,53.6,4.13,2779.4
2018-05-09 04:00:00,20.07,50.4,6.4,2598.3
2018-05-09 05:00:00,16.18,70.2,3.33,2417.3
2018-05-09 06:00:00,17.98,63.1,2.53,2275.2
2018-05-09 07:00:00,24.58,60.8,4.04,2272.6
2018-05-09 08:00:00,21.76,51.1,1.16,2266.7
2018-05-09 09:00:00,21.19,50.9,2.35,2323.8
2018-05-09 10:00:00,25.57,59.1,4.77,2421.2
2018-05-09 11:00:00,24.65,50.2,6.55,2494.6
2018-05-09 12:00:00,25.61,46.6,10.82,2600.3
2018-05-09 13:00:00,29.27,41.3,4.55,2650.3
2018-05-09 14:00:00,24.92,48.0,2.47,2612.1
2018-05-09 15:00:00,25.7,58.4,1.62,2650.2
2018-05-09 16:00:00,28.21,37.4,10.26,2554.8
2018-05-09 17:00:00,29.85,53.2,5.49,2491.1
2018-05-09 18:00:00,29.88,42.4,4.39,2419.9
2018-05-09 19:00:00,24.3,50.9,5.62,2316.2
2018-05-09 20:00:00,27.34,49.0,8.83,2433.5
2018-05-09 21:00:00,22.0,52.6,13.06,2523.8
2018-05-09 22:00:00,27.49,47.7,1.39,2762.8
2018-05-09 23:00:00,19.12,53.1,4.11,2812.0
2018-05-10 00:00:00,24.59,47.8,8.3,2934.6
2018-05-10 01:00:00,18.99,67.4,1.5,2986.9
2018-05-10 02:00:00,25.26,52.0,16.34,2901.8
2018-05-10 03:00:00,21.57,53.7,4.07,2731.6
2018-05-10 04:00:00,17.69,52.7,17.89,2583.7
2018-05-10 05:00:00,19.33,53.3,1.29,2445.8
2018-05-10 06:00:00,23.22,48.3,10.01,2384.9
2018-05-10 07:00:00,24.73,58.3,2.82,2355.7
2018-05-10 08:00:00,22.88,47.7,5.0,2338.7
2018-05-10 09:00:00,24.21,34.7,7.67,2473.1
2018-05-10 10:00:00,27.03,50.8,9.45,2645.9
2018-05-10 11:00:00,26.42,48.6,6.81,2736.0
2018-05-10 12:00:00,23.69,48.4,4.81,2746.0
2018-05-10 13:00:00,25.53,58.9,5.54,2757.0
2018-05-10 14:00:00,28.55,27.3,24.75,2797.4
2018-05-10 15:00:00,31.13,59.7,10.54,2786.5
2018-05-10 16:00:00,32.0,54.8,2.13,2755.4
2018-05-10 17:00:00,29.51,43.4,5.46,2601.2
2018-05-10 18:00:00,27.64,46.3,7.1,2482.1
2018-05-10 19:00:00,27.97,53.7,0.38,2428.8
2018-05-10 20:00:00,23.46,57.5,11.42,2286.1
2018-05-10 21:00:00,23.71,48.0,2.34,2467.1
2018-05-10 22:00:00,21.0,42.3,3.03,2619.0
2018-05-10 23:00:00,18.97,73.7,1.76,2829.9
2018-05-11 00:00:00,22.23,61.9,10.07,2923.5
2018-05-11 01:00:00,21.23,56.3,7.94,3006.3
2018-05-11 02:00:00,22.08,55.7,10.45,2894.5
2018-05-11 03:00:00,21.59,59.7,13.76,2732.5
2018-05-11 04:00:00,20.97,61.2,6.01,2550.6
2018-05-11 05:00:00,22.16,37.6,3.41,2332.8
2018-05-11 06:00:00,21.29,52.2,6.09,2256.4
2018-05-11 07:00:00,23.26,49.8,3.01,2270.3
2018-05-11 08:00:00,21.38,53.6,7.56,2295.4
2018-05-11 09:00:00,25.15,58.0,11.69,2474.6
2018-05-11 10:00:00,26.93,36.1,2.48,2519.1
2018-05-11 11:00:00,24.55,41.6,6.12,2473.8
2018-05-11 12:00:00,27.19,44.8,4.72,2529.0
2018-05-11 13:00:00,26.13,52.3,4.98,2563.3
2018-05-11 14:00:00,26.78,57.2,9.94,2635.5
2018-05-11 15:00:00,25.42,64.7,7.19,2584.4
2018-05-11 16:00:00,31.26,44.7,4.13,2590.8
2018-05-11 17:00:00,30.36,54.4,4.54,2534.2
2018-05-11 18:00:00,28.4,55.0,5.51,2396.1
2018-05-11 19:00:00,31.16,51.4,5.25,2350.7
2018-05-11 20:00:00,24.79,52.0,5.5,2324.3
2018-05-11 21:00:00,31.81,43.4,8.8,2597.0
2018-05-11 22:00:00,22.62,45.4,1.73,2626.5
2018-05-11 23:00:00,22.87,44.7,7.25,2864.7
2018-05-12 00:00:00,20.54,58.3,7.82,2705.0
2018-05-12 01:00:00,21.83,54.1,17.21,2729.6
2018-05-12 02:00:00,22.58,50.6,4.79,2607.1
2018-05-12 03:00:00,20.07,61.3,7.17,2421.6
2018-05-12 04:00:00,24.94,50.4,9.89,2261.0
2018-05-12 05:00:00,21.49,47.5,7.06,2108.2
2018-05-12 06:00:00,22.21,52.1,0.72,1985.5
2018-05-12 07:00:00,20.09,62.5,0.83,1953.2
2018-05-12 08:00:00,24.37,44.3,4.46,1995.6
2018-05-12 09:00:00,24.02,54.5,5.19,2050.3
2018-05-12 10:00:00,23.87,52.5,6.54,2093.0
2018-05-12 11:00:00,24.42,46.4,1.6,2171.0
2018-05-12 12:00:00,33.87,42.6,8.01,2368.0
2018-05-12 13:00:00,27.16,37.7,1.63,2288.5
2018-05-12 14:00:00,24.58,53.2,6.99,2266.6
2018-05-12 15:00:00,26.61,39.8,2.16,2276.0
2018-05-12 16:00:00,28.09,58.1,7.72,2256.1
2018-05-12 17:00:00,29.19,47.9,9.92,2253.0
2018-05-12 18:00:00,28.57,44.6,2.66,2079.3
2018-05-12 19:00:00,28.05,58.8,6.91,2021.3
2018-05-12 20:00:00,23.78,44.7,5.85,1966.7
2018-05-12 21:00:00,25.21,45.9,2.55,2133.7
2018-05-12 22:00:00,21.13,40.5,1.54,2310.3
2018-05-12 23:00:00,20.81,65.8,8.12,2441.4
2018-05-13 00:00:00,19.36,71.5,15.65,2579.5
2018-05-13 01:00:00,18.05,44.2,4.12,2645.7
2018-05-13 02:00:00,23.28,46.8,0.74,2598.2
2018-05-13 03:00:00,22.21,54.8,0.38,2423.0
2018-05-13 04:00:00,23.06,49.4,5.47,2282.8
2018-05-13 05:00:00,21.12,54.9,1.17,2108.4
2018-05-13 06:00:00,23.6,52.2,0.93,2061.9
2018-05-13 07:00:00,18.08,60.8,2.5,2023.7
2018-05-13 08:00:00,25.61,43.8,7.97,2074.2
2018-05-13 09:00:00,24.93,53.6,7.5,2065.3
2018-05-13 10:00:00,27.09,41.4,8.32,2174.1
2018-05-13 11:00:00,27.44,46.8,3.33,2210.7
2018-05-13 12:00:00,24.85,38.2,3.53,2195.4
2018-05-13 13:00:00,24.21,49.4,10.38,2226.6
2018-05-13 14:00:00,26.57,46.2,3.94,2280.0
2018-05-13 15:00:00,29.9,55.6,1.5,2269.4
2018-05-13 16:00:00,30.08,47.5,2.62,2207.6
2018-05-13 17:00:00,24.53,53.4,8.42,2020.5
2018-05-13 18:00:00,24.86,51.9,6.81,1927.9
2018-05-13 19:00:00,24.68,35.2,4.41,1894.2
2018-05-13 20:00:00,24.63,36.3,1.08,1977.5
2018-05-13 21:00:00,21.08,52.6,6.77,2068.3
2018-05-13 22:00:00,19.9,58.3,3.78,2279.9
2018-05-13 23:00:00,20.43,53.8,1.48,2460.2
2018-05-14 00:00:00,22.0,47.5,8.28,2872.9
2018-05-14 01:00:00,18.2,55.5,3.95,2929.7
2018-05-14 02:00:00,20.46,53.0,5.28,2839.9
2018-05-14 03:00:00,23.26,59.6,11.47,2670.6
2018-05-14 04:00:00,17.49,63.8,6.32,2505.5
2018-05-14 05:00:00,20.63,51.1,7.85,2331.1
2018-05-14 06:00:00,24.35,52.1,5.01,2198.6
2018-05-14 07:00:00,21.57,57.0,8.98,2184.0
2018-05-14 08:00:00,22.14,57.7,1.83,2188.4
2018-05-14 09:00:00,27.52,63.2,1.08,2243.7
2018-05-14 10:00:00,24.88,51.9,1.64,2288.9
2018-05-14 11:00:00,29.37,57.9,3.55,2490.0
2018-05-14 12:00:00,28.51,39.9,7.84,2519.9
2018-05-14 13:00:00,27.22,45.1,3.2,2534.2
2018-05-14 14:00:00,29.67,31.2,7.68,2617.5
2018-05-14 15:00:00,29.41,49.7,5.49,2566.2
2018-05-14 16:00:00,31.03,52.4,17.46,2525.9
2018-05-14 17:00:00,26.71,30.2,5.6,2390.3
2018-05-14 18:00:00,27.54,51.5,2.92,2344.6
2018-05-14 19:00:00,26.46,55.7,7.13,2295.3
2018-05-14 20:00:00,27.41,54.5,5.19,2283.4
2018-05-14 21:00:00,22.05,44.8,1.83,2367.1
2018-05-14 22:00:00,26.12,57.3,4.36,2581.9
2018-05-14 23:00:00,23.78,53.1,4.29,2750.5
2018-05-15 00:00:00,18.61,61.8,4.49,2790.7
2018-05-15 01:00:00,24.29,51.6,1.95,2887.8
2018-05-15 02:00:00,26.46,53.9,15.8,2814.2
2018-05-15 03:00:00,23.24,62.3,1.21,2645.0
2018-05-15 04:00:00,24.44,50.8,11.62,2526.6
2018-05-15 05:00:00,21.48,57.1,4.84,2363.3
2018-05-15 06:00:00,17.75,67.8,2.28,2279.2
2018-05-15 07:00:00,18.12,56.4,14.15,2246.5
2018-05-15 08:00:00,24.34,43.5,0.21,2240.0
2018-05-15 09:00:00,23.25,58.8,2.25,2339.8
2018-05-15 10:00:00,23.48,64.7,4.13,2452.0
2018-05-15 11:00:00,26.58,61.0,2.54,2541.1
2018-05-15 12:00:00,29.1,54.4,4.53,2502.2
2018-05-15 13:00:00,24.57,33.6,7.42,2522.1
2018-05-15 14:00:00,27.48,44.9,1.53,2508.7
2018-05-15 15:00:00,32.51,41.3,5.83,2608.7
2018-05-15 16:00:00,25.91,51.6,7.93,2390.9
2018-05-15 17:00:00,30.37,61.2,1.7,2403.9
2018-05-15 18:00:00,26.35,42.3,5.48,2211.3
2018-05-15 19:00:00,28.1,67.5,4.26,2217.5
2018-05-15 20:00:00,28.51,46.1,2.04,2210.9
2018-05-15 21:00:00,26.59,44.6,2.21,2323.1
2018-05-15 22:00:00,25.97,58.0,2.24,2508.0
2018-05-15 23:00:00,19.85,63.5,3.3,2681.2
2018-05-16 00:00:00,24.81,57.4,3.33,2817.7
2018-05-16 01:00:00,19.26,50.4,11.91,2834.3
2018-05-16 02:00:00,21.64,58.7,6.14,2750.0
2018-05-16 03:00:00,21.5,46.5,6.27,2627.5
2018-05-16 04:00:00,22.2,47.9,5.28,2473.9
2018-05-16 05:00:00,22.23,53.5,5.61,2359.3
2018-05-16 06:00:00,19.92,49.5,6.59,2211.8
2018-05-16 07:00:00,19.48,64.8,1.79,2181.4
2018-05-16 08:00:00,26.0,46.6,4.4,2268.5
2018-05-16 09:00:00,25.32,50.0,2.3,2389.6
2018-05-16 10:00:00,28.76,41.9,9.34,2588.6
2018-05-16 11:00:00,26.74,58.9,3.05,2550.0
2018-05-16 12:00:00,24.17,47.3,6.65,2538.8
2018-05-16 13:00:00,30.73,56.5,7.52,2587.3
2018-05-16 14:00:00,27.79,58.3,5.88,2639.0
2018-05-16 15:00:00,29.71,44.7,5.43,2649.1
2018-05-16 16:00:00,27.1,50.6,4.82,2544.3
2018-05-16 17:00:00,32.43,42.3,7.78,2527.1
2018-05-16 18:00:00,25.49,56.0,2.46,2306.4
2018-05-16 19:00:00,26.01,49.6,6.21,2318.9
2018-05-16 20:00:00,26.16,47.7,0.87,2312.3
2018-05-16 21:00:00,22.12,54.7,2.93,2339.8
2018-05-16 22:00:00,24.64,39.6,3.25,2541.1
2018-05-16 23:00:00,26.88,49.9,1.33,2760.0
2018-05-17 00:00:00,20.91,60.5,5.43,2841.3
2018-05-17 01:00:00,22.49,55.1,2.6,2872.4
2018-05-17 02:00:00,14.23,68.2,10.65,2761.1
2018-05-17 03:00:00,20.87,52.3,3.98,2602.8
2018-05-17 04:00:00,20.32,52.1,7.39,2442.7
2018-05-17 05:00:00,19.46,47.5,9.48,2323.1
2018-05-17 06:00:00,24.84,48.9,6.76,2299.3
2018-05-17 07:00:00,22.15,70.0,3.54,2222.0
2018-05-17 08:00:00,23.49,55.4,4.8,2227.1
2018-05-17 09:00:00,24.03,48.1,1.34,2256.8
2018-05-17 10:00:00,21.21,47.0,7.48,2361.7
2018-05-17 11:00:00,24.14,39.9,17.92,2436.0
2018-05-17 12:00:00,30.2,41.2,8.95,2569.9
2018-05-17 13:00:00,23.16,59.5,3.42,2509.3
2018-05-17 14:00:00,26.92,47.0,3.68,2639.3
2018-05-17 15:00:00,27.97,42.0,9.22,2579.6
2018-05-17 16:00:00,33.19,38.7,1.56,2630.7
2018-05-17 17:00:00,30.36,52.9,2.71,2451.5
2018-05-17 18:00:00,26.41,50.2,2.91,2296.3
2018-05-17 19:00:00,30.23,42.8,0.8,2359.9
2018-05-17 20:00:00,24.15,50.2,6.45,2343.7
2018-05-17 21:00:00,27.49,67.7,3.46,2487.4
2018-05-17 22:00:00,20.54,65.3,3.48,2615.4
2018-05-17 23:00:00,25.65,63.2,5.25,2835.9
2018-05-18 00:00:00,21.24,41.0,1.13,2915.9
2018-05-18 01:00:00,19.05,55.6,4.47,2980.6
2018-05-18 02:00:00,20.68,50.3,1.11,2860.5
2018-05-18 03:00:00,21.78,58.9,6.44,2732.9
2018-05-18 04:00:00,19.98,64.5,10.06,2551.8
2018-05-18 05:00:00,23.0,56.2,7.45,2444.1
2018-05-18 06:00:00,20.8,48.4,2.95,2340.0
2018-05-18 07:00:00,24.63,47.0,6.89,2314.8
2018-05-18 08:00:00,25.15,56.8,3.87,2367.2
2018-05-18 09:00:00,24.93,57.8,5.05,2382.0
2018-05-18 10:00:00,25.01,53.1,6.61,2427.9
2018-05-18 11:00:00,27.46,51.1,0.17,2501.6
2018-05-18 12:00:00,29.29,49.0,0.89,2569.4
2018-05-18 13:00:00,33.7,47.2,4.1,2593.1
2018-05-18 14:00:00,31.3,52.7,2.41,2548.4
2018-05-18 15:00:00,31.52,51.8,4.57,2534.4
2018-05-18 16:00:00,36.67,42.9,5.17,2618.3
2018-05-18 17:00:00,29.84,47.7,2.97,2345.4
2018-05-18 18:00:00,29.12,48.0,3.6,2237.3
2018-05-18 19:00:00,28.84,42.7,1.96,2202.6
2018-05-18 20:00:00,23.6,46.8,5.64,2206.8
2018-05-18 21:00:00,23.97,57.2,8.09,2350.8
2018-05-18 22:00:00,22.78,48.1,1.17,2535.2
2018-05-18 23:00:00,24.7,58.7,7.81,2774.0
2018-05-19 00:00:00,21.93,54.0,6.19,2628.5
2018-05-19 01:00:00,22.07,60.9,7.41,2624.9
2018-05-19 02:00:00,24.05,57.9,10.22,2636.9
2018-05-19 03:00:00,23.35,60.1,2.98,2392.2
2018-05-19 04:00:00,20.93,51.4,9.21,2243.6
2018-05-19 05:00:00,20.05,59.2,10.33,2106.2
2018-05-19 06:00:00,25.2,57.7,1.32,2091.1
2018-05-19 07:00:00,25.13,39.5,5.18,2038.0
2018-05-19 08:00:00,20.14,69.5,5.03,1997.5
2018-05-19 09:00:00,24.41,70.6,10.77,2031.2
2018-05-19 10:00:00,26.64,58.3,21.13,2096.5
2018-05-19 11:00:00,29.14,55.1,7.47,2213.9
2018-05-19 12:00:00,30.3,52.5,16.04,2271.8
2018-05-19 13:00:00,29.37,45.9,2.53,2277.9
2018-05-19 14:00:00,30.52,46.7,6.99,2280.0
2018-05-19 15:00:00,29.35,56.2,4.49,2282.9
2018-05-19 16:00:00,27.37,42.3,6.53,2151.9
2018-05-19 17:00:00,28.0,41.1,7.55,2092.4
2018-05-19 18:00:00,28.07,46.4,8.47,2008.7
2018-05-19 19:00:00,27.11,55.6,3.65,1976.6
2018-05-19 20:00:00,21.51,47.9,4.19,1947.0
2018-05-19 21:00:00,24.2,50.8,8.01,2131.0
2018-05-19 22:00:00,24.3,51.7,5.89,2335.1
2018-05-19 23:00:00,22.49,45.9,2.75,2537.7
2018-05-20 00:00:00,21.86,35.0,4.28,2615.1
2018-05-20 01:00:00,23.06,45.3,9.66,2611.4
2018-05-20 02:00:00,18.74,59.1,2.13,2513.4
2018-05-20 03:00:00,17.23,62.1,4.63,2372.6
2018-05-20 04:00:00,20.57,59.5,1.51,2221.5
2018-05-20 05:00:00,23.75,57.9,10.25,2060.6
2018-05-20 06:00:00,26.69,45.6,21.83,2019.3
2018-05-20 07:00:00,25.26,45.1,12.12,1960.3
2018-05-20 08:00:00,20.59,58.5,3.14,1938.4
2018-05-20 09:00:00,24.72,50.5,3.13,2028.3
2018-05-20 10:00:00,26.98,57.7,9.88,2197.9
2018-05-20 11:00:00,27.74,52.9,9.06,2307.7
2018-05-20 12:00:00,29.48,58.7,13.3,2432.3
2018-05-20 13:00:00,26.47,47.1,4.81,2418.8
2018-05-20 14:00:00,29.33,57.1,1.86,2532.5
2018-05-20 15:00:00,30.35,64.0,4.9,2529.9
2018-05-20 16:00:00,31.23,47.4,4.36,2389.3
2018-05-20 17:00:00,26.75,54.6,18.9,2223.3
2018-05-20 18:00:00,27.27,42.7,7.63,2142.2
2018-05-20 19:00:00,20.54,62.7,0.9,2045.8
2018-05-20 20:00:00,24.78,61.2,7.84,2042.5
2018-05-20 21:00:00,23.99,48.9,10.32,2093.6
2018-05-20 22:00:00,21.72,59.3,9.25,2253.0
2018-05-20 23:00:00,23.71,55.3,8.88,2381.7
2018-05-21 00:00:00,22.44,57.2,5.81,2778.1
2018-05-21 01:00:00,16.29,65.5,4.2,2815.7
2018-05-21 02:00:00,22.08,58.5,1.76,2825.0
2018-05-21 03:00:00,19.08,55.6,13.9,2684.5
2018-05-21 04:00:00,22.76,60.5,7.15,2535.7
2018-05-21 05:00:00,18.74,65.9,3.2,2391.5
2018-05-21 06:00:00,22.65,49.4,5.36,2291.5
2018-05-21 07:00:00,22.7,53.8,1.77,2255.3
2018-05-21 08:00:00,25.13,37.7,5.32,2296.9
2018-05-21 09:00:00,25.72,56.1,11.33,2259.6
2018-05-21 10:00:00,25.8,61.1,7.86,2384.6
2018-05-21 11:00:00,23.56,51.1,10.08,2469.8
2018-05-21 12:00:00,24.54,53.4,9.57,2570.8
2018-05-21 13:00:00,27.41,48.3,6.73,2648.4
2018-05-21 14:00:00,29.25,45.5,4.42,2673.7
2018-05-21 15:00:00,27.88,51.5,3.7,2560.9
2018-05-21 16:00:00,30.83,41.1,13.26,2490.8
2018-05-21 17:00:00,28.17,47.6,7.33,2324.9
2018-05-21 18:00:00,25.82,44.1,6.95,2215.5
2018-05-21 19:00:00,26.71,55.3,7.3,2215.0
2018-05-21 20:00:00,27.01,52.3,4.01,2246.3
2018-05-21 21:00:00,26.22,47.6,6.65,2313.0
2018-05-21 22:00:00,29.07,49.0,2.95,2527.6
2018-05-21 23:00:00,21.73,52.8,3.45,2614.9
2018-05-22 00:00:00,22.49,63.2,8.09,2686.9
2018-05-22 01:00:00,23.11,50.0,7.15,2747.6
2018-05-22 02:00:00,21.58,59.8,8.27,2745.0
2018-05-22 03:00:00,20.25,50.2,9.1,2569.0
2018-05-22 04:00:00,17.77,64.3,4.04,2488.4
2018-05-22 05:00:00,20.77,63.7,5.04,2304.0
2018-05-22 06:00:00,19.99,64.7,7.84,2199.9
2018-05-22 07:00:00,19.19,68.4,2.66,2190.3
2018-05-22 08:00:00,22.48,56.4,0.21,2213.6
2018-05-22 09:00:00,22.89,63.6,1.15,2205.8
2018-05-22 10:00:00,28.0,62.6,3.34,2371.8
2018-05-22 11:00:00,29.01,39.8,4.09,2471.1
2018-05-22 12:00:00,26.08,46.3,6.47,2475.7
2018-05-22 13:00:00,28.32,37.4,10.43,2562.9
2018-05-22 14:00:00,24.72,60.7,4.28,2534.3
2018-05-22 15:00:00,28.27,37.3,3.13,2522.8
2018-05-22 16:00:00,30.37,33.5,1.76,2514.2
2018-05-22 17:00:00,31.03,38.4,2.85,2406.0
2018-05-22 18:00:00,26.55,36.9,2.81,2302.3
2018-05-22 19:00:00,30.14,50.1,5.56,2367.0
2018-05-22 20:00:00,22.75,45.1,2.82,2243.4
2018-05-22 21:00:00,22.39,40.6,3.93,2412.1
2018-05-22 22:00:00,26.25,50.7,3.62,2647.1
2018-05-22 23:00:00,27.68,50.0,5.14,2860.3
2018-05-23 00:00:00,24.01,37.8,7.56,2901.6
2018-05-23 01:00:00,22.04,48.7,6.64,2885.3
2018-05-23 02:00:00,16.25,58.4,2.39,2793.8
2018-05-23 03:00:00,16.55,55.9,3.27,2603.8
2018-05-23 04:00:00,22.06,51.7,8.57,2358.0
2018-05-23 05:00:00,21.25,64.4,10.0,2195.0
2018-05-23 06:00:00,20.01,73.2,1.54,2089.8
2018-05-23 07:00:00,23.77,50.5,1.35,2049.9
2018-05-23 08:00:00,24.86,41.5,13.54,2132.8
2018-05-23 09:00:00,27.97,47.8,1.78,2264.8
2018-05-23 10:00:00,26.98,52.0,2.63,2306.5
2018-05-23 11:00:00,30.68,47.0,4.01,2446.4
2018-05-23 12:00:00,28.45,54.1,2.55,2486.9
2018-05-23 13:00:00,28.78,66.7,2.68,2513.7
2018-05-23 14:00:00,32.13,32.6,2.68,2497.7
2018-05-23 15:00:00,27.16,46.2,5.55,2442.0
2018-05-23 16:00:00,36.5,55.1,1.09,2567.7
2018-05-23 17:00:00,30.01,43.8,8.57,2353.3
2018-05-23 18:00:00,29.39,54.8,1.35,2269.9
2018-05-23 19:00:00,28.92,53.9,12.54,2173.6
2018-05-23 20:00:00,31.33,56.8,3.38,2250.8
2018-05-23 21:00:00,27.59,65.2,3.14,2321.3
2018-05-23 22:00:00,20.56,58.2,0.86,2430.9
2018-05-23 23:00:00,27.11,36.3,0.76,2644.0
2018-05-24 00:00:00,22.02,48.8,4.7,2726.7
2018-05-24 01:00:00,22.5,71.5,0.84,2792.5
2018-05-24 02:00:00,18.64,45.8,2.59,2707.2
2018-05-24 03:00:00,23.02,57.6,7.28,2616.0
2018-05-24 04:00:00,20.21,35.7,5.44,2456.7
2018-05-24 05:00:00,22.49,43.2,3.73,2322.6
2018-05-24 06:00:00,22.16,61.4,5.04,2201.4
2018-05-24 07:00:00,28.51,49.5,7.4,2255.0
2018-05-24 08:00:00,29.62,45.3,3.3,2333.8
2018-05-24 09:00:00,25.82,44.8,8.41,2262.7
2018-05-24 10:00:00,26.89,34.5,4.7,2301.5
2018-05-24 11:00:00,26.77,56.1,9.72,2367.2
2018-05-24 12:00:00,31.29,44.7,5.01,2525.0
2018-05-24 13:00:00,28.34,37.2,1.36,2516.1
2018-05-24 14:00:00,28.51,49.4,2.54,2558.0
2018-05-24 15:00:00,32.15,50.9,4.54,2609.9
2018-05-24 16:00:00,28.22,47.8,21.16,2461.5
2018-05-24 17:00:00,29.07,49.7,2.38,2368.6
2018-05-24 18:00:00,24.57,52.6,17.91,2242.9
2018-05-24 19:00:00,29.46,42.8,8.99,2334.2
2018-05-24 20:00:00,31.59,47.2,9.27,2398.9
2018-05-24 21:00:00,27.5,55.9,7.42,2456.8
2018-05-24 22:00:00,28.32,57.6,16.88,2632.3
2018-05-24 23:00:00,21.58,61.1,2.73,2670.1
2018-05-25 00:00:00,23.55,47.8,8.78,2738.8
2018-05-25 01:00:00,19.97,61.1,1.61,2811.1
2018-05-25 02:00:00,21.36,58.6,2.75,2772.4
2018-05-25 03:00:00,23.72,47.3,7.82,2654.9
2018-05-25 04:00:00,22.18,50.5,9.42,2501.8
2018-05-25 05:00:00,18.8,62.4,6.43,2308.9
2018-05-25 06:00:00,19.68,67.3,0.69,2246.7
2018-05-25 07:00:00,20.34,41.2,2.32,2222.8
2018-05-25 08:00:00,25.98,64.3,1.36,2269.2
2018-05-25 09:00:00,30.95,56.6,4.34,2319.8
2018-05-25 10:00:00,30.23,49.4,1.33,2329.8
2018-05-25 11:00:00,23.05,51.6,2.84,2371.6
2018-05-25 12:00:00,32.17,49.4,2.78,2659.0
2018-05-25 13:00:00,31.6,41.6,11.02,2624.2
2018-05-25 14:00:00,25.79,49.9,3.03,2448.8
2018-05-25 15:00:00,29.03,37.0,17.54,2536.5
2018-05-25 16:00:00,32.39,32.2,3.41,2528.6
2018-05-25 17:00:00,30.63,66.2,7.06,2368.9
2018-05-25 18:00:00,25.35,52.2,5.74,2146.0
2018-05-25 19:00:00,29.32,50.2,5.13,2141.4
2018-05-25 20:00:00,21.48,54.6,8.87,2149.6
2018-05-25 21:00:00,25.23,45.2,4.59,2330.5
2018-05-25 22:00:00,27.6,47.5,2.84,2481.3
2018-05-25 23:00:00,23.84,53.7,7.88,2589.9
2018-05-26 00:00:00,21.8,53.0,1.97,2520.9
2018-05-26 01:00:00,24.64,46.3,3.54,2593.2
2018-05-26 02:00:00,24.45,56.3,8.85,2462.8
2018-05-26 03:00:00,25.16,53.4,4.24,2309.1
2018-05-26 04:00:00,24.2,55.8,6.62,2130.4
2018-05-26 05:00:00,25.12,57.5,5.85,2042.1
2018-05-26 06:00:00,24.88,50.7,3.0,1944.1
2018-05-26 07:00:00,24.54,51.0,4.36,1968.6
2018-05-26 08:00:00,25.07,63.8,1.88,2005.9
2018-05-26 09:00:00,25.29,44.2,9.89,1969.6
2018-05-26 10:00:00,23.88,37.9,3.63,2052.4
2018-05-26 11:00:00,25.49,56.1,10.41,2143.7
2018-05-26 12:00:00,28.0,44.6,4.07,2231.2
2018-05-26 13:00:00,29.95,39.4,6.98,2330.9
2018-05-26 14:00:00,33.35,52.4,1.9,2402.1
2018-05-26 15:00:00,29.78,47.0,9.36,2307.3
2018-05-26 16:00:00,32.25,36.1,4.21,2263.1
2018-05-26 17:00:00,32.04,61.8,3.19,2142.5
2018-05-26 18:00:00,28.13,36.6,1.7,2030.8
2018-05-26 19:00:00,29.37,47.8,24.07,2021.4
2018-05-26 20:00:00,26.31,35.8,1.41,2026.4
2018-05-26 21:00:00,29.19,50.8,17.21,2176.2
2018-05-26 22:00:00,26.43,45.7,13.74,2349.6
2018-05-26 23:00:00,20.9,61.8,1.32,2475.3
2018-05-27 00:00:00,23.54,53.0,4.53,2587.7
2018-05-27 01:00:00,26.62,61.5,4.22,2706.2
2018-05-27 02:00:00,21.65,51.2,4.64,2549.3
2018-05-27 03:00:00,23.08,40.7,5.84,2410.3
2018-05-27 04:00:00,23.47,55.1,10.53,2185.7
2018-05-27 05:00:00,19.91,54.1,1.63,1998.1
2018-05-27 06:00:00,24.41,37.9,4.25,1964.4
2018-05-27 07:00:00,20.48,47.2,3.22,1906.8
2018-05-27 08:00:00,23.37,47.4,2.93,1946.5
2018-05-27 09:00:00,28.65,61.5,4.8,2082.1
2018-05-27 10:00:00,27.89,55.3,3.91,2138.1
2018-05-27 11:00:00,27.2,47.5,0.34,2176.5
2018-05-27 12:00:00,29.91,51.8,5.91,2271.9
2018-05-27 13:00:00,29.28,32.3,0.69,2294.4
2018-05-27 14:00:00,29.86,43.6,9.74,2308.4
2018-05-27 15:00:00,31.61,49.9,5.2,2334.6
2018-05-27 16:00:00,28.01,50.9,3.65,2210.2
2018-05-27 17:00:00,29.53,44.1,1.27,2192.3
2018-05-27 18:00:00,28.01,49.3,6.04,2096.5
2018-05-27 19:00:00,24.0,55.5,4.54,1950.8
2018-05-27 20:00:00,24.7,52.2,4.79,1972.7
2018-05-27 21:00:00,29.89,55.0,5.32,2224.3
2018-05-27 22:00:00,25.89,53.8,7.41,2353.8
2018-05-27 23:00:00,20.66,59.6,5.89,2518.9
2018-05-28 00:00:00,19.37,70.2,13.07,2873.5
2018-05-28 01:00:00,22.3,60.8,7.39,2880.2
2018-05-28 02:00:00,26.09,65.1,5.78,2859.4
2018-05-28 03:00:00,21.58,49.4,4.95,2597.4
2018-05-28 04:00:00,25.45,38.9,2.11,2456.2
2018-05-28 05:00:00,23.46,52.1,1.09,2358.7
2018-05-28 06:00:00,24.4,50.7,0.26,2252.2
2018-05-28 07:00:00,20.71,67.1,7.1,2189.9
2018-05-28 08:00:00,27.36,41.1,4.6,2271.1
2018-05-28 09:00:00,25.21,51.2,7.54,2351.0
2018-05-28 10:00:00,29.24,51.8,12.47,2431.8
2018-05-28 11:00:00,26.01,52.0,4.26,2471.0
2018-05-28 12:00:00,29.32,47.2,1.35,2567.3
2018-05-28 13:00:00,30.39,50.6,9.15,2599.3
2018-05-28 14:00:00,29.53,57.0,3.96,2524.4
2018-05-28 15:00:00,31.06,59.4,2.83,2599.4
2018-05-28 16:00:00,29.25,48.9,2.63,2516.2
2018-05-28 17:00:00,27.89,43.2,7.04,2334.1
2018-05-28 18:00:00,32.89,58.0,6.96,2297.4
2018-05-28 19:00:00,30.67,38.8,10.72,2199.5
2018-05-28 20:00:00,25.18,66.2,1.76,2178.7
2018-05-28 21:00:00,27.47,60.8,1.73,2343.7
2018-05-28 22:00:00,23.16,65.4,5.39,2429.8
2018-05-28 23:00:00,21.09,60.6,5.87,2607.2
2018-05-29 00:00:00,25.88,34.4,9.73,2833.1
2018-05-29 01:00:00,18.4,49.0,10.22,2838.1
2018-05-29 02:00:00,24.58,54.8,5.23,2716.1
2018-05-29 03:00:00,21.5,49.4,10.68,2507.0
2018-05-29 04:00:00,21.73,52.1,4.46,2341.4
2018-05-29 05:00:00,23.69,58.0,4.51,2224.2
2018-05-29 06:00:00,24.75,50.8,3.86,2205.4
2018-05-29 07:00:00,22.06,44.6,1.66,2145.9
2018-05-29 08:00:00,26.89,57.6,1.01,2254.7
2018-05-29 09:00:00,26.41,55.0,5.32,2214.2
2018-05-29 10:00:00,24.02,50.8,9.28,2245.7
2018-05-29 11:00:00,27.7,55.5,2.72,2413.6
2018-05-29 12:00:00,32.41,46.8,10.1,2647.3
2018-05-29 13:00:00,33.78,55.6,12.12,2657.0
2018-05-29 14:00:00,31.78,47.8,3.53,2618.0
2018-05-29 15:00:00,27.15,60.9,0.77,2428.3
2018-05-29 16:00:00,31.22,32.0,3.84,2433.7
2018-05-29 17:00:00,31.72,50.3,1.88,2398.9
2018-05-29 18:00:00,30.77,44.2,9.32,2332.9
2018-05-29 19:00:00,30.09,41.1,5.51,2278.7
2018-05-29 20:00:00,28.07,58.8,0.76,2272.3
2018-05-29 21:00:00,25.95,58.4,6.62,2466.4
2018-05-29 22:00:00,23.57,37.1,9.76,2587.5
2018-05-29 23:00:00,19.38,62.2,5.01,2717.8
2018-05-30 00:00:00,24.22,57.4,3.24,2829.2
2018-05-30 01:00:00,23.2,47.7,6.27,2782.3
2018-05-30 02:00:00,23.73,46.3,13.98,2738.2
2018-05-30 03:00:00,18.86,44.2,10.87,2602.6
2018-05-30 04:00:00,23.95,50.1,1.45,2470.9
2018-05-30 05:00:00,27.87,48.3,5.46,2407.2
2018-05-30 06:00:00,23.57,59.5,1.96,2214.2
2018-05-30 07:00:00,24.05,54.9,3.18,2179.8
2018-05-30 08:00:00,25.94,42.8,11.44,2274.9
2018-05-30 09:00:00,31.28,48.9,5.44,2402.4
2018-05-30 10:00:00,24.68,50.2,2.12,2330.9
2018-05-30 11:00:00,28.71,41.6,3.79,2507.9
2018-05-30 12:00:00,27.03,37.7,8.03,2501.2
2018-05-30 13:00:00,28.3,54.4,3.02,2517.4
2018-05-30 14:00:00,29.94,51.6,5.67,2520.2
2018-05-30 15:00:00,33.57,49.6,3.22,2680.0
2018-05-30 16:00:00,34.57,38.5,3.5,2660.0
2018-05-30 17:00:00,30.79,48.7,12.23,2494.3
2018-05-30 18:00:00,28.09,38.5,5.3,2304.1
2018-05-30 19:00:00,34.43,36.6,7.09,2409.5
2018-05-30 20:00:00,26.17,51.3,5.23,2351.6
2018-05-30 21:00:00,24.77,54.3,1.2,2453.5
2018-05-30 22:00:00,20.73,42.4,1.78,2540.9
2018-05-30 23:00:00,27.69,41.4,12.18,2810.0
2018-05-31 00:00:00,25.87,48.4,11.31,2881.8
2018-05-31 01:00:00,28.86,56.6,5.1,2958.0
2018-05-31 02:00:00,18.94,50.3,2.42,2740.0
2018-05-31 03:00:00,25.92,52.4,0.95,2608.3
2018-05-31 04:00:00,22.59,55.9,18.71,2376.6
2018-05-31 05:00:00,24.83,50.1,1.69,2228.2
2018-05-31 06:00:00,19.33,58.7,2.6,2110.3
2018-05-31 07:00:00,27.95,38.9,2.99,2143.3
2018-05-31 08:00:00,27.21,45.0,2.38,2231.8
2018-05-31 09:00:00,26.18,62.5,4.77,2292.5
2018-05-31 10:00:00,28.92,60.9,17.26,2439.4
2018-05-31 11:00:00,26.36,57.7,4.23,2453.9
2018-05-31 12:00:00,27.65,58.7,5.99,2451.8
2018-05-31 13:00:00,28.58,34.5,7.46,2550.3
2018-05-31 14:00:00,25.51,44.0,8.77,2503.5
2018-05-31 15:00:00,32.43,43.6,5.11,2615.3
2018-05-31 16:00:00,33.12,64.8,2.19,2550.4
2018-05-31 17:00:00,27.99,47.1,7.52,2260.7
2018-05-31 18:00:00,29.97,54.0,13.94,2205.6
2018-05-31 19:00:00,27.61,52.9,2.86,2105.7
2018-05-31 20:00:00,28.13,52.3,6.23,2182.8
2018-05-31 21:00:00,24.71,52.0,7.73,2284.1
2018-05-31 22:00:00,23.03,44.0,3.42,2535.9
2018-05-31 23:00:00,26.91,28.9,8.72,2782.0
2018-06-01 00:00:00,23.36,63.6,10.67,2818.4
2018-06-01 01:00:00,27.94,44.7,6.23,2893.8
2018-06-01 02:00:00,22.6,39.0,8.49,2762.5
2018-06-01 03:00:00,20.03,59.5,4.24,2640.4
2018-06-01 04:00:00,25.55,54.9,1.6,2450.0
2018-06-01 05:00:00,24.46,58.6,2.12,2274.3
2018-06-01 06:00:00,25.33,60.7,15.74,2187.8
2018-06-01 07:00:00,27.32,42.8,10.75,2127.9
2018-06-01 08:00:00,23.68,46.1,1.99,2138.1
2018-06-01 09:00:00,26.03,48.6,1.81,2243.9
2018-06-01 10:00:00,26.95,57.0,7.64,2326.5
2018-06-01 11:00:00,25.12,35.1,24.52,2383.2
2018-06-01 12:00:00,28.51,50.2,5.24,2529.2
2018-06-01 13:00:00,33.15,52.9,2.49,2737.4
2018-06-01 14:00:00,30.8,54.5,9.08,2709.4
2018-06-01 15:00:00,26.98,56.1,11.85,2543.0
2018-06-01 16:00:00,26.32,59.4,7.65,2562.9
2018-06-01 17:00:00,33.97,22.8,6.88,2544.9
2018-06-01 18:00:00,28.95,61.8,1.96,2358.1
2018-06-01 19:00:00,26.73,53.3,9.2,2261.1
2018-06-01 20:00:00,26.69,61.3,7.75,2289.3
2018-06-01 21:00:00,22.65,44.5,3.73,2367.4
2018-06-01 22:00:00,28.87,34.9,1.44,2648.7
2018-06-01 23:00:00,23.36,67.6,3.46,2786.4
2018-06-02 00:00:00,27.0,43.0,4.94,2664.3
2018-06-02 01:00:00,23.07,51.1,8.12,2640.4
2018-06-02 02:00:00,26.12,55.3,9.16,2620.5
2018-06-02 03:00:00,23.05,59.7,4.56,2511.2
2018-06-02 04:00:00,24.68,60.9,4.27,2352.0
2018-06-02 05:00:00,24.74,54.0,10.3,2131.5
2018-06-02 06:00:00,25.14,43.5,6.41,2083.3
2018-06-02 07:00:00,25.28,57.4,7.68,2017.6
2018-06-02 08:00:00,24.79,57.9,3.76,1985.7
2018-06-02 09:00:00,31.2,32.5,10.16,2202.2
2018-06-02 10:00:00,25.18,63.2,3.0,2158.0
2018-06-02 11:00:00,28.42,29.4,17.2,2262.7
2018-06-02 12:00:00,29.28,56.9,1.75,2397.6
2018-06-02 13:00:00,30.88,42.2,5.21,2430.6
2018-06-02 14:00:00,29.2,54.3,1.61,2372.5
2018-06-02 15:00:00,31.2,51.1,7.3,2389.4
2018-06-02 16:00:00,29.85,47.8,11.05,2187.3
2018-06-02 17:00:00,25.92,54.9,7.71,2030.9
2018-06-02 18:00:00,29.26,47.9,3.59,2008.0
2018-06-02 19:00:00,25.66,57.2,1.61,1877.5
2018-06-02 20:00:00,23.11,71.0,3.56,1893.2
2018-06-02 21:00:00,26.75,39.9,7.86,2086.9
2018-06-02 22:00:00,26.59,25.2,2.14,2264.8
2018-06-02 23:00:00,25.73,48.1,1.1,2465.6
2018-06-03 00:00:00,25.06,48.1,4.18,2582.8
2018-06-03 01:00:00,18.18,54.4,1.66,2565.0
2018-06-03 02:00:00,19.21,49.2,6.19,2516.7
2018-06-03 03:00:00,27.41,57.1,4.57,2445.0
2018-06-03 04:00:00,19.99,45.0,4.06,2312.8
2018-06-03 05:00:00,24.53,56.0,18.62,2206.2
2018-06-03 06:00:00,21.93,59.6,6.87,2037.2
2018-06-03 07:00:00,24.67,54.8,0.33,1948.1
2018-06-03 08:00:00,23.85,56.8,16.95,1928.3
2018-06-03 09:00:00,27.88,57.3,5.17,1965.6
2018-06-03 10:00:00,27.85,50.1,3.76,2074.9
2018-06-03 11:00:00,27.35,47.3,5.88,2132.0
2018-06-03 12:00:00,26.67,54.6,1.83,2157.7
2018-06-03 13:00:00,30.61,52.3,4.44,2304.4
2018-06-03 14:00:00,27.3,57.3,9.95,2241.2
2018-06-03 15:00:00,31.54,33.1,3.94,2309.1
2018-06-03 16:00:00,36.9,41.0,3.22,2343.8
2018-06-03 17:00:00,33.31,36.8,2.68,2171.4
2018-06-03 18:00:00,31.1,51.6,8.92,2092.0
2018-06-03 19:00:00,28.26,55.2,6.29,2032.3
2018-06-03 20:00:00,22.66,51.7,16.98,2040.7
2018-06-03 21:00:00,23.17,47.6,15.26,2168.0
2018-06-03 22:00:00,28.64,53.9,4.16,2341.6
2018-06-03 23:00:00,22.5,52.9,7.54,2398.9
2018-06-04 00:00:00,21.95,65.8,3.63,2700.8
2018-06-04 01:00:00,22.65,68.1,3.2,2779.6
2018-06-04 02:00:00,20.01,64.0,3.03,2704.6
2018-06-04 03:00:00,19.46,58.3,2.76,2609.7
2018-06-04 04:00:00,22.54,68.6,10.01,2475.8
2018-06-04 05:00:00,20.84,57.3,3.17,2305.9
2018-06-04 06:00:00,21.85,50.7,3.71,2272.7
2018-06-04 07:00:00,22.58,48.5,6.21,2267.6
2018-06-04 08:00:00,26.8,44.9,5.81,2332.0
2018-06-04 09:00:00,25.95,51.2,5.41,2375.4
2018-06-04 10:00:00,27.12,54.0,11.21,2504.9
2018-06-04 11:00:00,30.02,36.7,3.1,2623.8
2018-06-04 12:00:00,29.0,45.2,2.75,2616.3
2018-06-04 13:00:00,29.3,50.3,0.16,2599.9
2018-06-04 14:00:00,31.57,51.9,7.67,2635.8
2018-06-04 15:00:00,32.2,46.0,7.49,2583.6
2018-06-04 16:00:00,30.03,49.9,10.51,2473.1
2018-06-04 17:00:00,30.2,37.9,4.12,2356.4
2018-06-04 18:00:00,27.4,42.8,4.65,2204.3
2018-06-04 19:00:00,26.38,50.4,9.72,2203.4
2018-06-04 20:00:00,29.49,52.5,3.53,2364.4
2018-06-04 21:00:00,27.64,51.7,5.11,2412.2
2018-06-04 22:00:00,26.63,43.9,11.07,2552.8
2018-06-04 23:00:00,25.23,49.9,7.33,2697.0
2018-06-05 00:00:00,23.87,65.0,4.0,2808.0
2018-06-05 01:00:00,24.86,56.5,9.57,2858.6
2018-06-05 02:00:00,25.06,50.7,4.76,2761.9
2018-06-05 03:00:00,24.86,43.9,9.72,2630.1
2018-06-05 04:00:00,22.47,48.3,6.28,2405.4
2018-06-05 05:00:00,26.59,50.8,3.42,2294.1
2018-06-05 06:00:00,24.33,54.7,1.98,2130.7
2018-06-05 07:00:00,26.17,55.6,8.6,2176.3
2018-06-05 08:00:00,26.26,54.1,9.19,2237.9
2018-06-05 09:00:00,27.2,47.3,12.09,2319.5
2018-06-05 10:00:00,25.78,47.3,7.85,2387.6
2018-06-05 11:00:00,30.34,64.1,4.4,2574.7
2018-06-05 12:00:00,36.53,38.3,6.11,2784.4
2018-06-05 13:00:00,29.11,38.4,5.34,2679.9
2018-06-05 14:00:00,30.63,34.4,4.28,2680.7
2018-06-05 15:00:00,29.47,45.6,1.77,2549.9
2018-06-05 16:00:00,29.23,56.1,2.02,2435.3
2018-06-05 17:00:00,33.91,40.3,8.81,2522.2
2018-06-05 18:00:00,27.73,61.6,2.64,2290.8
2018-06-05 19:00:00,27.4,50.0,4.11,2304.2
2018-06-05 20:00:00,23.65,62.0,1.14,2296.2
2018-06-05 21:00:00,24.69,46.2,1.24,2416.8
2018-06-05 22:00:00,21.28,49.0,2.69,2515.7
2018-06-05 23:00:00,26.17,51.8,8.58,2710.3
2018-06-06 00:00:00,30.81,51.2,8.93,2906.0
2018-06-06 01:00:00,22.26,52.8,5.86,2792.6
2018-06-06 02:00:00,18.61,59.5,2.99,2738.7
2018-06-06 03:00:00,24.89,56.8,12.91,2591.9
2018-06-06 04:00:00,20.96,43.9,4.05,2361.8
2018-06-06 05:00:00,26.42,48.1,13.71,2306.3
2018-06-06 06:00:00,23.1,49.4,6.77,2240.2
2018-06-06 07:00:00,23.06,49.8,10.03,2201.0
2018-06-06 08:00:00,25.16,55.1,10.07,2259.0
2018-06-06 09:00:00,28.53,45.1,0.84,2355.1
2018-06-06 10:00:00,27.1,34.3,1.96,2389.9
2018-06-06 11:00:00,27.4,48.2,3.82,2450.5
2018-06-06 12:00:00,28.97,40.3,2.68,2521.0
2018-06-06 13:00:00,26.92,54.4,7.07,2545.2
2018-06-06 14:00:00,31.49,53.3,7.48,2658.2
2018-06-06 15:00:00,26.17,33.7,3.55,2507.8
2018-06-06 16:00:00,29.39,42.3,3.24,2460.0
2018-06-06 17:00:00,32.0,49.2,9.53,2392.5
2018-06-06 18:00:00,30.22,36.5,3.29,2296.6
2018-06-06 19:00:00,30.11,54.2,10.74,2223.0
2018-06-06 20:00:00,27.51,58.4,5.97,2180.1
2018-06-06 21:00:00,29.56,47.1,5.99,2362.7
2018-06-06 22:00:00,27.91,43.5,2.23,2513.5
2018-06-06 23:00:00,25.75,32.9,8.21,2655.4
2018-06-07 00:00:00,26.18,57.6,1.92,2819.1
2018-06-07 01:00:00,25.1,67.9,8.2,2826.4
2018-06-07 02:00:00,21.72,69.0,7.46,2690.4
2018-06-07 03:00:00,19.33,55.0,7.58,2552.6
2018-06-07 04:00:00,23.87,44.2,7.44,2372.6
2018-06-07 05:00:00,24.59,59.0,9.51,2272.3
2018-06-07 06:00:00,26.58,49.7,6.91,2208.2
2018-06-07 07:00:00,22.35,57.9,0.88,2080.7
2018-06-07 08:00:00,23.39,55.7,6.41,2126.9
2018-06-07 09:00:00,27.84,50.5,2.5,2223.8
2018-06-07 10:00:00,27.54,58.2,1.45,2339.6
2018-06-07 11:00:00,23.97,61.3,2.17,2353.2
2018-06-07 12:00:00,30.45,43.5,3.03,2549.8
2018-06-07 13:00:00,25.52,44.2,7.73,2475.7
2018-06-07 14:00:00,28.19,29.5,4.09,2521.5
2018-06-07 15:00:00,34.07,42.0,9.39,2624.1
2018-06-07 16:00:00,35.11,35.2,2.82,2564.7
2018-06-07 17:00:00,27.11,53.7,4.2,2270.1
2018-06-07 18:00:00,28.69,46.4,2.93,2244.6
2018-06-07 19:00:00,28.79,47.1,0.6,2221.4
2018-06-07 20:00:00,32.18,52.8,5.18,2286.9
2018-06-07 21:00:00,25.45,54.8,22.48,2280.0
2018-06-07 22:00:00,24.46,51.5,1.5,2418.0
2018-06-07 23:00:00,28.56,62.6,8.25,2654.2
2018-06-08 00:00:00,22.97,59.5,9.55,2682.1
2018-06-08 01:00:00,25.07,48.6,5.38,2738.7
2018-06-08 02:00:00,19.18,53.7,1.67,2585.2
2018-06-08 03:00:00,22.3,60.5,18.28,2440.9
2018-06-08 04:00:00,18.72,58.6,7.37,2322.3
2018-06-08 05:00:00,20.63,46.5,13.69,2250.5
2018-06-08 06:00:00,26.0,58.4,1.06,2156.7
2018-06-08 07:00:00,24.61,62.4,3.15,2154.4
2018-06-08 08:00:00,24.9,61.5,1.53,2270.1
2018-06-08 09:00:00,24.86,64.5,10.24,2304.3
2018-06-08 10:00:00,27.22,66.8,1.06,2421.9
2018-06-08 11:00:00,29.48,62.3,4.54,2562.2
2018-06-08 12:00:00,32.02,49.1,4.16,2639.4
2018-06-08 13:00:00,23.63,51.4,0.76,2561.2
2018-06-08 14:00:00,28.52,34.6,7.84,2621.9
2018-06-08 15:00:00,31.13,47.2,6.86,2663.7
2018-06-08 16:00:00,30.35,51.9,3.0,2616.7
2018-06-08 17:00:00,31.2,47.4,13.67,2562.1
2018-06-08 18:00:00,30.23,32.7,0.93,2415.1
2018-06-08 19:00:00,27.97,47.3,0.49,2338.7
2018-06-08 20:00:00,26.45,56.0,5.57,2315.6
2018-06-08 21:00:00,26.12,42.9,2.17,2374.5
2018-06-08 22:00:00,28.57,50.5,4.69,2579.7
2018-06-08 23:00:00,22.9,57.1,11.26,2701.4
2018-06-09 00:00:00,23.79,61.9,1.44,2560.8
2018-06-09 01:00:00,23.77,66.7,10.33,2639.8
2018-06-09 02:00:00,26.81,47.5,1.55,2599.6
2018-06-09 03:00:00,22.02,55.9,3.49,2335.0
2018-06-09 04:00:00,25.31,53.5,11.88,2184.1
2018-06-09 05:00:00,26.39,56.1,7.96,2023.0
2018-06-09 06:00:00,23.79,57.3,2.32,1945.6
2018-06-09 07:00:00,24.25,64.0,6.36,1936.0
2018-06-09 08:00:00,24.92,33.4,3.27,1958.9
2018-06-09 09:00:00,26.13,54.4,3.65,2058.6
2018-06-09 10:00:00,29.94,51.9,4.19,2157.3
2018-06-09 11:00:00,29.35,46.6,7.16,2168.4
2018-06-09 12:00:00,30.19,29.7,5.3,2199.2
2018-06-09 13:00:00,27.42,49.6,4.29,2126.1
2018-06-09 14:00:00,28.22,43.7,4.39,2125.5
2018-06-09 15:00:00,36.13,56.5,5.86,2301.0
2018-06-09 16:00:00,30.19,50.8,5.11,2143.8
2018-06-09 17:00:00,28.3,43.0,3.16,1984.0
2018-06-09 18:00:00,33.18,29.0,5.99,1925.9
2018-06-09 19:00:00,29.48,53.1,6.79,1821.1
2018-06-09 20:00:00,29.25,54.2,6.11,1902.1
2018-06-09 21:00:00,26.43,49.1,9.37,2027.0
2018-06-09 22:00:00,24.94,56.9,2.94,2200.8
2018-06-09 23:00:00,24.35,49.7,2.82,2336.6
2018-06-10 00:00:00,20.53,64.1,12.53,2471.1
2018-06-10 01:00:00,23.13,61.4,2.42,2527.7
2018-06-10 02:00:00,23.69,39.9,3.96,2490.8
2018-06-10 03:00:00,27.44,38.9,0.58,2360.4
2018-06-10 04:00:00,23.16,69.7,1.56,2147.2
2018-06-10 05:00:00,17.51,65.4,3.51,2020.7
2018-06-10 06:00:00,23.75,42.9,3.36,1882.5
2018-06-10 07:00:00,31.66,34.1,4.08,1967.2
2018-06-10 08:00:00,27.94,51.3,14.61,1865.3
2018-06-10 09:00:00,24.78,43.0,0.83,1854.3
2018-06-10 10:00:00,29.32,46.0,4.85,2015.3
2018-06-10 11:00:00,26.96,50.1,4.42,2002.0
2018-06-10 12:00:00,26.26,50.3,16.24,2117.9
2018-06-10 13:00:00,29.4,57.5,8.77,2270.7
2018-06-10 14:00:00,30.9,62.0,3.3,2305.8
2018-06-10 15:00:00,26.13,47.3,12.32,2161.8
2018-06-10 16:00:00,27.8,40.7,3.07,2119.2
2018-06-10 17:00:00,30.3,50.9,9.3,2131.3
2018-06-10 18:00:00,28.62,62.2,13.65,2032.8
2018-06-10 19:00:00,29.8,44.9,5.31,1939.3
2018-06-10 20:00:00,24.81,59.0,1.91,1812.3
2018-06-10 21:00:00,28.6,42.4,0.75,1981.5
2018-06-10 22:00:00,22.82,53.9,5.47,2091.9
2018-06-10 23:00:00,28.92,39.6,9.03,2312.7
2018-06-11 00:00:00,19.73,56.3,25.58,2599.6
2018-06-11 01:00:00,20.65,54.5,11.42,2581.8
2018-06-11 02:00:00,24.03,57.6,5.02,2556.8
2018-06-11 03:00:00,27.01,64.6,1.81,2486.9
2018-06-11 04:00:00,23.77,49.9,4.38,2352.7
2018-06-11 05:00:00,24.79,36.2,14.48,2216.8
2018-06-11 06:00:00,24.06,51.1,18.27,2104.2
2018-06-11 07:00:00,22.28,56.6,3.04,2116.2
2018-06-11 08:00:00,24.59,53.9,4.06,2190.8
2018-06-11 09:00:00,23.82,51.7,12.89,2234.9
2018-06-11 10:00:00,24.68,64.2,12.36,2301.2
2018-06-11 11:00:00,29.85,49.2,3.16,2526.4
2018-06-11 12:00:00,26.87,49.7,8.22,2492.4
2018-06-11 13:00:00,31.11,40.9,3.33,2546.8
2018-06-11 14:00:00,27.46,36.1,10.66,2482.0
2018-06-11 15:00:00,31.59,49.4,4.98,2517.7
2018-06-11 16:00:00,29.49,50.4,3.75,2454.3
2018-06-11 17:00:00,33.83,36.5,8.76,2447.9
2018-06-11 18:00:00,30.48,47.3,5.27,2323.9
2018-06-11 19:00:00,31.94,45.3,8.59,2205.9
2018-06-11 20:00:00,25.99,46.2,2.03,2134.1
2018-06-11 21:00:00,26.99,44.1,2.43,2344.0
2018-06-11 22:00:00,23.36,56.6,4.64,2425.5
2018-06-11 23:00:00,23.81,51.1,2.67,2603.8
2018-06-12 00:00:00,23.39,48.6,3.51,2757.6
2018-06-12 01:00:00,21.6,47.8,4.74,2752.0
2018-06-12 02:00:00,19.98,55.0,2.96,2712.0
2018-06-12 03:00:00,19.34,63.9,14.15,2537.6
2018-06-12 04:00:00,17.16,59.9,2.52,2364.1
2018-06-12 05:00:00,20.77,53.5,4.53,2242.1
2018-06-12 06:00:00,25.62,54.0,4.61,2143.7
2018-06-12 07:00:00,20.88,66.2,5.44,2043.1
2018-06-12 08:00:00,22.42,58.0,3.75,2115.1
2018-06-12 09:00:00,31.35,49.0,9.3,2287.0
2018-06-12 10:00:00,26.32,56.1,9.71,2277.4
2018-06-12 11:00:00,29.68,47.0,3.04,2452.3
2018-06-12 12:00:00,31.31,48.4,10.26,2547.6
2018-06-12 13:00:00,32.0,42.5,2.92,2611.0
2018-06-12 14:00:00,26.94,38.0,4.55,2581.5
2018-06-12 15:00:00,30.3,50.5,4.96,2688.3
2018-06-12 16:00:00,26.7,53.4,2.79,2528.1
2018-06-12 17:00:00,36.46,40.5,1.26,2588.6
2018-06-12 18:00:00,25.72,59.7,5.42,2304.7
2018-06-12 19:00:00,26.26,45.2,1.86,2226.8
2018-06-12 20:00:00,25.31,37.6,13.37,2296.8
2018-06-12 21:00:00,23.14,47.9,3.36,2354.6
2018-06-12 22:00:00,29.22,36.3,8.42,2599.8
2018-06-12 23:00:00,30.93,50.0,8.04,2763.4
2018-06-13 00:00:00,22.89,47.7,2.77,2717.5
2018-06-13 01:00:00,20.14,63.8,3.44,2789.5
2018-06-13 02:00:00,17.45,65.8,3.41,2725.9
2018-06-13 03:00:00,22.29,46.8,5.99,2572.6
2018-06-13 04:00:00,22.25,47.7,23.17,2476.9
2018-06-13 05:00:00,21.81,58.8,5.78,2314.3
2018-06-13 06:00:00,24.63,60.1,3.23,2233.2
2018-06-13 07:00:00,25.89,35.2,6.16,2165.9
2018-06-13 08:00:00,26.68,52.9,1.86,2167.1
2018-06-13 09:00:00,26.11,33.5,2.54,2180.5
2018-06-13 10:00:00,25.19,47.5,13.52,2218.1
2018-06-13 11:00:00,30.57,56.3,4.04,2376.0
2018-06-13 12:00:00,29.76,72.3,2.44,2421.9
2018-06-13 13:00:00,32.59,44.0,1.59,2559.2
2018-06-13 14:00:00,32.74,35.8,4.7,2575.0
2018-06-13 15:00:00,27.35,46.0,1.7,2512.6
2018-06-13 16:00:00,27.18,50.8,10.79,2452.6
2018-06-13 17:00:00,28.48,43.9,8.01,2338.8
2018-06-13 18:00:00,27.09,42.9,3.1,2240.8
2018-06-13 19:00:00,30.79,44.0,15.56,2272.8
2018-06-13 20:00:00,28.82,52.1,3.42,2327.7
2018-06-13 21:00:00,29.65,46.9,4.04,2488.3
2018-06-13 22:00:00,26.86,43.5,2.59,2602.8
2018-06-13 23:00:00,25.43,46.3,7.54,2814.1
2018-06-14 00:00:00,27.1,47.0,1.86,2959.6
2018-06-14 01:00:00,24.64,44.3,3.22,2949.3
2018-06-14 02:00:00,23.24,47.8,2.84,2894.2
2018-06-14 03:00:00,26.63,55.8,5.76,2799.7
2018-06-14 04:00:00,23.35,51.5,1.42,2558.2
2018-06-14 05:00:00,22.7,39.8,4.33,2371.2
2018-06-14 06:00:00,22.01,62.6,10.77,2168.7
2018-06-14 07:00:00,26.69,54.0,1.65,2118.0
2018-06-14 08:00:00,28.99,37.7,7.85,2183.5
2018-06-14 09:00:00,26.8,47.6,9.01,2185.9
2018-06-14 10:00:00,31.23,40.7,4.17,2348.7
2018-06-14 11:00:00,24.0,58.2,0.55,2343.5
2018-06-14 12:00:00,29.62,45.3,7.62,2465.8
2018-06-14 13:00:00,30.29,47.2,10.53,2460.6
2018-06-14 14:00:00,28.98,47.3,14.74,2404.3
2018-06-14 15:00:00,36.89,30.6,5.1,2517.2
2018-06-14 16:00:00,30.63,58.7,0.92,2281.6
2018-06-14 17:00:00,29.37,53.8,7.53,2185.5
2018-06-14 18:00:00,29.82,42.2,1.09,2189.0
2018-06-14 19:00:00,23.92,54.4,6.74,2088.3
2018-06-14 20:00:00,26.06,58.9,8.46,2193.6
2018-06-14 21:00:00,29.39,48.9,10.99,2385.1
2018-06-14 22:00:00,24.32,65.0,3.28,2428.1
2018-06-14 23:00:00,22.86,77.1,2.11,2684.6
2018-06-15 00:00:00,27.4,49.1,5.17,2847.4
2018-06-15 01:00:00,26.84,45.9,1.41,2890.0
2018-06-15 02:00:00,24.38,44.6,3.58,2679.1
2018-06-15 03:00:00,21.81,36.8,2.79,2508.0
2018-06-15 04:00:00,22.49,64.0,9.6,2335.5
2018-06-15 05:00:00,21.48,52.0,12.75,2176.3
2018-06-15 06:00:00,21.63,61.7,7.15,2031.6
2018-06-15 07:00:00,22.34,62.7,8.78,2025.2
2018-06-15 08:00:00,24.37,43.9,5.19,2131.1
2018-06-15 09:00:00,24.36,45.1,4.88,2274.3
2018-06-15 10:00:00,24.08,66.7,1.13,2397.0
2018-06-15 11:00:00,29.5,47.8,6.25,2588.8
2018-06-15 12:00:00,30.36,42.4,8.37,2711.1
2018-06-15 13:00:00,34.67,35.9,3.92,2884.4
2018-06-15 14:00:00,29.14,47.6,4.06,2704.2
2018-06-15 15:00:00,31.69,58.7,0.6,2703.8
2018-06-15 16:00:00,31.6,52.2,4.14,2551.4
2018-06-15 17:00:00,29.78,49.6,9.66,2425.3
2018-06-15 18:00:00,31.64,59.4,6.02,2350.6
2018-06-15 19:00:00,30.89,58.5,4.52,2282.0
2018-06-15 20:00:00,28.8,51.6,1.78,2266.1
2018-06-15 21:00:00,26.31,73.2,3.2,2243.3
2018-06-15 22:00:00,25.02,50.0,2.72,2336.3
2018-06-15 23:00:00,21.53,63.6,1.98,2535.8
2018-06-16 00:00:00,22.12,51.2,6.0,2390.9
2018-06-16 01:00:00,21.95,61.7,3.31,2472.3
2018-06-16 02:00:00,20.29,53.8,9.01,2397.3
2018-06-16 03:00:00,24.07,56.4,4.56,2212.3
2018-06-16 04:00:00,26.09,70.2,15.99,2026.4
2018-06-16 05:00:00,21.23,62.6,3.26,1819.7
2018-06-16 06:00:00,24.85,55.9,10.61,1740.7
2018-06-16 07:00:00,22.38,47.9,12.15,1702.4
2018-06-16 08:00:00,25.17,53.4,3.03,1791.1
2018-06-16 09:00:00,25.24,43.7,4.28,1879.9
2018-06-16 10:00:00,29.51,55.5,3.52,2045.7
2018-06-16 11:00:00,27.27,57.1,2.9,2120.9
2018-06-16 12:00:00,32.32,44.7,7.38,2321.3
2018-06-16 13:00:00,29.82,61.5,7.99,2270.0
2018-06-16 14:00:00,29.21,60.8,2.68,2193.5
2018-06-16 15:00:00,27.83,50.9,2.64,2119.7
2018-06-16 16:00:00,31.46,51.4,4.67,2131.5
2018-06-16 17:00:00,32.67,41.2,4.56,2048.7
2018-06-16 18:00:00,30.48,45.4,1.12,1954.8
2018-06-16 19:00:00,34.56,35.7,7.5,1958.2
2018-06-16 20:00:00,31.58,42.9,0.96,2015.1
2018-06-16 21:00:00,26.2,50.2,2.42,2075.5
2018-06-16 22:00:00,25.14,38.6,5.34,2219.9
2018-06-16 23:00:00,26.14,55.7,7.43,2383.5
2018-06-17 00:00:00,22.06,62.5,2.3,2451.0
2018-06-17 01:00:00,26.43,50.8,4.18,2583.7
2018-06-17 02:00:00,24.02,31.2,3.31,2455.0
2018-06-17 03:00:00,23.62,51.1,0.23,2278.6
2018-06-17 04:00:00,24.83,41.0,3.44,2123.9
2018-06-17 05:00:00,27.82,44.9,1.91,1974.0
2018-06-17 06:00:00,24.58,64.0,4.58,1880.7
2018-06-17 07:00:00,24.7,32.8,1.66,1879.4
2018-06-17 08:00:00,29.72,41.7,3.23,2022.7
2018-06-17 09:00:00,29.4,55.1,4.17,2122.8
2018-06-17 10:00:00,27.21,44.6,4.87,2109.1
2018-06-17 11:00:00,28.99,42.6,3.85,2205.8
2018-06-17 12:00:00,30.3,64.0,10.3,2281.9
2018-06-17 13:00:00,31.35,49.9,5.6,2402.0
2018-06-17 14:00:00,27.45,57.5,7.02,2305.8
2018-06-17 15:00:00,27.12,54.3,4.26,2184.9
2018-06-17 16:00:00,28.63,50.4,0.05,2120.2
2018-06-17 17:00:00,28.03,59.7,1.51,2051.1
2018-06-17 18:00:00,28.2,64.7,1.3,1986.6
2018-06-17 19:00:00,30.57,34.1,3.79,1986.9
2018-06-17 20:00:00,27.59,49.6,11.84,1956.3
2018-06-17 21:00:00,27.47,49.7,5.41,2093.2
2018-06-17 22:00:00,22.88,50.3,8.67,2226.0
2018-06-17 23:00:00,23.83,60.8,2.11,2418.6
2018-06-18 00:00:00,25.63,53.6,4.87,2793.4
2018-06-18 01:00:00,25.01,67.4,10.38,2806.7
2018-06-18 02:00:00,21.32,63.7,8.77,2674.4
2018-06-18 03:00:00,23.39,64.2,2.84,2581.1
2018-06-18 04:00:00,28.62,39.5,4.26,2477.8
2018-06-18 05:00:00,23.48,46.8,9.18,2206.0
2018-06-18 06:00:00,22.43,48.3,2.64,2193.4
2018-06-18 07:00:00,24.56,62.9,4.04,2147.5
2018-06-18 08:00:00,26.19,43.3,0.68,2154.9
2018-06-18 09:00:00,26.61,43.2,8.18,2172.3
2018-06-18 10:00:00,27.95,40.7,7.83,2247.4
2018-06-18 11:00:00,25.38,73.7,0.8,2317.5
2018-06-18 12:00:00,27.41,48.9,4.04,2353.2
2018-06-18 13:00:00,30.08,52.2,9.7,2462.9
2018-06-18 14:00:00,30.44,38.5,1.74,2465.0
2018-06-18 15:00:00,29.58,56.0,5.83,2393.7
2018-06-18 16:00:00,30.41,33.5,3.26,2279.9
2018-06-18 17:00:00,30.61,39.7,9.59,2206.5
2018-06-18 18:00:00,32.04,40.5,0.63,2099.4
2018-06-18 19:00:00,28.74,50.8,0.71,2013.9
2018-06-18 20:00:00,29.02,42.4,2.61,2100.8
2018-06-18 21:00:00,25.64,63.7,4.75,2097.1
2018-06-18 22:00:00,27.39,54.1,4.81,2361.7
2018-06-18 23:00:00,25.93,45.7,0.91,2458.3
2018-06-19 00:00:00,26.33,58.9,6.39,2686.6
2018-06-19 01:00:00,25.32,48.6,7.37,2704.1
2018-06-19 02:00:00,24.61,47.6,4.83,2598.1
2018-06-19 03:00:00,22.75,61.0,9.74,2452.3
2018-06-19 04:00:00,23.75,33.4,6.73,2266.1
2018-06-19 05:00:00,26.19,56.9,3.21,2069.5
2018-06-19 06:00:00,22.54,48.3,11.87,2000.7
2018-06-19 07:00:00,23.43,47.5,13.2,1983.3
2018-06-19 08:00:00,26.42,66.5,5.91,2069.7
2018-06-19 09:00:00,28.04,45.3,2.16,2162.3
2018-06-19 10:00:00,25.97,58.9,9.49,2178.9
2018-06-19 11:00:00,28.81,51.2,1.42,2270.5
2018-06-19 12:00:00,29.59,51.4,2.3,2395.8
2018-06-19 13:00:00,24.92,50.1,8.64,2390.3
2018-06-19 14:00:00,30.31,45.3,2.04,2497.4
2018-06-19 15:00:00,30.6,59.7,11.15,2516.4
2018-06-19 16:00:00,30.46,55.1,2.15,2434.4
2018-06-19 17:00:00,34.0,40.8,3.67,2454.1
2018-06-19 18:00:00,26.79,42.2,3.39,2277.5
2018-06-19 19:00:00,26.94,45.8,7.33,2271.9
2018-06-19 20:00:00,21.5,62.7,7.23,2248.8
2018-06-19 21:00:00,25.79,60.8,3.31,2360.7
2018-06-19 22:00:00,24.97,56.5,6.64,2534.8
2018-06-19 23:00:00,23.72,40.1,5.32,2666.7
2018-06-20 00:00:00,26.94,56.5,7.7,2856.2
2018-06-20 01:00:00,25.69,61.9,6.96,2917.4
2018-06-20 02:00:00,23.33,54.7,2.12,2789.0
2018-06-20 03:00:00,22.07,70.2,11.2,2569.8
2018-06-20 04:00:00,25.7,40.9,0.79,2461.5
2018-06-20 05:00:00,23.49,58.7,3.65,2270.7
2018-06-20 06:00:00,22.13,46.1,6.66,2216.6
2018-06-20 07:00:00,20.71,63.9,4.47,2172.4
2018-06-20 08:00:00,24.86,57.0,4.13,2211.3
2018-06-20 09:00:00,28.89,63.3,3.59,2328.5
2018-06-20 10:00:00,33.73,49.0,3.23,2500.4
2018-06-20 11:00:00,29.15,45.4,10.35,2389.2
2018-06-20 12:00:00,27.91,45.7,4.18,2398.4
2018-06-20 13:00:00,27.5,48.0,4.18,2483.4
2018-06-20 14:00:00,32.24,42.1,2.55,2556.0
2018-06-20 15:00:00,26.59,61.5,7.1,2417.2
2018-06-20 16:00:00,32.24,56.4,1.34,2442.0
2018-06-20 17:00:00,32.51,34.0,14.82,2325.2
2018-06-20 18:00:00,30.92,47.6,2.13,2205.7
2018-06-20 19:00:00,28.45,49.7,4.13,2088.0
2018-06-20 20:00:00,29.45,42.2,6.09,2102.8
2018-06-20 21:00:00,27.43,53.6,8.99,2219.1
2018-06-20 22:00:00,24.02,64.5,3.49,2425.1
2018-06-20 23:00:00,29.63,55.4,2.95,2729.0
2018-06-21 00:00:00,23.29,64.1,5.03,2776.5
2018-06-21 01:00:00,25.47,45.9,2.64,2868.4
2018-06-21 02:00:00,17.09,58.6,3.83,2750.1
2018-06-21 03:00:00,26.19,44.9,12.1,2643.1
2018-06-21 04:00:00,26.81,52.5,2.11,2435.3
2018-06-21 05:00:00,23.61,55.7,0.48,2266.3
2018-06-21 06:00:00,25.57,59.2,2.44,2202.2
2018-06-21 07:00:00,26.4,61.4,1.32,2149.9
2018-06-21 08:00:00,24.36,58.0,6.9,2128.4
2018-06-21 09:00:00,28.37,42.4,2.95,2205.2
2018-06-21 10:00:00,26.01,40.4,9.67,2264.5
2018-06-21 11:00:00,27.48,54.2,3.76,2424.6
2018-06-21 12:00:00,32.64,57.9,1.35,2533.6
2018-06-21 13:00:00,32.9,45.5,8.85,2622.0
2018-06-21 14:00:00,29.1,36.5,2.21,2596.1
2018-06-21 15:00:00,29.17,65.3,0.48,2504.2
2018-06-21 16:00:00,29.25,52.5,5.89,2343.9
2018-06-21 17:00:00,32.29,47.5,2.53,2317.6
2018-06-21 18:00:00,27.33,40.8,6.22,2135.0
2018-06-21 19:00:00,29.89,48.2,7.96,2143.8
2018-06-21 20:00:00,29.9,53.6,5.39,2239.9
2018-06-21 21:00:00,26.78,54.6,2.64,2294.6
2018-06-21 22:00:00,28.49,43.8,9.07,2601.6
2018-06-21 23:00:00,24.24,52.2,2.02,2637.6
2018-06-22 00:00:00,23.63,48.2,6.23,2713.1
2018-06-22 01:00:00,21.09,68.4,7.15,2693.3
2018-06-22 02:00:00,25.67,58.6,4.67,2663.0
2018-06-22 03:00:00,21.08,50.9,7.84,2536.2
2018-06-22 04:00:00,24.01,43.4,5.43,2335.8
2018-06-22 05:00:00,23.35,55.5,5.98,2146.3
2018-06-22 06:00:00,21.53,50.8,7.86,2024.1
2018-06-22 07:00:00,23.47,49.9,5.22,2016.1
2018-06-22 08:00:00,29.42,39.4,8.5,2152.6
2018-06-22 09:00:00,27.5,41.9,10.84,2168.3
2018-06-22 10:00:00,25.51,52.9,6.39,2165.4
2018-06-22 11:00:00,29.76,46.1,7.98,2322.8
2018-06-22 12:00:00,29.46,68.4,4.68,2449.7
2018-06-22 13:00:00,39.09,45.5,10.97,2741.6
2018-06-22 14:00:00,31.57,37.5,5.73,2558.7
2018-06-22 15:00:00,30.04,35.7,7.51,2497.0
2018-06-22 16:00:00,34.41,47.7,1.39,2532.1
2018-06-22 17:00:00,25.86,48.1,7.07,2300.3
2018-06-22 18:00:00,30.06,58.6,4.98,2340.1
2018-06-22 19:00:00,33.98,47.1,6.89,2379.3
2018-06-22 20:00:00,27.74,33.9,7.38,2235.9
2018-06-22 21:00:00,22.66,45.7,7.89,2221.3
2018-06-22 22:00:00,24.97,46.6,7.14,2456.2
2018-06-22 23:00:00,28.63,52.6,3.93,2637.3
2018-06-23 00:00:00,25.1,43.5,13.67,2489.5
2018-06-23 01:00:00,21.43,56.1,9.68,2459.8
2018-06-23 02:00:00,21.41,44.2,4.24,2342.1
2018-06-23 03:00:00,21.59,54.8,4.08,2226.3
2018-06-23 04:00:00,24.03,55.7,0.13,2038.5
2018-06-23 05:00:00,26.87,62.2,1.81,1961.4
2018-06-23 06:00:00,26.79,52.5,2.46,1880.0
2018-06-23 07:00:00,26.13,44.6,4.16,1768.5
2018-06-23 08:00:00,22.62,65.8,10.71,1818.9
2018-06-23 09:00:00,23.67,51.6,3.82,1944.7
2018-06-23 10:00:00,29.36,54.7,1.78,2142.5
2018-06-23 11:00:00,25.62,46.6,6.8,2180.0
2018-06-23 12:00:00,29.25,49.3,7.16,2261.4
2018-06-23 13:00:00,31.21,40.6,3.85,2379.8
2018-06-23 14:00:00,28.01,52.2,9.85,2343.9
2018-06-23 15:00:00,28.43,55.7,10.29,2217.8
2018-06-23 16:00:00,30.62,43.5,0.86,2144.5
2018-06-23 17:00:00,31.71,42.2,7.19,2042.5
2018-06-23 18:00:00,32.47,48.9,0.43,2038.4
2018-06-23 19:00:00,30.5,41.0,4.2,1921.6
2018-06-23 20:00:00,28.21,37.3,18.06,1902.5
2018-06-23 21:00:00,25.12,54.7,6.95,1933.3
2018-06-23 22:00:00,23.27,52.5,2.74,2082.5
2018-06-23 23:00:00,23.71,52.0,7.46,2322.3
2018-06-24 00:00:00,25.17,56.0,2.55,2411.4
2018-06-24 01:00:00,24.35,57.8,5.76,2459.3
2018-06-24 02:00:00,17.86,56.4,2.14,2334.2
2018-06-24 03:00:00,21.01,46.2,3.42,2274.1
2018-06-24 04:00:00,26.12,46.0,9.73,2154.8
2018-06-24 05:00:00,23.71,57.7,13.43,1965.3
2018-06-24 06:00:00,20.6,56.6,5.75,1830.7
2018-06-24 07:00:00,30.87,42.9,8.04,1949.0
2018-06-24 08:00:00,25.87,45.0,3.04,1825.6
2018-06-24 09:00:00,27.94,54.6,1.9,1931.9
2018-06-24 10:00:00,29.01,47.0,5.32,2007.7
2018-06-24 11:00:00,28.06,55.6,5.07,2047.0
2018-06-24 12:00:00,27.99,56.6,18.66,2201.9
2018-06-24 13:00:00,35.74,40.9,4.1,2456.3
2018-06-24 14:00:00,33.35,52.9,3.96,2459.4
2018-06-24 15:00:00,33.03,46.7,6.93,2434.9
2018-06-24 16:00:00,32.28,48.3,2.97,2339.8
2018-06-24 17:00:00,27.93,32.1,2.42,2195.7
2018-06-24 18:00:00,33.0,37.8,6.22,2195.4
2018-06-24 19:00:00,26.87,43.2,1.2,2041.8
2018-06-24 20:00:00,28.72,46.5,6.66,2149.4
2018-06-24 21:00:00,22.88,54.6,3.28,2190.6
2018-06-24 22:00:00,20.84,56.6,7.77,2350.9
2018-06-24 23:00:00,25.77,53.7,11.14,2578.8
2018-06-25 00:00:00,22.11,48.8,2.42,2880.6
2018-06-25 01:00:00,18.52,62.7,3.89,2902.5
2018-06-25 02:00:00,24.45,66.9,9.32,2853.7
2018-06-25 03:00:00,28.26,46.6,5.74,2693.2
2018-06-25 04:00:00,26.57,45.4,13.61,2447.6
2018-06-25 05:00:00,22.85,48.2,5.9,2268.2
2018-06-25 06:00:00,24.15,53.4,10.78,2183.7
2018-06-25 07:00:00,27.18,46.0,1.64,2189.9
2018-06-25 08:00:00,28.73,35.2,2.35,2245.5
2018-06-25 09:00:00,26.1,39.5,12.46,2170.3
2018-06-25 10:00:00,28.08,57.7,2.31,2273.5
2018-06-25 11:00:00,29.71,58.5,12.56,2374.0
2018-06-25 12:00:00,31.17,59.9,2.63,2476.6
2018-06-25 13:00:00,30.09,49.7,1.33,2533.3
2018-06-25 14:00:00,30.52,39.7,4.06,2532.7
2018-06-25 15:00:00,34.41,41.0,1.64,2633.9
2018-06-25 16:00:00,33.85,33.0,7.3,2498.9
2018-06-25 17:00:00,31.62,34.5,0.43,2379.5
2018-06-25 18:00:00,34.09,46.8,15.84,2318.3
2018-06-25 19:00:00,27.99,53.9,5.06,2204.9
2018-06-25 20:00:00,32.05,62.0,7.58,2327.6
2018-06-25 21:00:00,28.32,48.7,8.27,2323.8
2018-06-25 22:00:00,34.1,33.9,5.48,2623.4
2018-06-25 23:00:00,21.98,53.4,6.58,2613.0
2018-06-26 00:00:00,22.39,51.8,3.63,2741.6
2018-06-26 01:00:00,24.53,48.4,8.25,2802.0
2018-06-26 02:00:00,24.07,55.5,13.99,2707.2
2018-06-26 03:00:00,27.82,40.0,3.53,2591.8
2018-06-26 04:00:00,21.41,55.9,8.97,2273.8
2018-06-26 05:00:00,25.74,56.6,10.05,2201.3
2018-06-26 06:00:00,27.02,61.7,3.36,2152.9
2018-06-26 07:00:00,26.7,53.1,4.67,2195.6
2018-06-26 08:00:00,23.5,61.5,4.51,2161.7
2018-06-26 09:00:00,30.46,44.1,4.12,2337.0
2018-06-26 10:00:00,31.05,44.7,2.69,2417.8
2018-06-26 11:00:00,30.44,58.4,4.81,2503.6
2018-06-26 12:00:00,30.28,36.8,3.97,2528.8
2018-06-26 13:00:00,30.97,44.0,11.44,2581.7
2018-06-26 14:00:00,30.61,56.5,5.81,2576.2
2018-06-26 15:00:00,32.54,44.3,2.91,2604.8
2018-06-26 16:00:00,30.88,45.0,11.91,2573.9
2018-06-26 17:00:00,28.29,47.2,10.42,2416.8
2018-06-26 18:00:00,27.15,51.2,4.08,2230.6
2018-06-26 19:00:00,27.06,59.0,5.55,2136.7
2018-06-26 20:00:00,28.53,56.6,11.53,2247.4
2018-06-26 21:00:00,26.88,50.6,8.71,2270.6
2018-06-26 22:00:00,26.45,59.6,1.08,2458.8
2018-06-26 23:00:00,26.19,53.8,2.18,2605.7
2018-06-27 00:00:00,22.52,60.9,3.15,2791.5
2018-06-27 01:00:00,27.12,42.1,3.45,2821.7
2018-06-27 02:00:00,22.39,68.0,4.59,2653.7
2018-06-27 03:00:00,21.84,56.3,6.41,2536.3
2018-06-27 04:00:00,24.26,30.6,4.59,2373.1
2018-06-27 05:00:00,18.87,70.2,10.19,2169.3
2018-06-27 06:00:00,22.12,54.3,3.51,2039.6
2018-06-27 07:00:00,27.37,46.9,10.2,2062.6
2018-06-27 08:00:00,21.54,49.9,5.82,1990.5
2018-06-27 09:00:00,29.71,51.7,5.57,2176.7
2018-06-27 10:00:00,31.73,39.5,8.12,2378.5
2018-06-27 11:00:00,28.0,45.0,7.27,2460.0
2018-06-27 12:00:00,30.48,43.2,4.58,2636.8
2018-06-27 13:00:00,33.18,43.1,2.65,2704.7
2018-06-27 14:00:00,29.62,44.2,11.62,2649.6
2018-06-27 15:00:00,33.09,52.4,5.32,2670.3
2018-06-27 16:00:00,29.11,50.9,5.36,2463.3
2018-06-27 17:00:00,29.19,51.8,20.85,2283.1
2018-06-27 18:00:00,27.75,54.7,10.26,2100.3
2018-06-27 19:00:00,29.78,47.4,4.28,2119.1
2018-06-27 20:00:00,30.85,39.2,5.0,2138.0
2018-06-27 21:00:00,26.46,65.3,2.42,2167.4
2018-06-27 22:00:00,22.71,61.3,1.76,2328.3
2018-06-27 23:00:00,22.21,67.1,4.28,2422.9
2018-06-28 00:00:00,25.05,60.2,6.92,2660.3
2018-06-28 01:00:00,28.04,45.9,2.57,2750.5
2018-06-28 02:00:00,24.02,34.0,8.73,2608.3
2018-06-28 03:00:00,21.93,44.6,2.08,2425.7
2018-06-28 04:00:00,24.95,57.1,4.33,2316.6
2018-06-28 05:00:00,22.83,52.9,8.2,2109.4
2018-06-28 06:00:00,23.12,50.1,16.56,2083.3
2018-06-28 07:00:00,22.5,34.0,12.72,2085.1
2018-06-28 08:00:00,29.38,48.4,10.91,2182.0
2018-06-28 09:00:00,20.55,46.9,5.47,2126.5
2018-06-28 10:00:00,29.93,42.3,9.07,2367.8
2018-06-28 11:00:00,27.74,56.6,4.05,2410.4
2018-06-28 12:00:00,28.7,40.8,7.82,2473.6
2018-06-28 13:00:00,34.59,36.9,1.6,2600.8
2018-06-28 14:00:00,28.97,50.3,6.41,2489.6
2018-06-28 15:00:00,29.2,55.6,1.6,2444.2
2018-06-28 16:00:00,30.43,44.4,10.44,2408.3
2018-06-28 17:00:00,31.39,58.6,8.76,2317.2
2018-06-28 18:00:00,28.62,38.9,13.54,2139.7
2018-06-28 19:00:00,24.96,40.4,1.83,2094.5
2018-06-28 20:00:00,25.77,39.1,20.71,2171.8
2018-06-28 21:00:00,30.1,34.7,4.98,2330.9
2018-06-28 22:00:00,26.05,53.9,10.34,2417.1
2018-06-28 23:00:00,26.02,43.4,2.34,2630.1
2018-06-29 00:00:00,23.38,42.0,6.78,2681.4
2018-06-29 01:00:00,21.75,57.6,4.55,2695.0
2018-06-29 02:00:00,27.2,56.8,8.76,2683.1
2018-06-29 03:00:00,22.4,62.5,0.88,2447.0
2018-06-29 04:00:00,21.89,61.5,2.16,2238.4
2018-06-29 05:00:00,26.14,43.7,11.11,2151.3
2018-06-29 06:00:00,22.23,56.4,2.11,1982.7
2018-06-29 07:00:00,23.38,57.3,4.61,1956.6
2018-06-29 08:00:00,25.86,47.5,4.12,2066.6
2018-06-29 09:00:00,26.87,51.8,6.27,2122.1
2018-06-29 10:00:00,28.55,39.1,2.54,2254.4
2018-06-29 11:00:00,34.1,39.7,11.78,2484.9
2018-06-29 12:00:00,30.54,50.5,6.37,2468.6
2018-06-29 13:00:00,24.39,64.6,12.65,2426.0
2018-06-29 14:00:00,31.55,56.0,8.7,2523.4
2018-06-29 15:00:00,30.96,52.5,6.09,2510.4
2018-06-29 16:00:00,30.84,48.0,0.29,2456.6
2018-06-29 17:00:00,30.95,46.6,7.77,2412.9
2018-06-29 18:00:00,29.62,36.7,7.71,2332.9
2018-06-29 19:00:00,28.73,42.3,12.48,2271.8
2018-06-29 20:00:00,29.43,42.0,5.72,2421.4
2018-06-29 21:00:00,25.51,56.2,5.34,2483.5
2018-06-29 22:00:00,23.46,60.8,8.09,2653.3
2018-06-29 23:00:00,32.43,52.0,5.32,2934.2
2018-06-30 00:00:00,22.22,63.7,3.57,2595.7
2018-06-30 01:00:00,23.62,53.7,9.15,2618.6
2018-06-30 02:00:00,19.23,48.8,0.72,2471.0
2018-06-30 03:00:00,23.12,53.1,5.25,2324.4
2018-06-30 04:00:00,20.64,49.7,3.78,2131.4
2018-06-30 05:00:00,22.26,59.5,2.1,2019.2
2018-06-30 06:00:00,26.62,47.8,6.21,2015.9
2018-06-30 07:00:00,26.01,50.4,13.62,1963.7
2018-06-30 08:00:00,27.22,55.8,2.45,1977.2
2018-06-30 09:00:00,22.41,48.1,7.78,2029.6
2018-06-30 10:00:00,32.46,53.7,6.98,2187.3
2018-06-30 11:00:00,25.85,40.5,1.79,2065.9
2018-06-30 12:00:00,33.48,47.7,6.93,2293.8
2018-06-30 13:00:00,32.85,45.0,3.94,2317.4
2018-06-30 14:00:00,32.14,52.9,3.0,2297.8
2018-06-30 15:00:00,28.7,38.0,2.95,2124.0
2018-06-30 16:00:00,31.08,34.9,21.75,2071.4
2018-06-30 17:00:00,29.12,54.7,1.06,2009.2
2018-06-30 18:00:00,29.73,45.1,10.77,1989.7
2018-06-30 19:00:00,28.21,48.7,4.35,1952.0
2018-06-30 20:00:00,22.77,48.5,2.28,1874.1
2018-06-30 21:00:00,29.64,55.6,3.71,2090.8
2018-06-30 22:00:00,25.6,53.9,11.34,2183.1
2018-06-30 23:00:00,23.62,55.0,11.69,2309.9
2018-07-01 00:00:00,22.57,44.6,2.21,2403.6
2018-07-01 01:00:00,24.23,56.6,6.79,2453.6
2018-07-01 02:00:00,20.7,47.5,6.47,2305.1
2018-07-01 03:00:00,17.16,53.0,4.2,2219.5
2018-07-01 04:00:00,23.95,41.9,7.29,2065.2
2018-07-01 05:00:00,24.63,51.0,8.56,1909.4
2018-07-01 06:00:00,23.47,61.7,2.11,1744.6
2018-07-01 07:00:00,21.93,56.3,0.96,1749.1
2018-07-01 08:00:00,25.98,47.7,1.78,1788.9
2018-07-01 09:00:00,23.14,54.4,3.62,1841.2
2018-07-01 10:00:00,25.26,52.6,4.23,1914.6
2018-07-01 11:00:00,26.92,51.0,9.16,2030.0
2018-07-01 12:00:00,31.74,48.0,4.75,2141.0
2018-07-01 13:00:00,29.36,40.2,3.62,2144.2
2018-07-01 14:00:00,29.54,49.2,0.91,2167.5
2018-07-01 15:00:00,35.68,29.4,11.08,2282.0
2018-07-01 16:00:00,31.54,51.4,2.21,2162.0
2018-07-01 17:00:00,31.11,38.3,11.72,2078.2
2018-07-01 18:00:00,28.7,58.5,3.33,2006.0
2018-07-01 19:00:00,27.31,30.6,1.89,1877.5
2018-07-01 20:00:00,22.37,67.5,5.08,1936.7
2018-07-01 21:00:00,29.22,35.5,2.51,2189.9
2018-07-01 22:00:00,26.88,40.9,4.0,2292.9
2018-07-01 23:00:00,24.35,54.9,4.96,2461.4
2018-07-02 00:00:00,23.59,58.1,8.49,2877.6
2018-07-02 01:00:00,25.13,49.6,16.07,2945.7
2018-07-02 02:00:00,19.01,63.9,3.02,2769.5
2018-07-02 03:00:00,21.28,48.6,5.43,2606.0
2018-07-02 04:00:00,20.05,52.8,1.51,2447.5
2018-07-02 05:00:00,27.72,47.4,7.53,2355.8
2018-07-02 06:00:00,26.12,46.8,5.74,2237.5
2018-07-02 07:00:00,19.25,41.1,0.89,2162.8
2018-07-02 08:00:00,21.94,54.3,5.99,2131.9
2018-07-02 09:00:00,26.43,49.9,2.43,2288.0
2018-07-02 10:00:00,26.61,59.3,3.95,2352.6
2018-07-02 11:00:00,25.45,41.4,13.55,2391.8
2018-07-02 12:00:00,34.45,39.3,1.06,2579.2
2018-07-02 13:00:00,31.0,56.8,8.0,2533.9
2018-07-02 14:00:00,31.81,48.9,2.11,2594.3
2018-07-02 15:00:00,29.03,53.2,1.77,2507.9
2018-07-02 16:00:00,32.43,49.7,2.9,2520.8
2018-07-02 17:00:00,29.27,52.2,1.62,2347.0
2018-07-02 18:00:00,28.88,63.5,18.66,2246.6
2018-07-02 19:00:00,30.29,48.5,0.96,2163.0
2018-07-02 20:00:00,23.72,44.9,1.48,2116.0
2018-07-02 21:00:00,30.75,52.5,0.68,2351.9
2018-07-02 22:00:00,26.18,46.5,2.37,2461.6
2018-07-02 23:00:00,27.96,48.8,5.15,2583.4
2018-07-03 00:00:00,21.2,58.0,5.6,2736.2
2018-07-03 01:00:00,20.94,48.7,6.14,2760.9
2018-07-03 02:00:00,19.95,52.0,6.44,2700.2
2018-07-03 03:00:00,23.34,57.1,9.67,2572.4
2018-07-03 04:00:00,23.02,49.2,13.74,2374.2
2018-07-03 05:00:00,22.09,62.1,7.48,2227.6
2018-07-03 06:00:00,21.35,47.0,4.99,2173.2
2018-07-03 07:00:00,21.55,46.8,2.17,2137.5
2018-07-03 08:00:00,25.56,66.8,5.41,2225.6
2018-07-03 09:00:00,25.55,39.3,7.28,2298.7
2018-07-03 10:00:00,26.04,51.0,3.83,2388.6
2018-07-03 11:00:00,32.58,60.7,8.42,2637.8
2018-07-03 12:00:00,29.34,48.3,6.36,2620.7
2018-07-03 13:00:00,33.35,56.1,2.54,2714.2
2018-07-03 14:00:00,29.25,53.8,2.92,2615.9
2018-07-03 15:00:00,31.33,46.9,10.75,2620.8
2018-07-03 16:00:00,30.44,46.6,0.66,2455.5
2018-07-03 17:00:00,25.94,34.3,0.83,2325.0
2018-07-03 18:00:00,33.11,43.0,1.84,2348.7
2018-07-03 19:00:00,28.38,51.2,19.51,2203.3
2018-07-03 20:00:00,29.62,50.2,6.53,2208.9
2018-07-03 21:00:00,24.84,71.9,2.89,2258.2
2018-07-03 22:00:00,25.27,54.0,6.6,2388.4
2018-07-03 23:00:00,22.55,59.0,2.69,2474.0
2018-07-04 00:00:00,26.93,59.8,4.97,2642.3
2018-07-04 01:00:00,23.98,57.1,3.19,2633.5
2018-07-04 02:00:00,23.72,52.3,6.43,2538.6
2018-07-04 03:00:00,26.06,50.5,4.12,2454.8
2018-07-04 04:00:00,25.7,48.6,2.94,2339.3
2018-07-04 05:00:00,25.12,55.5,4.95,2194.1
2018-07-04 06:00:00,20.29,54.4,3.5,1978.8
2018-07-04 07:00:00,22.93,58.7,3.5,1971.6
2018-07-04 08:00:00,23.12,45.4,1.23,2034.8
2018-07-04 09:00:00,28.49,50.4,6.31,2167.6
2018-07-04 10:00:00,28.13,61.9,23.81,2254.8
2018-07-04 11:00:00,25.19,50.0,5.13,2294.7
2018-07-04 12:00:00,29.03,63.5,3.68,2380.2
2018-07-04 13:00:00,26.4,52.2,3.78,2432.5
2018-07-04 14:00:00,30.4,47.2,10.47,2502.0
2018-07-04 15:00:00,26.53,51.7,0.16,2386.6
2018-07-04 16:00:00,31.85,44.0,5.25,2432.5
2018-07-04 17:00:00,31.08,31.3,4.32,2254.1
2018-07-04 18:00:00,34.27,51.6,4.11,2294.4
2018-07-04 19:00:00,30.79,64.9,4.84,2146.1
2018-07-04 20:00:00,26.65,54.5,1.97,2192.3
2018-07-04 21:00:00,28.71,53.4,2.04,2393.9
2018-07-04 22:00:00,22.14,52.8,1.07,2426.2
2018-07-04 23:00:00,22.26,63.5,6.44,2615.5
2018-07-05 00:00:00,24.62,52.0,0.31,2719.7
2018-07-05 01:00:00,17.76,59.9,5.47,2676.1
2018-07-05 02:00:00,22.66,41.3,2.9,2514.1
2018-07-05 03:00:00,20.07,51.7,1.93,2408.1
2018-07-05 04:00:00,23.01,56.5,5.0,2238.5
2018-07-05 05:00:00,20.46,62.9,3.29,2126.1
2018-07-05 06:00:00,24.85,59.6,4.91,2079.6
2018-07-05 07:00:00,24.67,39.6,2.08,2003.9
2018-07-05 08:00:00,29.08,36.9,5.9,2147.0
2018-07-05 09:00:00,26.64,55.4,4.22,2187.5
2018-07-05 10:00:00,25.73,45.4,8.15,2227.0
2018-07-05 11:00:00,28.0,56.8,1.28,2379.4
2018-07-05 12:00:00,26.09,38.1,3.27,2395.1
2018-07-05 13:00:00,31.1,46.3,2.95,2495.0
2018-07-05 14:00:00,31.96,46.2,6.99,2517.1
2018-07-05 15:00:00,36.79,46.4,9.56,2579.4
2018-07-05 16:00:00,28.93,40.6,5.22,2284.0
2018-07-05 17:00:00,29.41,32.7,4.1,2102.8
2018-07-05 18:00:00,28.01,51.0,8.16,2082.7
2018-07-05 19:00:00,29.15,52.9,3.52,2125.8
2018-07-05 20:00:00,28.61,57.2,13.65,2222.9
2018-07-05 21:00:00,26.49,47.9,2.48,2342.8
2018-07-05 22:00:00,28.3,55.6,0.56,2526.4
2018-07-05 23:00:00,23.08,57.4,1.25,2613.6
2018-07-06 00:00:00,26.2,61.6,3.37,2749.1
2018-07-06 01:00:00,24.45,52.0,18.19,2771.7
2018-07-06 02:00:00,22.67,40.0,2.04,2692.4
2018-07-06 03:00:00,21.78,54.0,13.54,2520.3
2018-07-06 04:00:00,28.77,49.7,5.17,2457.5
2018-07-06 05:00:00,21.06,59.3,2.03,2252.4
2018-07-06 06:00:00,24.48,40.2,3.63,2172.5
2018-07-06 07:00:00,22.69,51.4,8.77,2065.6
2018-07-06 08:00:00,29.99,54.9,3.98,2221.4
2018-07-06 09:00:00,28.78,48.1,2.08,2203.7
2018-07-06 10:00:00,25.91,48.8,3.42,2198.1
2018-07-06 11:00:00,29.85,63.4,10.19,2358.8
2018-07-06 12:00:00,30.04,39.4,21.88,2454.2
2018-07-06 13:00:00,28.74,58.9,8.45,2475.0
2018-07-06 14:00:00,32.32,54.3,14.19,2513.4
2018-07-06 15:00:00,31.54,45.0,8.29,2580.4
2018-07-06 16:00:00,30.97,47.0,8.24,2460.8
2018-07-06 17:00:00,29.92,47.8,6.97,2352.8
2018-07-06 18:00:00,30.47,49.1,6.12,2243.9
2018-07-06 19:00:00,29.14,43.9,2.55,2140.2
2018-07-06 20:00:00,27.75,46.4,4.8,2162.6
2018-07-06 21:00:00,24.96,49.2,8.43,2227.3
2018-07-06 22:00:00,29.76,45.6,6.15,2495.8
2018-07-06 23:00:00,21.94,52.0,1.07,2536.2
2018-07-07 00:00:00,24.75,34.3,10.12,2448.8
2018-07-07 01:00:00,22.24,55.0,7.25,2421.5
2018-07-07 02:00:00,27.04,46.1,9.73,2462.7
2018-07-07 03:00:00,20.25,40.9,2.0,2261.4
2018-07-07 04:00:00,20.81,52.6,1.09,2081.1
2018-07-07 05:00:00,20.62,52.5,3.98,1929.4
2018-07-07 06:00:00,24.49,62.6,6.36,1845.5
2018-07-07 07:00:00,21.08,50.8,12.74,1796.3
2018-07-07 08:00:00,24.28,57.9,5.77,1904.7
2018-07-07 09:00:00,21.13,66.2,16.53,1908.2
2018-07-07 10:00:00,28.15,44.5,3.27,2067.8
2018-07-07 11:00:00,27.26,49.8,6.96,2089.3
2018-07-07 12:00:00,25.62,65.3,0.82,2026.0
2018-07-07 13:00:00,32.69,47.7,8.87,2238.5
2018-07-07 14:00:00,27.1,53.3,12.22,2191.9
2018-07-07 15:00:00,32.5,42.7,6.08,2280.3
2018-07-07 16:00:00,28.62,54.6,1.62,2220.2
2018-07-07 17:00:00,33.98,44.5,4.77,2200.3
2018-07-07 18:00:00,31.21,32.4,3.19,2007.7
2018-07-07 19:00:00,25.99,48.4,3.51,1919.5
2018-07-07 20:00:00,25.25,42.3,4.74,1991.0
2018-07-07 21:00:00,28.02,50.5,1.55,2189.7
2018-07-07 22:00:00,24.82,44.8,5.69,2252.8
2018-07-07 23:00:00,24.09,56.6,3.39,2382.6
2018-07-08 00:00:00,26.8,50.9,6.57,2473.6
2018-07-08 01:00:00,21.11,45.1,6.58,2523.2
2018-07-08 02:00:00,22.81,49.8,1.99,2410.7
2018-07-08 03:00:00,24.84,57.1,3.81,2238.5
2018-07-08 04:00:00,24.61,61.5,3.69,2063.9
2018-07-08 05:00:00,22.59,46.7,4.6,1900.3
2018-07-08 06:00:00,22.9,44.9,11.21,1839.8
2018-07-08 07:00:00,20.1,71.5,2.78,1797.6
2018-07-08 08:00:00,22.77,53.7,3.78,1801.1
2018-07-08 09:00:00,27.24,50.9,6.63,1911.0
2018-07-08 10:00:00,27.14,44.4,5.0,1963.2
2018-07-08 11:00:00,28.64,50.8,8.71,2126.1
2018-07-08 12:00:00,31.88,60.2,6.48,2249.9
2018-07-08 13:00:00,26.94,52.5,3.76,2222.2
2018-07-08 14:00:00,29.72,56.7,5.33,2267.5
2018-07-08 15:00:00,30.92,47.5,10.27,2181.1
2018-07-08 16:00:00,28.55,41.0,1.7,2134.4
2018-07-08 17:00:00,33.49,39.7,1.87,2155.4
2018-07-08 18:00:00,31.55,37.8,2.11,2036.6
2018-07-08 19:00:00,29.17,50.4,3.88,1861.2
2018-07-08 20:00:00,31.97,56.2,4.24,1960.8
2018-07-08 21:00:00,22.7,55.1,11.34,2000.6
2018-07-08 22:00:00,25.39,49.2,3.17,2261.2
2018-07-08 23:00:00,25.36,45.4,1.2,2419.7
2018-07-09 00:00:00,21.27,57.8,10.25,2792.8
2018-07-09 01:00:00,23.67,43.2,3.06,2883.7
2018-07-09 02:00:00,19.76,47.1,7.79,2765.8
2018-07-09 03:00:00,24.11,59.9,9.14,2674.0
2018-07-09 04:00:00,25.17,49.6,5.62,2542.9
2018-07-09 05:00:00,23.6,50.7,4.6,2377.8
2018-07-09 06:00:00,18.92,55.5,2.5,2277.6
2018-07-09 07:00:00,21.97,60.2,2.43,2183.4
2018-07-09 08:00:00,26.76,51.9,9.38,2280.1
2018-07-09 09:00:00,26.44,44.9,6.28,2306.0
2018-07-09 10:00:00,20.69,49.8,9.42,2268.6
2018-07-09 11:00:00,31.49,45.2,3.24,2540.8
2018-07-09 12:00:00,29.56,50.8,10.7,2541.9
2018-07-09 13:00:00,27.8,49.5,13.42,2545.8
2018-07-09 14:00:00,32.74,44.8,1.57,2642.4
2018-07-09 15:00:00,28.69,49.4,1.66,2453.2
2018-07-09 16:00:00,28.53,48.9,8.14,2361.6
2018-07-09 17:00:00,30.75,41.2,5.39,2336.9
2018-07-09 18:00:00,33.67,53.9,4.06,2306.6
2018-07-09 19:00:00,32.44,42.2,9.02,2226.0
2018-07-09 20:00:00,28.32,50.4,2.88,2200.7
2018-07-09 21:00:00,27.54,33.5,3.03,2352.6
2018-07-09 22:00:00,27.33,48.4,1.78,2453.2
2018-07-09 23:00:00,21.24,46.2,9.84,2559.4
2018-07-10 00:00:00,25.1,44.1,1.45,2718.9
2018-07-10 01:00:00,21.02,74.6,9.06,2783.5
2018-07-10 02:00:00,23.25,55.4,7.22,2758.9
2018-07-10 03:00:00,21.75,64.4,9.26,2529.9
2018-07-10 04:00:00,23.71,59.9,1.91,2421.2
2018-07-10 05:00:00,23.15,61.3,4.48,2246.2
2018-07-10 06:00:00,15.81,57.8,2.5,2068.3
2018-07-10 07:00:00,24.77,65.0,12.6,2016.7
2018-07-10 08:00:00,26.89,57.3,5.12,2138.0
2018-07-10 09:00:00,27.43,50.4,3.14,2223.3
2018-07-10 10:00:00,27.1,52.4,2.38,2247.3
2018-07-10 11:00:00,32.42,45.0,5.57,2487.9
2018-07-10 12:00:00,29.93,48.5,3.16,2520.7
2018-07-10 13:00:00,30.88,46.9,3.47,2560.0
2018-07-10 14:00:00,32.79,48.8,4.3,2612.6
2018-07-10 15:00:00,31.22,60.9,17.68,2503.0
2018-07-10 16:00:00,27.94,40.0,4.94,2443.3
2018-07-10 17:00:00,23.69,62.2,3.06,2218.5
2018-07-10 18:00:00,27.95,46.7,4.93,2140.6
2018-07-10 19:00:00,30.22,58.0,2.63,2158.3
2018-07-10 20:00:00,26.47,48.2,12.51,2251.4
2018-07-10 21:00:00,28.32,52.6,7.96,2337.3
2018-07-10 22:00:00,25.65,50.2,1.53,2499.1
2018-07-10 23:00:00,27.54,36.1,7.91,2702.6
2018-07-11 00:00:00,22.68,67.8,5.67,2762.8
2018-07-11 01:00:00,23.95,45.3,6.93,2840.2
2018-07-11 02:00:00,23.65,53.8,10.02,2719.8
2018-07-11 03:00:00,26.0,42.8,2.06,2586.1
2018-07-11 04:00:00,18.12,46.8,4.45,2330.4
2018-07-11 05:00:00,21.64,53.1,6.67,2235.1
2018-07-11 06:00:00,25.54,46.8,9.29,2223.6
2018-07-11 07:00:00,28.11,40.2,7.53,2176.3
2018-07-11 08:00:00,25.81,51.1,4.34,2170.9
2018-07-11 09:00:00,25.52,39.7,9.78,2258.5
2018-07-11 10:00:00,29.18,49.7,4.05,2316.6
2018-07-11 11:00:00,30.42,46.6,3.52,2466.4
2018-07-11 12:00:00,28.18,29.6,0.68,2473.4
2018-07-11 13:00:00,30.54,43.4,1.76,2532.9
2018-07-11 14:00:00,33.06,49.3,4.09,2644.9
2018-07-11 15:00:00,34.97,35.5,1.86,2685.9
2018-07-11 16:00:00,31.97,50.5,1.01,2473.7
2018-07-11 17:00:00,29.82,51.6,2.16,2354.6
2018-07-11 18:00:00,28.94,40.7,13.38,2267.8
2018-07-11 19:00:00,29.64,48.2,1.47,2144.8
2018-07-11 20:00:00,26.99,57.0,1.64,2165.3
2018-07-11 21:00:00,26.72,43.6,8.96,2268.7
2018-07-11 22:00:00,22.57,52.3,6.57,2437.4
2018-07-11 23:00:00,27.49,59.2,4.49,2645.7
2018-07-12 00:00:00,20.5,48.7,8.45,2699.3
2018-07-12 01:00:00,21.63,58.4,5.08,2704.1
2018-07-12 02:00:00,22.55,45.3,0.02,2610.6
2018-07-12 03:00:00,27.15,49.0,2.86,2444.7
2018-07-12 04:00:00,21.25,58.6,19.85,2264.3
2018-07-12 05:00:00,21.05,35.9,5.08,2169.3
2018-07-12 06:00:00,21.97,50.2,10.54,2078.2
2018-07-12 07:00:00,28.32,52.8,11.07,2151.3
2018-07-12 08:00:00,18.11,59.3,7.41,2056.2
2018-07-12 09:00:00,23.67,48.9,4.66,2175.2
2018-07-12 10:00:00,34.04,35.9,2.32,2440.4
2018-07-12 11:00:00,29.65,53.3,1.49,2419.1
2018-07-12 12:00:00,26.24,48.4,10.83,2474.2
2018-07-12 13:00:00,29.53,52.7,6.29,2508.2
2018-07-12 14:00:00,30.21,50.9,6.34,2448.2
2018-07-12 15:00:00,32.29,42.6,7.38,2482.8
2018-07-12 16:00:00,34.64,52.9,3.58,2454.4
2018-07-12 17:00:00,30.61,42.8,9.47,2230.4
2018-07-12 18:00:00,27.65,59.4,5.35,2105.4
2018-07-12 19:00:00,30.14,58.5,3.9,2137.9
2018-07-12 20:00:00,25.46,60.0,6.41,2139.4
2018-07-12 21:00:00,23.59,51.7,9.69,2194.2
2018-07-12 22:00:00,20.74,75.8,3.77,2347.5
2018-07-12 23:00:00,20.26,57.0,19.73,2545.3
2018-07-13 00:00:00,21.03,57.1,1.43,2715.7
2018-07-13 01:00:00,19.69,56.1,7.04,2775.8
2018-07-13 02:00:00,23.02,44.5,2.59,2681.7
2018-07-13 03:00:00,19.1,67.1,5.44,2542.1
2018-07-13 04:00:00,14.37,55.9,8.16,2341.0
2018-07-13 05:00:00,20.02,63.3,39.92,2171.4
2018-07-13 06:00:00,22.09,63.6,0.91,2064.9
2018-07-13 07:00:00,22.58,58.8,1.97,2015.2
2018-07-13 08:00:00,28.86,43.4,7.26,2168.4
2018-07-13 09:00:00,24.56,49.6,9.85,2193.3
2018-07-13 10:00:00,29.34,27.1,3.43,2323.4
2018-07-13 11:00:00,28.05,48.6,1.85,2376.4
2018-07-13 12:00:00,28.82,55.4,7.44,2433.6
2018-07-13 13:00:00,27.47,48.1,2.95,2412.6
2018-07-13 14:00:00,29.81,43.4,12.04,2425.3
2018-07-13 15:00:00,28.18,47.1,6.84,2441.6
2018-07-13 16:00:00,30.39,57.4,7.3,2376.7
2018-07-13 17:00:00,28.97,48.4,11.03,2279.6
2018-07-13 18:00:00,26.56,65.6,16.83,2164.3
2018-07-13 19:00:00,30.58,43.0,2.2,2150.0
2018-07-13 20:00:00,28.2,51.2,4.01,2169.6
2018-07-13 21:00:00,24.98,48.6,12.04,2255.5
2018-07-13 22:00:00,25.43,68.3,5.23,2438.9
2018-07-13 23:00:00,23.89,54.3,3.25,2578.2
2018-07-14 00:00:00,21.02,72.2,4.8,2433.6
2018-07-14 01:00:00,22.73,50.5,15.91,2486.3
2018-07-14 02:00:00,20.6,67.7,4.98,2370.7
2018-07-14 03:00:00,19.66,57.2,7.93,2283.9
2018-07-14 04:00:00,18.1,64.2,3.93,2132.2
2018-07-14 05:00:00,21.66,44.9,1.19,1876.7
2018-07-14 06:00:00,24.61,55.1,9.64,1807.9
2018-07-14 07:00:00,22.28,45.6,3.92,1844.3
2018-07-14 08:00:00,31.28,49.0,10.42,2019.7
2018-07-14 09:00:00,28.23,37.3,7.68,1982.2
2018-07-14 10:00:00,30.31,47.0,6.39,2116.6
2018-07-14 11:00:00,30.01,56.8,12.65,2091.9
2018-07-14 12:00:00,33.48,49.6,3.94,2243.2
2018-07-14 13:00:00,27.51,40.1,9.49,2151.5
2018-07-14 14:00:00,23.48,38.0,5.01,2108.1
2018-07-14 15:00:00,28.9,52.9,3.69,2111.6
2018-07-14 16:00:00,31.28,59.6,7.15,2077.8
2018-07-14 17:00:00,29.86,40.4,3.33,1859.9
2018-07-14 18:00:00,29.53,65.2,4.07,1768.2
2018-07-14 19:00:00,31.32,46.9,5.73,1798.2
2018-07-14 20:00:00,28.01,33.9,12.19,1844.5
2018-07-14 21:00:00,28.01,37.1,13.08,2080.7
2018-07-14 22:00:00,22.63,60.1,1.92,2143.8
2018-07-14 23:00:00,21.28,56.0,3.55,2339.1
2018-07-15 00:00:00,27.14,62.1,8.37,2512.4
2018-07-15 01:00:00,22.72,44.2,3.16,2465.1
2018-07-15 02:00:00,20.51,56.5,3.49,2390.7
2018-07-15 03:00:00,20.38,55.7,4.86,2237.1
2018-07-15 04:00:00,20.45,54.5,8.09,2139.6
2018-07-15 05:00:00,20.7,52.4,6.28,1967.3
2018-07-15 06:00:00,19.9,53.2,13.2,1820.2
2018-07-15 07:00:00,20.18,57.3,5.69,1799.0
2018-07-15 08:00:00,24.41,54.9,6.35,1805.4
2018-07-15 09:00:00,24.45,54.5,5.01,1855.4
2018-07-15 10:00:00,29.74,57.9,6.91,2066.0
2018-07-15 11:00:00,28.67,39.5,3.72,2107.8
2018-07-15 12:00:00,29.43,34.0,7.18,2205.8
2018-07-15 13:00:00,27.54,58.1,3.09,2202.0
2018-07-15 14:00:00,29.5,40.9,11.51,2255.7
2018-07-15 15:00:00,30.84,44.3,5.25,2217.8
2018-07-15 16:00:00,31.59,41.8,14.86,2192.3
2018-07-15 17:00:00,29.16,43.6,11.37,1990.3
2018-07-15 18:00:00,31.46,35.2,6.49,1921.0
2018-07-15 19:00:00,27.95,45.1,8.62,1829.8
2018-07-15 20:00:00,28.95,54.0,7.29,1931.7
2018-07-15 21:00:00,24.71,52.2,1.96,1996.8
2018-07-15 22:00:00,20.37,59.7,6.29,2166.5
2018-07-15 23:00:00,24.6,48.3,6.05,2321.0
2018-07-16 00:00:00,24.83,59.4,4.97,2688.0
2018-07-16 01:00:00,23.82,48.9,7.71,2716.4
2018-07-16 02:00:00,23.04,36.7,6.4,2638.5
2018-07-16 03:00:00,20.98,57.8,6.73,2441.1
2018-07-16 04:00:00,19.97,62.2,14.36,2242.1
2018-07-16 05:00:00,23.76,48.5,5.72,2115.3
2018-07-16 06:00:00,24.09,62.3,9.6,2065.7
2018-07-16 07:00:00,22.45,47.2,5.22,2107.0
2018-07-16 08:00:00,27.59,55.3,14.54,2151.3
2018-07-16 09:00:00,23.64,67.0,8.38,2151.0
2018-07-16 10:00:00,25.42,52.0,6.5,2205.7
2018-07-16 11:00:00,31.94,44.6,3.38,2400.7
2018-07-16 12:00:00,30.85,46.5,14.76,2429.2
2018-07-16 13:00:00,28.42,62.3,10.85,2446.1
2018-07-16 14:00:00,30.43,50.9,3.17,2415.6
2018-07-16 15:00:00,30.23,65.0,1.47,2378.4
2018-07-16 16:00:00,22.85,56.0,4.49,2203.7
2018-07-16 17:00:00,27.05,45.1,2.58,2183.4
2018-07-16 18:00:00,28.55,44.5,4.87,2143.5
2018-07-16 19:00:00,26.96,50.9,9.2,2090.3
2018-07-16 20:00:00,27.5,33.7,10.81,2196.4
2018-07-16 21:00:00,28.67,45.3,1.33,2391.3
2018-07-16 22:00:00,24.01,49.2,1.84,2475.0
2018-07-16 23:00:00,21.2,57.0,2.51,2604.0
2018-07-17 00:00:00,23.74,68.5,6.22,2745.8
2018-07-17 01:00:00,21.48,55.3,11.3,2783.2
2018-07-17 02:00:00,21.5,39.4,5.24,2701.2
2018-07-17 03:00:00,21.03,47.9,1.29,2501.2
2018-07-17 04:00:00,27.5,52.1,6.77,2438.7
2018-07-17 05:00:00,16.69,59.4,3.91,2224.3
2018-07-17 06:00:00,21.96,67.4,3.95,2192.3
2018-07-17 07:00:00,23.75,60.7,6.18,2132.1
2018-07-17 08:00:00,22.77,61.2,7.93,2144.9
2018-07-17 09:00:00,28.01,47.9,10.49,2286.7
2018-07-17 10:00:00,28.83,57.7,11.51,2353.5
2018-07-17 11:00:00,27.64,42.7,9.58,2357.8
2018-07-17 12:00:00,27.91,57.4,8.87,2434.1
2018-07-17 13:00:00,28.94,46.6,1.75,2473.6
2018-07-17 14:00:00,29.36,36.9,8.4,2490.7
2018-07-17 15:00:00,29.56,53.1,4.94,2461.8
2018-07-17 16:00:00,29.15,59.9,11.4,2335.7
2018-07-17 17:00:00,29.85,44.9,3.7,2238.8
2018-07-17 18:00:00,30.47,60.1,4.65,2154.4
2018-07-17 19:00:00,24.68,39.0,3.33,2029.5
2018-07-17 20:00:00,24.17,43.1,3.82,2091.9
2018-07-17 21:00:00,21.39,53.7,12.98,2211.7
2018-07-17 22:00:00,26.89,47.5,3.46,2488.7
2018-07-17 23:00:00,24.38,47.2,5.81,2630.8
2018-07-18 00:00:00,24.1,53.8,3.7,2824.1
2018-07-18 01:00:00,18.63,52.9,5.8,2829.3
2018-07-18 02:00:00,26.26,48.1,6.77,2738.0
2018-07-18 03:00:00,20.14,58.1,8.32,2515.8
2018-07-18 04:00:00,22.22,48.9,5.41,2468.2
2018-07-18 05:00:00,24.34,51.7,13.78,2265.5
2018-07-18 06:00:00,20.37,50.5,1.45,2155.6
2018-07-18 07:00:00,22.3,44.5,3.35,2206.3
2018-07-18 08:00:00,25.08,58.0,3.24,2190.9
2018-07-18 09:00:00,32.81,59.4,2.66,2441.9
2018-07-18 10:00:00,27.45,58.6,7.88,2453.0
2018-07-18 11:00:00,31.68,49.3,3.26,2567.9
2018-07-18 12:00:00,31.51,41.7,0.28,2530.0
2018-07-18 13:00:00,30.05,45.7,6.32,2560.0
2018-07-18 14:00:00,27.06,58.8,14.01,2501.0
2018-07-18 15:00:00,32.31,27.9,0.46,2552.6
2018-07-18 16:00:00,25.78,48.5,7.61,2377.9
2018-07-18 17:00:00,33.13,51.4,10.13,2409.7
2018-07-18 18:00:00,28.99,39.7,3.59,2168.3
2018-07-18 19:00:00,21.04,58.6,6.89,2030.2
2018-07-18 20:00:00,25.85,54.3,5.96,2137.7
2018-07-18 21:00:00,27.3,38.5,8.21,2307.6
2018-07-18 22:00:00,24.04,53.5,3.89,2485.3
2018-07-18 23:00:00,25.45,46.7,3.99,2596.5
2018-07-19 00:00:00,20.61,58.8,7.02,2722.4
2018-07-19 01:00:00,18.84,62.3,5.42,2730.6
2018-07-19 02:00:00,21.53,58.0,10.98,2663.1
2018-07-19 03:00:00,21.65,55.3,5.75,2548.0
2018-07-19 04:00:00,20.83,57.6,7.2,2337.2
2018-07-19 05:00:00,25.17,42.5,4.06,2206.0
2018-07-19 06:00:00,20.61,55.3,4.05,2099.2
2018-07-19 07:00:00,24.35,46.1,9.02,2067.8
2018-07-19 08:00:00,24.7,60.5,9.71,2111.7
2018-07-19 09:00:00,21.68,60.1,1.69,2096.6
2018-07-19 10:00:00,23.31,58.8,4.71,2234.1
2018-07-19 11:00:00,27.6,63.6,7.25,2397.5
2018-07-19 12:00:00,33.35,42.7,0.55,2534.9
2018-07-19 13:00:00,30.48,43.2,4.65,2558.9
2018-07-19 14:00:00,25.12,49.1,18.29,2482.5
2018-07-19 15:00:00,21.79,41.7,2.72,2366.0
2018-07-19 16:00:00,31.26,34.8,2.63,2460.4
2018-07-19 17:00:00,28.79,53.9,5.18,2336.2
2018-07-19 18:00:00,31.25,35.8,5.48,2223.5
2018-07-19 19:00:00,25.37,43.1,4.28,1985.6
2018-07-19 20:00:00,27.48,49.2,9.86,2062.8
2018-07-19 21:00:00,27.68,46.6,1.02,2178.2
2018-07-19 22:00:00,23.41,60.4,2.55,2336.0
2018-07-19 23:00:00,22.5,54.5,4.68,2490.1
2018-07-20 00:00:00,22.7,47.4,11.29,2603.6
2018-07-20 01:00:00,23.36,61.1,3.39,2724.8
2018-07-20 02:00:00,21.57,60.6,2.33,2690.7
2018-07-20 03:00:00,23.9,41.6,0.73,2494.2
2018-07-20 04:00:00,20.45,57.7,2.11,2360.0
2018-07-20 05:00:00,18.68,51.3,0.82,2267.5
2018-07-20 06:00:00,27.58,44.0,3.2,2228.7
2018-07-20 07:00:00,21.96,69.4,7.78,2098.0
2018-07-20 08:00:00,23.01,54.6,6.85,2048.2
2018-07-20 09:00:00,25.3,50.0,8.05,2087.8
2018-07-20 10:00:00,26.67,51.3,1.8,2189.8
2018-07-20 11:00:00,26.5,57.8,1.27,2251.6
2018-07-20 12:00:00,28.25,43.8,6.59,2342.2
2018-07-20 13:00:00,28.83,44.7,9.31,2420.7
2018-07-20 14:00:00,29.77,53.4,5.18,2526.1
2018-07-20 15:00:00,23.58,41.0,6.96,2364.4
2018-07-20 16:00:00,34.03,52.7,4.92,2454.5
2018-07-20 17:00:00,28.56,36.3,3.58,2243.7
2018-07-20 18:00:00,29.75,46.2,4.07,2171.9
2018-07-20 19:00:00,24.02,40.0,9.2,2113.6
2018-07-20 20:00:00,25.33,43.3,4.86,2161.3
2018-07-20 21:00:00,23.79,63.4,9.13,2298.3
2018-07-20 22:00:00,28.11,57.9,5.77,2638.7
2018-07-20 23:00:00,22.0,63.6,3.16,2779.8
2018-07-21 00:00:00,24.43,40.9,7.26,2640.2
2018-07-21 01:00:00,20.28,47.4,4.99,2598.4
2018-07-21 02:00:00,20.37,58.4,10.63,2467.6
2018-07-21 03:00:00,20.75,61.1,2.62,2314.0
2018-07-21 04:00:00,24.71,45.8,0.83,2097.5
2018-07-21 05:00:00,17.18,53.6,7.8,2009.1
2018-07-21 06:00:00,19.25,47.6,12.18,1880.7
2018-07-21 07:00:00,18.5,70.5,9.3,1845.6
2018-07-21 08:00:00,21.61,50.9,12.86,1874.7
2018-07-21 09:00:00,23.34,53.6,14.72,1889.6
2018-07-21 10:00:00,22.37,54.8,4.48,1993.4
2018-07-21 11:00:00,25.53,60.4,2.19,2118.4
2018-07-21 12:00:00,23.16,45.9,0.28,2130.4
2018-07-21 13:00:00,26.29,60.3,0.92,2225.5
2018-07-21 14:00:00,32.23,36.0,7.56,2335.6
2018-07-21 15:00:00,30.38,57.0,1.0,2258.4
2018-07-21 16:00:00,29.7,34.5,6.22,2139.0
2018-07-21 17:00:00,26.32,50.1,7.93,1985.7
2018-07-21 18:00:00,24.35,65.5,5.34,1885.3
2018-07-21 19:00:00,24.52,58.0,4.01,1815.2
2018-07-21 20:00:00,26.29,54.3,2.5,1899.1
2018-07-21 21:00:00,27.54,41.6,13.45,1968.9
2018-07-21 22:00:00,26.59,44.9,2.49,2193.0
2018-07-21 23:00:00,24.94,62.8,4.03,2299.9
2018-07-22 00:00:00,20.59,59.3,3.66,2330.4
2018-07-22 01:00:00,21.86,61.6,8.29,2355.5
2018-07-22 02:00:00,20.59,56.1,5.76,2308.8
2018-07-22 03:00:00,20.76,53.1,1.63,2163.3
2018-07-22 04:00:00,26.49,56.9,8.9,2092.5
2018-07-22 05:00:00,17.39,60.2,2.48,1883.2
2018-07-22 06:00:00,21.85,53.2,6.3,1788.0
2018-07-22 07:00:00,26.29,39.7,12.67,1813.8
2018-07-22 08:00:00,20.56,63.2,3.02,1860.9
2018-07-22 09:00:00,23.65,56.6,3.17,1913.9
2018-07-22 10:00:00,24.97,47.2,4.48,2103.5
2018-07-22 11:00:00,26.7,60.1,4.61,2266.2
2018-07-22 12:00:00,24.1,54.7,5.93,2216.4
2018-07-22 13:00:00,30.21,49.9,7.35,2382.8
2018-07-22 14:00:00,30.79,54.4,2.36,2360.1
2018-07-22 15:00:00,30.53,52.9,4.99,2315.4
2018-07-22 16:00:00,26.95,52.8,2.03,2099.5
2018-07-22 17:00:00,28.94,47.3,8.04,2033.3
2018-07-22 18:00:00,25.84,67.2,10.33,2005.0
2018-07-22 19:00:00,26.43,45.0,3.63,1930.9
2018-07-22 20:00:00,31.68,52.6,5.56,2093.8
2018-07-22 21:00:00,25.5,50.9,12.21,2101.2
2018-07-22 22:00:00,21.26,58.6,6.59,2207.7
2018-07-22 23:00:00,23.71,62.9,2.04,2445.7
2018-07-23 00:00:00,18.94,54.4,1.19,2772.0
2018-07-23 01:00:00,18.69,61.9,2.68,2789.9
2018-07-23 02:00:00,18.69,59.2,4.21,2718.9
2018-07-23 03:00:00,20.04,50.8,8.71,2612.9
2018-07-23 04:00:00,23.63,63.2,3.92,2425.7
2018-07-23 05:00:00,23.13,59.2,1.9,2351.1
2018-07-23 06:00:00,23.63,49.6,4.09,2169.4
2018-07-23 07:00:00,20.41,64.5,4.28,2093.4
2018-07-23 08:00:00,22.76,47.1,2.78,2170.2
2018-07-23 09:00:00,25.83,51.1,3.94,2236.1
2018-07-23 10:00:00,24.62,48.9,5.61,2292.2
2018-07-23 11:00:00,26.46,56.8,1.03,2348.2
2018-07-23 12:00:00,29.08,44.9,4.29,2400.4
2018-07-23 13:00:00,27.74,55.9,20.46,2405.8
2018-07-23 14:00:00,29.58,53.1,6.42,2488.9
2018-07-23 15:00:00,33.13,42.5,8.81,2507.6
2018-07-23 16:00:00,28.59,63.8,12.14,2345.4
2018-07-23 17:00:00,31.56,40.8,13.66,2291.5
2018-07-23 18:00:00,29.38,37.2,3.22,2196.8
2018-07-23 19:00:00,23.48,60.1,1.13,2005.4
2018-07-23 20:00:00,23.43,36.1,9.82,2056.1
2018-07-23 21:00:00,23.07,65.5,4.25,2175.0
2018-07-23 22:00:00,21.98,55.2,4.42,2320.1
2018-07-23 23:00:00,22.93,42.2,7.28,2570.0
2018-07-24 00:00:00,23.75,45.4,5.06,2638.3
2018-07-24 01:00:00,24.71,39.2,5.99,2707.5
2018-07-24 02:00:00,21.95,57.5,6.35,2632.6
2018-07-24 03:00:00,19.93,45.4,9.91,2475.0
2018-07-24 04:00:00,15.97,63.2,6.82,2386.7
2018-07-24 05:00:00,21.75,52.2,1.99,2248.1
2018-07-24 06:00:00,22.28,50.4,1.95,2119.2
2018-07-24 07:00:00,23.5,57.3,2.99,2124.3
2018-07-24 08:00:00,29.27,53.6,6.56,2216.5
2018-07-24 09:00:00,28.14,58.7,2.14,2235.9
2018-07-24 10:00:00,28.04,44.5,2.14,2352.1
2018-07-24 11:00:00,24.64,52.1,6.23,2385.0
2018-07-24 12:00:00,26.59,45.6,3.21,2511.0
2018-07-24 13:00:00,28.27,50.7,12.95,2467.9
2018-07-24 14:00:00,26.97,44.2,3.35,2470.9
2018-07-24 15:00:00,30.29,44.4,8.23,2559.0
2018-07-24 16:00:00,29.8,44.8,4.52,2420.6
2018-07-24 17:00:00,25.78,53.7,1.77,2257.8
2018-07-24 18:00:00,30.86,47.3,3.26,2251.0
2018-07-24 19:00:00,27.3,54.2,4.76,2176.8
2018-07-24 20:00:00,21.75,53.7,3.31,2124.2
2018-07-24 21:00:00,24.91,47.4,12.01,2313.4
2018-07-24 22:00:00,24.71,53.8,2.38,2472.6
2018-07-24 23:00:00,25.47,44.3,3.63,2768.6
2018-07-25 00:00:00,21.25,59.5,6.77,2847.1
2018-07-25 01:00:00,23.53,50.9,15.59,2961.4
2018-07-25 02:00:00,21.53,56.4,7.46,2870.0
2018-07-25 03:00:00,17.64,59.6,6.47,2678.1
2018-07-25 04:00:00,17.52,70.8,9.0,2484.0
2018-07-25 05:00:00,24.27,55.6,10.67,2353.1
2018-07-25 06:00:00,25.09,52.5,12.18,2159.6
2018-07-25 07:00:00,23.73,47.5,7.44,2148.0
2018-07-25 08:00:00,27.63,56.3,5.85,2230.9
2018-07-25 09:00:00,27.57,47.8,2.45,2302.1
2018-07-25 10:00:00,27.67,37.7,6.16,2391.0
2018-07-25 11:00:00,24.65,50.7,13.72,2351.2
2018-07-25 12:00:00,32.08,47.9,0.49,2546.8
2018-07-25 13:00:00,29.73,41.7,11.34,2538.1
2018-07-25 14:00:00,27.83,48.8,5.83,2458.8
2018-07-25 15:00:00,27.26,49.6,9.65,2478.1
2018-07-25 16:00:00,29.43,48.0,7.67,2512.5
2018-07-25 17:00:00,24.21,62.5,5.21,2297.3
2018-07-25 18:00:00,29.5,37.9,5.82,2307.0
2018-07-25 19:00:00,24.54,68.6,8.11,2173.0
2018-07-25 20:00:00,26.89,50.2,2.59,2227.8
2018-07-25 21:00:00,23.62,57.7,5.25,2281.2
2018-07-25 22:00:00,23.23,54.4,7.35,2401.9
2018-07-25 23:00:00,21.03,41.4,8.67,2589.7
2018-07-26 00:00:00,21.58,46.3,8.09,2689.0
2018-07-26 01:00:00,26.07,47.0,4.18,2794.6
2018-07-26 02:00:00,24.41,60.4,5.53,2678.5
2018-07-26 03:00:00,21.7,43.6,1.94,2461.4
2018-07-26 04:00:00,20.88,48.4,10.95,2269.7
2018-07-26 05:00:00,23.46,54.6,6.32,2158.4
2018-07-26 06:00:00,24.81,55.9,5.52,2075.3
2018-07-26 07:00:00,20.73,59.0,5.5,1986.6
2018-07-26 08:00:00,23.58,45.3,4.59,2102.6
2018-07-26 09:00:00,20.25,43.0,8.78,2092.8
2018-07-26 10:00:00,28.65,53.4,5.6,2319.9
2018-07-26 11:00:00,31.97,57.9,2.42,2501.7
2018-07-26 12:00:00,27.84,47.0,3.06,2512.0
2018-07-26 13:00:00,22.96,44.5,1.68,2500.4
2018-07-26 14:00:00,30.19,44.4,13.37,2579.0
2018-07-26 15:00:00,26.55,53.9,4.87,2449.2
2018-07-26 16:00:00,27.01,48.5,14.29,2455.2
2018-07-26 17:00:00,29.84,59.4,6.02,2435.7
2018-07-26 18:00:00,28.27,56.8,4.03,2320.4
2018-07-26 19:00:00,25.59,53.0,4.68,2197.4
2018-07-26 20:00:00,24.22,37.0,5.89,2173.3
2018-07-26 21:00:00,25.12,46.4,2.48,2259.8
2018-07-26 22:00:00,22.75,49.4,1.89,2383.5
2018-07-26 23:00:00,20.04,50.0,10.23,2552.3
2018-07-27 00:00:00,21.03,56.7,3.87,2689.0
2018-07-27 01:00:00,22.07,56.0,14.52,2769.1
2018-07-27 02:00:00,20.38,42.3,7.53,2776.8
2018-07-27 03:00:00,17.15,64.7,3.64,2673.4
2018-07-27 04:00:00,23.3,53.5,18.09,2438.2
2018-07-27 05:00:00,14.38,63.4,10.56,2234.7
2018-07-27 06:00:00,20.74,61.4,1.43,2096.8
2018-07-27 07:00:00,21.14,49.0,2.86,2112.5
2018-07-27 08:00:00,24.02,62.9,4.35,2183.3
2018-07-27 09:00:00,26.09,50.0,16.62,2242.8
2018-07-27 10:00:00,28.54,61.3,0.99,2348.0
2018-07-27 11:00:00,24.91,44.9,6.63,2366.0
2018-07-27 12:00:00,28.98,60.3,20.75,2514.0
2018-07-27 13:00:00,28.64,41.9,4.57,2591.9
2018-07-27 14:00:00,24.27,73.0,6.36,2524.9
2018-07-27 15:00:00,33.44,37.6,3.82,2637.1
2018-07-27 16:00:00,24.96,60.5,2.79,2411.4
2018-07-27 17:00:00,29.2,45.7,8.59,2365.4
2018-07-27 18:00:00,28.49,54.9,8.76,2273.1
2018-07-27 19:00:00,27.38,49.8,7.1,2200.4
2018-07-27 20:00:00,24.49,43.7,3.36,2239.9
2018-07-27 21:00:00,26.76,28.2,7.18,2438.6
2018-07-27 22:00:00,19.75,76.3,1.35,2530.1
2018-07-27 23:00:00,22.52,54.6,7.69,2780.8
2018-07-28 00:00:00,20.33,32.2,2.63,2633.6
2018-07-28 01:00:00,19.41,58.9,2.47,2654.7
2018-07-28 02:00:00,21.77,60.1,13.84,2616.1
2018-07-28 03:00:00,23.26,47.7,0.33,2532.5
2018-07-28 04:00:00,19.84,50.5,4.47,2359.8
2018-07-28 05:00:00,23.05,53.4,1.48,2193.9
2018-07-28 06:00:00,21.86,64.1,5.75,2042.0
2018-07-28 07:00:00,20.33,56.5,2.88,1998.6
2018-07-28 08:00:00,22.89,65.4,1.59,2029.4
2018-07-28 09:00:00,23.82,62.0,3.87,2090.3
2018-07-28 10:00:00,23.86,51.1,2.3,2130.5
2018-07-28 11:00:00,27.64,37.3,2.39,2211.5
2018-07-28 12:00:00,27.98,47.8,7.88,2275.9
2018-07-28 13:00:00,24.05,57.0,1.27,2217.8
2018-07-28 14:00:00,24.3,53.0,6.0,2156.0
2018-07-28 15:00:00,29.63,53.4,4.44,2179.6
2018-07-28 16:00:00,26.39,57.8,2.78,2037.7
2018-07-28 17:00:00,28.78,53.2,7.83,1959.2
2018-07-28 18:00:00,29.35,46.3,14.66,1903.8
2018-07-28 19:00:00,23.39,57.4,4.92,1731.5
2018-07-28 20:00:00,22.07,72.2,5.0,1732.1
2018-07-28 21:00:00,28.75,37.1,1.81,2023.4
2018-07-28 22:00:00,24.41,56.4,1.34,2177.7
2018-07-28 23:00:00,21.52,69.4,4.57,2345.6
2018-07-29 00:00:00,19.28,47.2,0.92,2524.4
2018-07-29 01:00:00,19.7,64.2,0.76,2513.8
2018-07-29 02:00:00,17.6,67.0,6.7,2465.5
2018-07-29 03:00:00,22.65,42.1,1.35,2306.8
2018-07-29 04:00:00,18.63,62.8,6.91,2182.6
2018-07-29 05:00:00,23.71,50.9,11.15,2043.7
2018-07-29 06:00:00,20.61,55.0,6.34,1884.7
2018-07-29 07:00:00,19.83,53.5,1.13,1903.6
2018-07-29 08:00:00,22.34,64.6,18.18,1900.7
2018-07-29 09:00:00,17.88,56.8,5.26,1900.6
2018-07-29 10:00:00,25.17,48.2,4.92,2068.8
2018-07-29 11:00:00,26.01,47.6,4.35,2169.3
2018-07-29 12:00:00,29.33,45.8,2.71,2241.9
2018-07-29 13:00:00,23.19,44.8,1.96,2176.7
2018-07-29 14:00:00,31.21,43.3,0.33,2308.9
2018-07-29 15:00:00,30.49,48.5,1.47,2222.0
2018-07-29 16:00:00,31.43,50.1,4.02,2134.1
2018-07-29 17:00:00,27.77,59.4,6.64,1969.2
2018-07-29 18:00:00,29.8,50.1,2.16,1965.4
2018-07-29 19:00:00,22.76,50.0,6.05,1852.3
2018-07-29 20:00:00,27.26,42.1,3.78,1932.1
2018-07-29 21:00:00,22.51,56.3,4.54,2024.3
2018-07-29 22:00:00,19.28,55.6,9.18,2253.3
2018-07-29 23:00:00,19.63,55.6,6.08,2383.7
2018-07-30 00:00:00,21.5,56.9,7.04,2779.4
2018-07-30 01:00:00,18.79,61.1,19.43,2796.6
2018-07-30 02:00:00,21.39,57.0,2.19,2702.4
2018-07-30 03:00:00,15.79,58.0,8.64,2549.0
2018-07-30 04:00:00,15.13,53.5,6.93,2402.5
2018-07-30 05:00:00,24.28,47.7,6.91,2215.4
2018-07-30 06:00:00,23.74,59.8,5.54,2113.5
2018-07-30 07:00:00,19.69,52.9,6.44,2052.3
2018-07-30 08:00:00,23.27,42.6,3.88,2090.2
2018-07-30 09:00:00,26.86,59.8,4.99,2193.7
2018-07-30 10:00:00,26.39,43.3,10.11,2230.3
2018-07-30 11:00:00,26.68,50.9,2.99,2388.6
2018-07-30 12:00:00,29.88,52.0,3.28,2397.1
2018-07-30 13:00:00,25.95,51.3,6.6,2402.0
2018-07-30 14:00:00,28.25,29.6,6.16,2477.7
2018-07-30 15:00:00,28.27,52.5,3.76,2448.1
2018-07-30 16:00:00,27.49,60.6,6.73,2370.4
2018-07-30 17:00:00,26.8,56.9,6.68,2284.0
2018-07-30 18:00:00,27.32,33.2,17.55,2179.0
2018-07-30 19:00:00,26.4,67.9,21.32,2111.2
2018-07-30 20:00:00,22.72,43.2,23.61,2093.5
2018-07-30 21:00:00,26.31,42.3,6.63,2289.4
2018-07-30 22:00:00,20.83,61.6,9.26,2434.7
2018-07-30 23:00:00,21.76,58.2,6.52,2567.9
2018-07-31 00:00:00,20.61,56.2,4.6,2692.1
2018-07-31 01:00:00,21.61,50.2,6.97,2697.7
2018-07-31 02:00:00,15.02,70.6,4.53,2592.3
2018-07-31 03:00:00,22.41,53.8,5.22,2438.8
2018-07-31 04:00:00,18.62,44.6,4.87,2230.1
2018-07-31 05:00:00,23.76,62.8,4.93,2041.2
2018-07-31 06:00:00,20.15,57.6,3.03,1958.5
2018-07-31 07:00:00,22.06,63.3,8.68,1987.7
2018-07-31 08:00:00,27.93,54.2,6.83,2092.5
2018-07-31 09:00:00,23.49,72.3,2.94,2132.0
2018-07-31 10:00:00,28.31,46.9,4.77,2314.0
2018-07-31 11:00:00,26.28,51.1,2.08,2315.6
2018-07-31 12:00:00,28.05,55.3,5.85,2378.8
2018-07-31 13:00:00,27.82,47.3,10.06,2367.0
2018-07-31 14:00:00,30.16,54.3,3.93,2444.2
2018-07-31 15:00:00,26.46,27.2,8.55,2375.8
2018-07-31 16:00:00,25.58,51.0,4.95,2293.2
2018-07-31 17:00:00,26.05,50.3,4.07,2176.7
2018-07-31 18:00:00,27.26,49.1,2.79,2115.3
2018-07-31 19:00:00,25.63,44.5,4.41,2088.5
2018-07-31 20:00:00,26.99,57.7,8.73,2180.4
2018-07-31 21:00:00,27.44,46.0,6.42,2333.2
2018-07-31 22:00:00,20.7,57.0,2.38,2448.0
2018-07-31 23:00:00,20.34,55.4,7.05,2667.1
2018-08-01 00:00:00,17.63,61.9,5.68,2739.7
2018-08-01 01:00:00,25.66,62.9,2.11,2781.4
2018-08-01 02:00:00,20.94,56.8,1.62,2626.5
2018-08-01 03:00:00,21.24,61.7,1.55,2467.7
2018-08-01 04:00:00,16.83,59.7,9.13,2359.6
2018-08-01 05:00:00,20.58,51.5,2.14,2175.8
2018-08-01 06:00:00,22.49,52.9,4.15,2056.7
2018-08-01 07:00:00,21.41,52.6,6.71,1961.9
2018-08-01 08:00:00,25.7,56.0,6.45,2070.8
2018-08-01 09:00:00,29.82,49.0,6.45,2208.7
2018-08-01 10:00:00,22.71,47.5,1.91,2233.2
2018-08-01 11:00:00,23.49,51.4,6.79,2367.4
2018-08-01 12:00:00,24.68,40.0,4.01,2389.6
2018-08-01 13:00:00,31.52,45.3,5.31,2546.7
2018-08-01 14:00:00,30.51,47.6,5.13,2583.8
2018-08-01 15:00:00,27.71,64.3,4.57,2458.8
2018-08-01 16:00:00,28.0,60.4,9.84,2424.5
2018-08-01 17:00:00,25.47,43.4,8.96,2175.7
2018-08-01 18:00:00,29.1,50.3,26.45,2155.0
2018-08-01 19:00:00,25.09,53.7,12.72,2032.5
2018-08-01 20:00:00,24.43,50.6,1.13,2118.3
2018-08-01 21:00:00,25.57,50.2,4.9,2246.8
2018-08-01 22:00:00,22.54,51.1,12.04,2423.5
2018-08-01 23:00:00,21.46,69.8,4.46,2617.6
2018-08-02 00:00:00,21.11,51.8,3.77,2706.1
2018-08-02 01:00:00,22.43,56.8,1.85,2771.4
2018-08-02 02:00:00,24.16,32.4,1.68,2732.8
2018-08-02 03:00:00,21.37,61.5,8.46,2494.9
2018-08-02 04:00:00,22.05,63.8,5.4,2344.7
2018-08-02 05:00:00,19.94,47.6,0.54,2174.1
2018-08-02 06:00:00,19.31,52.5,10.28,2100.0
2018-08-02 07:00:00,23.54,56.8,11.25,2093.3
2018-08-02 08:00:00,23.3,53.5,4.2,2152.7
2018-08-02 09:00:00,20.35,59.5,4.97,2229.1
2018-08-02 10:00:00,24.12,50.4,12.97,2278.2
2018-08-02 11:00:00,25.7,66.3,4.07,2345.8
2018-08-02 12:00:00,25.46,46.3,0.92,2391.4
2018-08-02 13:00:00,31.08,68.7,8.5,2575.0
2018-08-02 14:00:00,28.97,58.8,10.98,2519.3
2018-08-02 15:00:00,31.34,53.6,5.59,2540.7
2018-08-02 16:00:00,28.43,40.9,2.13,2440.2
2018-08-02 17:00:00,27.57,57.2,12.0,2318.4
2018-08-02 18:00:00,24.39,57.3,3.59,2241.6
2018-08-02 19:00:00,25.94,34.3,2.49,2188.1
2018-08-02 20:00:00,24.98,40.8,5.53,2226.5
2018-08-02 21:00:00,20.49,58.5,4.15,2321.6
2018-08-02 22:00:00,21.52,53.7,7.98,2491.4
2018-08-02 23:00:00,21.1,51.0,19.25,2572.1
2018-08-03 00:00:00,21.97,63.1,2.36,2686.7
2018-08-03 01:00:00,21.46,47.8,8.91,2647.1
2018-08-03 02:00:00,18.45,53.6,4.02,2566.0
2018-08-03 03:00:00,20.94,50.1,7.94,2429.0
2018-08-03 04:00:00,19.45,60.5,5.69,2359.7
2018-08-03 05:00:00,13.13,47.7,3.45,2236.0
2018-08-03 06:00:00,19.73,52.2,9.09,2092.7
2018-08-03 07:00:00,24.47,38.6,3.75,2096.6
2018-08-03 08:00:00,18.53,54.7,2.54,2110.6
2018-08-03 09:00:00,24.05,58.5,8.67,2189.1
2018-08-03 10:00:00,28.77,54.9,2.53,2333.7
2018-08-03 11:00:00,23.87,47.1,8.4,2301.9
2018-08-03 12:00:00,26.6,55.0,5.23,2418.5
2018-08-03 13:00:00,23.97,51.3,5.48,2429.0
2018-08-03 14:00:00,31.7,57.5,2.27,2595.1
2018-08-03 15:00:00,27.56,48.9,5.68,2508.5
2018-08-03 16:00:00,27.75,26.0,3.55,2457.6
2018-08-03 17:00:00,30.62,54.7,13.36,2402.7
2018-08-03 18:00:00,28.25,45.7,1.64,2250.9
2018-08-03 19:00:00,23.58,50.9,10.53,2161.8
2018-08-03 20:00:00,23.18,56.1,11.11,2154.8
2018-08-03 21:00:00,25.01,40.6,6.98,2198.9
2018-08-03 22:00:00,21.17,55.7,12.89,2284.2
2018-08-03 23:00:00,16.47,63.1,4.2,2406.5
2018-08-04 00:00:00,20.66,58.4,4.63,2329.5
2018-08-04 01:00:00,16.46,54.0,7.32,2381.1
2018-08-04 02:00:00,23.8,60.9,4.31,2371.1
2018-08-04 03:00:00,20.07,48.0,0.65,2235.1
2018-08-04 04:00:00,17.5,53.0,1.67,2106.9
2018-08-04 05:00:00,18.41,56.2,1.83,1998.8
2018-08-04 06:00:00,16.07,61.5,8.76,1932.8
2018-08-04 07:00:00,18.88,54.3,4.98,1928.3
2018-08-04 08:00:00,25.13,61.7,8.28,2036.1
2018-08-04 09:00:00,29.2,51.0,9.19,2221.7
2018-08-04 10:00:00,26.48,51.4,4.24,2215.2
2018-08-04 11:00:00,25.4,53.8,6.22,2302.7
2018-08-04 12:00:00,25.37,57.6,1.61,2306.8
2018-08-04 13:00:00,24.7,54.2,3.03,2291.4
2018-08-04 14:00:00,32.64,31.4,4.1,2491.3
2018-08-04 15:00:00,27.15,59.0,5.1,2329.9
2018-08-04 16:00:00,32.78,46.7,1.35,2273.8
2018-08-04 17:00:00,30.57,53.0,4.14,2072.6
2018-08-04 18:00:00,22.1,51.1,2.55,1823.1
2018-08-04 19:00:00,23.96,38.2,18.02,1762.3
2018-08-04 20:00:00,22.99,35.4,5.34,1826.1
2018-08-04 21:00:00,23.43,45.7,8.24,1927.7
2018-08-04 22:00:00,22.44,58.2,8.25,2095.1
2018-08-04 23:00:00,29.12,59.1,5.62,2359.4
2018-08-05 00:00:00,17.96,60.0,6.76,2338.1
2018-08-05 01:00:00,20.59,47.1,6.31,2330.6
2018-08-05 02:00:00,21.16,48.8,6.31,2316.2
2018-08-05 03:00:00,19.48,67.3,12.09,2195.6
2018-08-05 04:00:00,19.89,45.6,5.19,1904.2
2018-08-05 05:00:00,17.4,74.9,2.46,1756.2
2018-08-05 06:00:00,20.92,70.3,8.45,1724.7
2018-08-05 07:00:00,22.76,70.9,2.02,1741.1
2018-08-05 08:00:00,23.26,56.4,4.59,1867.6
2018-08-05 09:00:00,24.91,49.3,3.43,1933.7
2018-08-05 10:00:00,28.05,52.4,4.26,2070.9
2018-08-05 11:00:00,27.82,57.0,7.14,2100.5
2018-08-05 12:00:00,26.49,45.6,6.72,2080.2
2018-08-05 13:00:00,24.02,44.0,4.28,2110.7
2018-08-05 14:00:00,25.84,49.1,3.1,2136.8
2018-08-05 15:00:00,26.93,44.3,9.45,2235.5
2018-08-05 16:00:00,27.98,59.5,7.44,2145.9
2018-08-05 17:00:00,25.75,46.5,1.33,1989.2
2018-08-05 18:00:00,23.97,53.6,1.5,1878.7
2018-08-05 19:00:00,22.51,61.9,3.4,1862.5
2018-08-05 20:00:00,20.39,65.9,0.87,1930.0
2018-08-05 21:00:00,22.89,55.4,1.72,1985.2
2018-08-05 22:00:00,18.77,60.1,5.76,2209.8
2018-08-05 23:00:00,18.98,48.7,6.69,2374.7
2018-08-06 00:00:00,19.52,64.6,4.49,2636.1
2018-08-06 01:00:00,16.53,68.9,4.49,2674.5
2018-08-06 02:00:00,20.42,40.7,3.49,2569.0
2018-08-06 03:00:00,21.18,69.2,2.86,2482.6
2018-08-06 04:00:00,18.1,51.9,8.1,2327.6
2018-08-06 05:00:00,18.78,61.7,8.53,2222.2
2018-08-06 06:00:00,21.85,55.1,4.37,2170.7
2018-08-06 07:00:00,19.55,55.9,1.77,2111.5
2018-08-06 08:00:00,20.34,54.1,2.87,2139.0
2018-08-06 09:00:00,26.32,43.0,4.7,2288.8
2018-08-06 10:00:00,26.58,54.9,4.36,2360.8
2018-08-06 11:00:00,26.84,48.2,7.56,2391.5
2018-08-06 12:00:00,28.48,38.7,2.73,2533.8
2018-08-06 13:00:00,21.85,46.2,6.93,2471.3
2018-08-06 14:00:00,30.58,37.2,4.81,2567.0
2018-08-06 15:00:00,28.31,45.2,17.57,2561.0
2018-08-06 16:00:00,29.72,52.1,4.62,2419.5
2018-08-06 17:00:00,27.77,44.1,2.99,2255.6
2018-08-06 18:00:00,26.28,58.8,11.72,2122.0
2018-08-06 19:00:00,24.65,51.3,4.37,2100.9
2018-08-06 20:00:00,25.29,49.5,6.68,2138.4
2018-08-06 21:00:00,22.55,54.1,1.01,2204.1
2018-08-06 22:00:00,24.47,63.6,10.02,2451.7
2018-08-06 23:00:00,17.37,47.1,2.87,2633.8
2018-08-07 00:00:00,19.0,70.0,1.96,2739.8
2018-08-07 01:00:00,24.83,59.8,8.79,2803.1
2018-08-07 02:00:00,17.75,57.6,2.64,2648.0
2018-08-07 03:00:00,18.59,66.6,2.31,2493.4
2018-08-07 04:00:00,17.11,55.7,1.71,2320.5
2018-08-07 05:00:00,20.56,57.8,3.41,2121.6
2018-08-07 06:00:00,18.51,52.9,2.64,1971.5
2018-08-07 07:00:00,20.72,63.2,8.05,1944.8
2018-08-07 08:00:00,24.27,46.9,2.8,2053.1
2018-08-07 09:00:00,21.44,54.4,3.23,2120.4
2018-08-07 10:00:00,26.19,56.5,3.03,2224.3
2018-08-07 11:00:00,27.24,58.6,7.12,2424.7
2018-08-07 12:00:00,28.65,42.5,8.54,2459.0
2018-08-07 13:00:00,27.0,56.4,4.76,2491.1
2018-08-07 14:00:00,35.15,36.0,4.6,2636.3
2018-08-07 15:00:00,29.82,30.9,5.24,2537.8
2018-08-07 16:00:00,27.86,43.7,5.56,2413.3
2018-08-07 17:00:00,24.46,59.1,7.57,2244.8
2018-08-07 18:00:00,25.77,51.3,7.24,2210.9
2018-08-07 19:00:00,28.75,44.7,2.17,2209.3
2018-08-07 20:00:00,28.49,49.6,0.7,2270.6
2018-08-07 21:00:00,26.88,50.7,5.84,2353.3
2018-08-07 22:00:00,24.11,57.7,1.63,2377.1
2018-08-07 23:00:00,18.04,44.7,6.57,2629.7
2018-08-08 00:00:00,21.42,54.0,5.51,2768.9
2018-08-08 01:00:00,16.46,59.8,4.59,2775.4
2018-08-08 02:00:00,15.45,48.7,3.95,2750.7
2018-08-08 03:00:00,19.63,45.3,8.39,2551.5
2018-08-08 04:00:00,20.48,52.7,6.91,2336.5
2018-08-08 05:00:00,21.83,54.6,2.02,2130.8
2018-08-08 06:00:00,21.45,54.9,5.65,2037.7
2018-08-08 07:00:00,22.36,49.7,5.1,1993.0
2018-08-08 08:00:00,19.53,51.6,10.19,2015.4
2018-08-08 09:00:00,22.77,50.6,11.17,2032.1
2018-08-08 10:00:00,20.3,58.1,4.87,2089.8
2018-08-08 11:00:00,20.02,65.9,16.75,2199.9
2018-08-08 12:00:00,27.71,32.1,2.65,2407.4
2018-08-08 13:00:00,24.61,57.3,1.27,2404.7
2018-08-08 14:00:00,29.08,47.8,11.96,2469.8
2018-08-08 15:00:00,29.8,52.4,2.36,2480.0
2018-08-08 16:00:00,25.35,61.2,1.33,2375.2
2018-08-08 17:00:00,27.97,43.6,2.51,2358.1
2018-08-08 18:00:00,24.21,60.2,3.21,2219.3
2018-08-08 19:00:00,20.42,45.6,0.76,2116.6
2018-08-08 20:00:00,24.38,53.5,3.78,2175.3
2018-08-08 21:00:00,21.85,52.6,2.97,2280.4
2018-08-08 22:00:00,20.9,55.7,5.02,2354.5
2018-08-08 23:00:00,25.97,43.3,0.38,2591.6
2018-08-09 00:00:00,16.23,62.5,4.02,2744.3
2018-08-09 01:00:00,20.37,68.4,18.76,2741.6
2018-08-09 02:00:00,16.53,51.0,9.12,2595.1
2018-08-09 03:00:00,21.15,56.6,1.44,2431.6
2018-08-09 04:00:00,19.76,63.0,2.66,2243.3
2018-08-09 05:00:00,20.36,53.3,3.32,2152.4
2018-08-09 06:00:00,17.69,68.7,11.69,2169.8
2018-08-09 07:00:00,18.96,53.4,3.83,2136.1
2018-08-09 08:00:00,24.16,51.7,3.38,2138.5
2018-08-09 09:00:00,27.3,42.2,1.65,2193.1
2018-08-09 10:00:00,25.11,52.9,3.4,2276.0
2018-08-09 11:00:00,22.63,53.9,3.73,2343.9
2018-08-09 12:00:00,26.55,55.8,5.34,2498.9
2018-08-09 13:00:00,32.41,41.0,2.4,2616.9
2018-08-09 14:00:00,27.0,44.9,1.68,2579.3
2018-08-09 15:00:00,30.53,51.3,1.63,2600.9
2018-08-09 16:00:00,24.89,63.3,9.3,2383.9
2018-08-09 17:00:00,26.24,56.0,10.32,2215.0
2018-08-09 18:00:00,27.25,65.0,9.41,2128.7
2018-08-09 19:00:00,25.87,55.7,3.43,2055.8
2018-08-09 20:00:00,22.0,58.6,9.07,2019.1
2018-08-09 21:00:00,20.85,60.8,8.2,2177.0
2018-08-09 22:00:00,24.31,64.5,6.42,2361.2
2018-08-09 23:00:00,23.86,62.8,3.65,2508.1
2018-08-10 00:00:00,23.67,44.4,6.42,2609.2
2018-08-10 01:00:00,23.77,59.4,1.48,2599.4
2018-08-10 02:00:00,19.19,58.8,8.48,2510.1
2018-08-10 03:00:00,17.94,56.1,0.56,2364.5
2018-08-10 04:00:00,22.23,40.0,3.68,2206.0
2018-08-10 05:00:00,21.04,42.8,4.23,2091.2
2018-08-10 06:00:00,17.44,55.1,3.53,2074.0
2018-08-10 07:00:00,18.14,45.8,8.6,2089.2
2018-08-10 08:00:00,22.91,50.9,1.52,2055.8
2018-08-10 09:00:00,22.28,59.9,2.1,2151.3
2018-08-10 10:00:00,23.69,48.4,5.04,2281.8
2018-08-10 11:00:00,27.4,50.7,1.13,2434.1
2018-08-10 12:00:00,27.45,41.5,3.32,2468.8
2018-08-10 13:00:00,29.51,50.8,12.4,2600.4
2018-08-10 14:00:00,21.75,58.7,8.42,2449.1
2018-08-10 15:00:00,27.35,38.7,13.87,2522.3
2018-08-10 16:00:00,28.32,43.3,4.67,2493.6
2018-08-10 17:00:00,22.37,44.0,8.85,2312.9
2018-08-10 18:00:00,23.91,56.9,9.2,2152.9
2018-08-10 19:00:00,22.62,55.2,1.17,2106.5
2018-08-10 20:00:00,23.81,52.6,2.81,2191.8
2018-08-10 21:00:00,26.79,49.5,3.52,2354.8
2018-08-10 22:00:00,26.74,53.2,10.43,2521.6
2018-08-10 23:00:00,18.68,59.8,1.83,2618.8
2018-08-11 00:00:00,21.05,51.2,13.29,2468.9
2018-08-11 01:00:00,20.49,50.5,3.25,2492.4
2018-08-11 02:00:00,19.67,55.8,7.11,2467.0
2018-08-11 03:00:00,19.56,54.8,3.7,2284.3
2018-08-11 04:00:00,19.46,72.9,0.61,2125.0
2018-08-11 05:00:00,23.32,50.3,13.4,1874.8
2018-08-11 06:00:00,22.49,56.3,9.51,1764.0
2018-08-11 07:00:00,17.91,61.4,4.02,1774.0
2018-08-11 08:00:00,23.51,64.4,6.36,1860.1
2018-08-11 09:00:00,24.79,45.7,2.82,1890.8
2018-08-11 10:00:00,24.38,63.2,2.51,1975.6
2018-08-11 11:00:00,27.39,48.9,9.48,2129.6
2018-08-11 12:00:00,25.86,71.3,8.59,2132.6
2018-08-11 13:00:00,26.53,53.7,16.16,2120.9
2018-08-11 14:00:00,26.73,40.8,8.8,2091.5
2018-08-11 15:00:00,21.52,53.2,6.23,1952.3
2018-08-11 16:00:00,26.22,61.7,8.97,1982.9
2018-08-11 17:00:00,24.35,53.2,6.81,1878.0
2018-08-11 18:00:00,22.42,53.6,7.25,1765.6
2018-08-11 19:00:00,28.15,55.2,8.23,1790.1
2018-08-11 20:00:00,24.86,49.4,9.37,1841.6
2018-08-11 21:00:00,22.49,52.3,4.51,1938.9
2018-08-11 22:00:00,20.11,48.4,0.49,2135.4
2018-08-11 23:00:00,21.3,68.8,4.7,2282.8
2018-08-12 00:00:00,22.05,44.6,2.11,2369.8
2018-08-12 01:00:00,16.87,59.9,11.0,2452.2
2018-08-12 02:00:00,18.52,61.0,12.68,2388.0
2018-08-12 03:00:00,20.57,55.4,2.25,2251.9
2018-08-12 04:00:00,13.7,51.0,3.66,2094.5
2018-08-12 05:00:00,18.79,49.0,4.33,1984.4
2018-08-12 06:00:00,18.5,61.4,2.41,1931.1
2018-08-12 07:00:00,20.06,49.7,6.79,1845.2
2018-08-12 08:00:00,20.11,39.3,1.57,1856.1
2018-08-12 09:00:00,22.74,56.9,5.84,1877.2
2018-08-12 10:00:00,28.24,42.4,8.51,2042.6
2018-08-12 11:00:00,23.59,58.2,7.37,2030.4
2018-08-12 12:00:00,25.96,49.6,6.98,2117.8
2018-08-12 13:00:00,30.85,45.3,2.67,2244.2
2018-08-12 14:00:00,24.89,52.5,12.28,2143.3
2018-08-12 15:00:00,30.94,38.1,10.28,2323.4
2018-08-12 16:00:00,26.28,44.4,3.59,2076.4
2018-08-12 17:00:00,30.32,45.7,7.94,2048.1
2018-08-12 18:00:00,27.1,41.2,3.15,1845.6
2018-08-12 19:00:00,25.17,57.6,8.05,1797.2
2018-08-12 20:00:00,23.27,50.9,1.64,1768.5
2018-08-12 21:00:00,20.84,43.7,9.78,1897.3
2018-08-12 22:00:00,21.55,50.3,3.3,2061.1
2018-08-12 23:00:00,22.64,54.7,2.2,2304.0
2018-08-13 00:00:00,19.37,52.9,1.92,2622.0
2018-08-13 01:00:00,17.98,60.8,6.05,2609.9
2018-08-13 02:00:00,17.75,62.4,7.4,2510.8
2018-08-13 03:00:00,20.72,74.6,4.19,2402.4
2018-08-13 04:00:00,21.44,64.1,8.55,2255.6
2018-08-13 05:00:00,17.1,45.2,0.67,2107.7
2018-08-13 06:00:00,17.74,54.9,5.22,2052.7
2018-08-13 07:00:00,21.18,52.9,4.12,1940.4
2018-08-13 08:00:00,25.02,56.6,2.43,2009.0
2018-08-13 09:00:00,25.1,44.5,2.06,2086.1
2018-08-13 10:00:00,20.14,51.6,7.78,2146.4
2018-08-13 11:00:00,23.58,43.2,1.67,2247.8
2018-08-13 12:00:00,22.74,49.0,4.95,2320.6
2018-08-13 13:00:00,25.03,47.5,1.25,2414.9
2018-08-13 14:00:00,30.11,45.4,0.98,2591.9
2018-08-13 15:00:00,22.68,44.4,4.69,2460.6
2018-08-13 16:00:00,22.05,62.2,5.75,2308.3
2018-08-13 17:00:00,23.63,56.9,2.46,2256.8
2018-08-13 18:00:00,25.78,39.8,6.97,2187.1
2018-08-13 19:00:00,25.79,51.6,10.28,2123.5
2018-08-13 20:00:00,24.36,40.0,7.97,2087.9
2018-08-13 21:00:00,25.18,62.6,4.71,2221.7
2018-08-13 22:00:00,16.79,71.5,9.81,2381.2
2018-08-13 23:00:00,23.21,53.0,5.36,2606.4
2018-08-14 00:00:00,18.46,50.4,2.16,2677.4
2018-08-14 01:00:00,20.43,50.3,7.44,2694.8
2018-08-14 02:00:00,14.9,56.5,9.09,2609.2
2018-08-14 03:00:00,18.08,56.7,1.35,2448.6
2018-08-14 04:00:00,18.8,67.9,3.85,2226.0
2018-08-14 05:00:00,21.5,62.4,2.18,2052.3
2018-08-14 06:00:00,15.28,67.5,5.48,1968.3
2018-08-14 07:00:00,20.15,57.2,4.21,1984.9
2018-08-14 08:00:00,18.32,48.1,2.1,2014.1
2018-08-14 09:00:00,23.33,47.2,4.71,2049.3
2018-08-14 10:00:00,25.05,52.4,5.92,2151.8
2018-08-14 11:00:00,27.29,40.6,7.1,2227.0
2018-08-14 12:00:00,23.56,55.6,14.53,2284.9
2018-08-14 13:00:00,27.85,56.2,4.02,2465.2
2018-08-14 14:00:00,29.34,52.9,5.06,2507.3
2018-08-14 15:00:00,21.96,58.5,4.9,2395.3
2018-08-14 16:00:00,27.46,35.1,18.74,2361.6
2018-08-14 17:00:00,27.93,60.3,3.29,2282.3
2018-08-14 18:00:00,24.25,40.1,4.18,2134.6
2018-08-14 19:00:00,21.04,53.9,4.42,2114.2
2018-08-14 20:00:00,25.46,56.6,1.64,2167.4
2018-08-14 21:00:00,19.07,59.6,6.81,2247.4
2018-08-14 22:00:00,20.59,45.3,5.59,2380.4
2018-08-14 23:00:00,19.97,47.2,3.15,2590.1
2018-08-15 00:00:00,20.86,57.6,7.06,2689.6
2018-08-15 01:00:00,16.87,62.6,6.31,2707.7
2018-08-15 02:00:00,16.33,50.1,2.05,2602.9
2018-08-15 03:00:00,18.15,60.6,6.87,2456.8
2018-08-15 04:00:00,20.55,43.4,0.89,2321.0
2018-08-15 05:00:00,24.16,57.7,5.1,2210.0
2018-08-15 06:00:00,15.31,52.7,2.48,2145.5
2018-08-15 07:00:00,20.69,56.1,12.51,2082.6
2018-08-15 08:00:00,18.15,56.8,9.83,2105.1
2018-08-15 09:00:00,24.45,61.7,12.6,2232.9
2018-08-15 10:00:00,20.59,57.5,2.71,2233.3
2018-08-15 11:00:00,22.22,49.4,2.12,2352.8
2018-08-15 12:00:00,23.26,56.3,4.54,2476.6
2018-08-15 13:00:00,25.18,69.0,2.96,2482.2
2018-08-15 14:00:00,26.57,56.7,2.47,2602.3
2018-08-15 15:00:00,27.11,49.8,10.37,2545.2
2018-08-15 16:00:00,25.75,44.7,10.27,2364.0
2018-08-15 17:00:00,22.04,49.4,8.38,2173.2
2018-08-15 18:00:00,26.55,56.2,0.97,2139.9
2018-08-15 19:00:00,23.77,45.9,6.38,2050.2
2018-08-15 20:00:00,25.84,51.3,3.93,2096.8
2018-08-15 21:00:00,20.13,67.4,7.86,2136.4
2018-08-15 22:00:00,16.86,59.7,7.61,2274.3
2018-08-15 23:00:00,19.82,47.5,5.84,2540.7
2018-08-16 00:00:00,22.14,71.7,10.44,2688.5
2018-08-16 01:00:00,18.67,71.2,5.7,2759.7
2018-08-16 02:00:00,17.37,62.1,0.8,2646.0
2018-08-16 03:00:00,15.56,69.8,3.7,2486.2
2018-08-16 04:00:00,22.26,52.1,2.74,2279.0
2018-08-16 05:00:00,15.69,65.2,2.1,2118.1
2018-08-16 06:00:00,17.09,54.9,2.23,2078.3
2018-08-16 07:00:00,21.16,44.2,3.33,2035.4
2018-08-16 08:00:00,16.06,79.9,2.95,2061.7
2018-08-16 09:00:00,24.92,40.8,6.67,2130.8
2018-08-16 10:00:00,24.33,54.9,2.6,2234.4
2018-08-16 11:00:00,25.98,53.5,6.9,2310.8
2018-08-16 12:00:00,25.96,55.4,8.91,2428.6
2018-08-16 13:00:00,24.79,51.4,6.79,2435.5
2018-08-16 14:00:00,22.94,53.0,5.19,2518.9
2018-08-16 15:00:00,25.38,52.8,7.29,2550.8
2018-08-16 16:00:00,23.16,57.3,2.16,2425.3
2018-08-16 17:00:00,26.41,50.9,0.94,2359.1
2018-08-16 18:00:00,26.58,50.2,7.52,2315.2
2018-08-16 19:00:00,27.42,39.5,5.66,2286.0
2018-08-16 20:00:00,23.7,69.2,13.19,2278.2
2018-08-16 21:00:00,24.04,57.1,9.02,2473.1
2018-08-16 22:00:00,19.95,57.7,3.71,2610.2
2018-08-16 23:00:00,18.54,52.2,4.08,2678.5
2018-08-17 00:00:00,19.92,48.0,5.33,2800.3
2018-08-17 01:00:00,17.13,65.2,4.26,2864.5
2018-08-17 02:00:00,18.37,56.0,5.24,2787.5
2018-08-17 03:00:00,14.91,65.0,3.06,2578.3
2018-08-17 04:00:00,15.49,48.8,8.11,2395.4
2018-08-17 05:00:00,19.68,68.6,6.52,2299.9
2018-08-17 06:00:00,20.95,62.5,4.51,2135.8
2018-08-17 07:00:00,17.1,57.7,1.9,2035.0
2018-08-17 08:00:00,22.2,58.0,4.45,2035.2
2018-08-17 09:00:00,20.23,61.7,5.92,2150.1
2018-08-17 10:00:00,22.64,43.2,4.26,2148.0
2018-08-17 11:00:00,27.1,63.7,3.57,2301.9
2018-08-17 12:00:00,26.41,54.7,0.64,2383.8
2018-08-17 13:00:00,27.01,44.8,19.17,2442.0
2018-08-17 14:00:00,30.2,39.1,2.42,2455.1
2018-08-17 15:00:00,23.8,60.9,6.16,2334.0
2018-08-17 16:00:00,22.96,55.3,2.1,2216.3
2018-08-17 17:00:00,23.22,57.3,5.78,2142.0
2018-08-17 18:00:00,23.75,53.2,6.18,2037.4
2018-08-17 19:00:00,17.67,49.8,3.82,2013.5
2018-08-17 20:00:00,22.08,58.4,4.24,2066.6
2018-08-17 21:00:00,20.2,54.3,2.87,2151.5
2018-08-17 22:00:00,22.48,53.8,19.18,2371.4
2018-08-17 23:00:00,20.44,74.7,8.48,2551.5
2018-08-18 00:00:00,17.06,65.3,5.21,2448.6
2018-08-18 01:00:00,19.4,63.9,3.12,2489.4
2018-08-18 02:00:00,19.33,78.3,7.91,2459.1
2018-08-18 03:00:00,15.47,62.7,7.97,2331.4
2018-08-18 04:00:00,16.29,59.9,2.14,2168.0
2018-08-18 05:00:00,12.36,56.7,1.23,1934.0
2018-08-18 06:00:00,15.83,55.7,3.09,1826.9
2018-08-18 07:00:00,17.53,41.6,2.98,1698.6
2018-08-18 08:00:00,20.54,61.9,1.35,1684.6
2018-08-18 09:00:00,19.02,46.6,2.41,1811.7
2018-08-18 10:00:00,21.14,62.3,1.92,1877.4
2018-08-18 11:00:00,20.32,55.4,10.54,2008.0
2018-08-18 12:00:00,24.64,53.3,5.93,2070.5
2018-08-18 13:00:00,25.92,50.9,6.47,2132.8
2018-08-18 14:00:00,26.26,62.1,8.28,2159.9
2018-08-18 15:00:00,25.42,61.3,2.06,2180.0
2018-08-18 16:00:00,21.4,54.7,6.55,2100.4
2018-08-18 17:00:00,23.3,46.2,3.52,1983.1
2018-08-18 18:00:00,23.2,60.8,10.53,1869.2
2018-08-18 19:00:00,22.38,46.3,9.54,1830.6
2018-08-18 20:00:00,22.61,41.5,11.94,1968.9
2018-08-18 21:00:00,24.95,56.0,2.26,2110.0
2018-08-18 22:00:00,22.38,63.8,4.29,2211.2
2018-08-18 23:00:00,16.92,55.2,2.94,2349.6
2018-08-19 00:00:00,20.08,59.2,2.75,2465.8
2018-08-19 01:00:00,19.35,53.2,3.05,2505.3
2018-08-19 02:00:00,15.33,65.5,7.53,2392.7
2018-08-19 03:00:00,19.33,65.3,2.83,2286.3
2018-08-19 04:00:00,16.95,56.3,2.41,2083.7
2018-08-19 05:00:00,14.22,52.4,2.77,1986.9
2018-08-19 06:00:00,19.52,44.7,1.45,1896.3
2018-08-19 07:00:00,19.75,63.6,2.86,1846.3
2018-08-19 08:00:00,19.61,47.2,9.76,1754.2
2018-08-19 09:00:00,21.12,58.1,16.16,1811.5
2018-08-19 10:00:00,20.45,61.9,3.57,1897.9
2018-08-19 11:00:00,24.74,48.2,10.12,2013.3
2018-08-19 12:00:00,23.93,51.5,13.4,2097.6
2018-08-19 13:00:00,25.09,59.9,9.41,2143.7
2018-08-19 14:00:00,25.97,44.8,0.88,2195.6
2018-08-19 15:00:00,22.32,46.9,3.52,2080.7
2018-08-19 16:00:00,22.84,51.9,11.51,2056.9
2018-08-19 17:00:00,19.15,66.9,7.78,1992.5
2018-08-19 18:00:00,25.45,64.5,8.92,1952.1
2018-08-19 19:00:00,20.18,55.1,4.81,1899.2
2018-08-19 20:00:00,22.58,48.2,6.02,1924.1
2018-08-19 21:00:00,22.14,62.8,3.87,2032.3
2018-08-19 22:00:00,21.68,41.3,10.03,2195.9
2018-08-19 23:00:00,16.2,61.0,3.91,2423.9
2018-08-20 00:00:00,18.04,57.2,5.38,2796.7
2018-08-20 01:00:00,21.75,65.0,3.08,2783.0
2018-08-20 02:00:00,21.46,66.0,2.45,2702.4
2018-08-20 03:00:00,19.5,48.9,10.59,2532.3
2018-08-20 04:00:00,18.01,58.9,9.88,2366.0
2018-08-20 05:00:00,15.06,55.4,2.78,2208.0
2018-08-20 06:00:00,20.0,53.7,6.14,2059.4
2018-08-20 07:00:00,18.64,62.0,9.84,1995.1
2018-08-20 08:00:00,21.4,52.2,18.04,2018.0
2018-08-20 09:00:00,19.45,58.0,6.51,2144.8
2018-08-20 10:00:00,21.64,62.3,9.54,2146.9
2018-08-20 11:00:00,23.44,65.4,9.44,2261.4
2018-08-20 12:00:00,24.48,54.7,8.59,2409.8
2018-08-20 13:00:00,25.73,52.4,1.07,2507.7
2018-08-20 14:00:00,23.45,44.4,5.97,2477.8
2018-08-20 15:00:00,21.68,67.3,3.95,2416.8
2018-08-20 16:00:00,28.96,52.8,2.37,2463.8
2018-08-20 17:00:00,30.72,48.5,2.12,2453.1
2018-08-20 18:00:00,24.98,52.7,3.09,2279.2
2018-08-20 19:00:00,19.72,59.1,11.34,2200.4
2018-08-20 20:00:00,20.14,62.1,2.05,2276.8
2018-08-20 21:00:00,22.31,61.3,8.66,2391.1
2018-08-20 22:00:00,23.35,66.2,13.01,2565.2
2018-08-20 23:00:00,16.0,61.1,3.08,2741.3
2018-08-21 00:00:00,17.71,71.9,12.34,2823.1
2018-08-21 01:00:00,17.88,66.2,10.12,2958.3
2018-08-21 02:00:00,19.15,56.2,3.86,2862.7
2018-08-21 03:00:00,16.0,45.9,5.55,2682.8
2018-08-21 04:00:00,13.08,62.2,2.67,2523.1
2018-08-21 05:00:00,18.94,69.3,4.62,2394.6
2018-08-21 06:00:00,20.84,49.1,24.17,2247.3
2018-08-21 07:00:00,18.65,57.7,5.31,2131.9
2018-08-21 08:00:00,20.83,56.7,3.34,2138.5
2018-08-21 09:00:00,19.67,63.8,1.11,2206.0
2018-08-21 10:00:00,19.78,53.1,6.51,2245.0
2018-08-21 11:00:00,25.42,44.7,2.32,2357.0
2018-08-21 12:00:00,24.65,56.8,1.73,2403.7
2018-08-21 13:00:00,25.54,45.6,6.41,2394.0
2018-08-21 14:00:00,28.47,34.5,2.6,2489.2
2018-08-21 15:00:00,22.22,68.9,8.87,2407.0
2018-08-21 16:00:00,23.34,60.7,1.0,2349.2
2018-08-21 17:00:00,24.71,67.3,7.41,2281.8
2018-08-21 18:00:00,22.27,61.2,14.47,2136.3
2018-08-21 19:00:00,24.81,57.6,6.86,2124.6
2018-08-21 20:00:00,21.42,57.8,9.23,2165.3
2018-08-21 21:00:00,18.37,55.8,2.9,2233.2
2018-08-21 22:00:00,19.98,60.1,9.48,2376.5
2018-08-21 23:00:00,19.28,52.2,6.79,2508.9
2018-08-22 00:00:00,20.18,47.3,5.66,2719.0
2018-08-22 01:00:00,18.19,54.8,11.43,2739.6
2018-08-22 02:00:00,17.96,68.0,7.77,2728.4
2018-08-22 03:00:00,17.47,48.2,2.44,2573.5
2018-08-22 04:00:00,16.34,49.2,3.79,2468.6
2018-08-22 05:00:00,15.42,64.4,13.2,2354.2
2018-08-22 06:00:00,18.57,53.8,2.22,2213.5
2018-08-22 07:00:00,17.84,61.6,2.22,2176.5
2018-08-22 08:00:00,23.86,60.8,8.81,2167.8
2018-08-22 09:00:00,24.03,56.5,3.68,2251.3
2018-08-22 10:00:00,23.29,48.3,14.69,2350.8
2018-08-22 11:00:00,23.62,63.4,7.9,2489.5
2018-08-22 12:00:00,23.28,59.3,3.94,2580.5
2018-08-22 13:00:00,20.98,55.4,6.81,2600.9
2018-08-22 14:00:00,24.0,52.6,2.91,2617.3
2018-08-22 15:00:00,24.93,55.1,16.24,2562.1
2018-08-22 16:00:00,25.11,49.4,5.82,2543.4
2018-08-22 17:00:00,25.31,38.7,4.22,2386.1
2018-08-22 18:00:00,25.8,57.4,3.31,2246.6
2018-08-22 19:00:00,20.94,60.8,2.38,2111.7
2018-08-22 20:00:00,20.0,37.6,2.67,2196.9
2018-08-22 21:00:00,24.3,56.6,3.09,2377.3
2018-08-22 22:00:00,21.57,68.8,1.42,2538.0
2018-08-22 23:00:00,17.7,48.8,3.92,2716.2
2018-08-23 00:00:00,17.39,57.5,4.5,2781.1
2018-08-23 01:00:00,16.77,57.1,6.91,2814.7
2018-08-23 02:00:00,16.71,71.9,2.76,2784.6
2018-08-23 03:00:00,17.67,66.8,2.59,2581.4
2018-08-23 04:00:00,22.96,46.6,4.84,2362.9
2018-08-23 05:00:00,17.5,60.7,4.25,2221.4
2018-08-23 06:00:00,19.32,75.0,6.53,2159.1
2018-08-23 07:00:00,14.27,55.6,1.05,2158.8
2018-08-23 08:00:00,18.24,57.3,6.84,2223.9
2018-08-23 09:00:00,23.56,57.3,4.78,2288.8
2018-08-23 10:00:00,22.53,49.1,0.6,2271.0
2018-08-23 11:00:00,11.52,76.9,3.99,2359.1
2018-08-23 12:00:00,25.0,48.2,8.48,2497.7
2018-08-23 13:00:00,28.75,37.9,5.24,2565.5
2018-08-23 14:00:00,19.36,52.3,4.33,2467.1
2018-08-23 15:00:00,28.29,54.6,2.85,2429.4
2018-08-23 16:00:00,17.42,51.7,1.04,2265.1
2018-08-23 17:00:00,26.3,53.4,5.01,2293.5
2018-08-23 18:00:00,23.3,57.9,9.87,2144.9
2018-08-23 19:00:00,16.62,49.0,13.2,2056.4
2018-08-23 20:00:00,22.64,49.4,2.14,2190.3
2018-08-23 21:00:00,23.37,56.1,5.36,2342.8
2018-08-23 22:00:00,20.36,61.3,5.58,2520.2
2018-08-23 23:00:00,19.95,51.7,3.53,2695.3
2018-08-24 00:00:00,16.45,60.1,9.99,2784.2
2018-08-24 01:00:00,12.19,60.0,5.75,2796.4
2018-08-24 02:00:00,18.17,63.3,1.63,2786.6
2018-08-24 03:00:00,20.68,59.6,4.39,2599.4
2018-08-24 04:00:00,19.27,53.6,8.87,2474.5
2018-08-24 05:00:00,11.87,66.3,1.82,2324.7
2018-08-24 06:00:00,13.69,57.7,4.79,2230.9
2018-08-24 07:00:00,16.19,62.7,5.08,2120.9
2018-08-24 08:00:00,15.29,63.5,5.75,2160.7
2018-08-24 09:00:00,20.42,74.6,8.01,2212.3
2018-08-24 10:00:00,22.32,51.5,3.15,2218.7
2018-08-24 11:00:00,18.73,55.9,14.74,2297.5
2018-08-24 12:00:00,25.08,46.8,6.28,2382.3
2018-08-24 13:00:00,25.27,43.5,17.76,2444.1
2018-08-24 14:00:00,22.8,50.1,3.57,2391.3
2018-08-24 15:00:00,23.87,58.2,7.18,2337.6
2018-08-24 16:00:00,19.3,62.5,0.17,2261.4
2018-08-24 17:00:00,22.94,56.0,15.58,2165.2
2018-08-24 18:00:00,23.15,51.1,6.5,2078.0
2018-08-24 19:00:00,22.73,49.9,3.56,2000.1
2018-08-24 20:00:00,22.29,46.8,1.33,2054.8
2018-08-24 21:00:00,20.92,50.8,6.6,2219.6
2018-08-24 22:00:00,18.61,46.8,3.24,2418.1
2018-08-24 23:00:00,19.02,67.6,9.65,2588.0
2018-08-25 00:00:00,19.8,70.9,14.4,2404.8
2018-08-25 01:00:00,16.42,43.4,5.84,2413.4
2018-08-25 02:00:00,17.05,60.7,8.72,2327.8
2018-08-25 03:00:00,15.65,61.7,4.02,2233.4
2018-08-25 04:00:00,14.64,62.0,0.48,2103.8
2018-08-25 05:00:00,17.96,52.9,6.94,1971.1
2018-08-25 06:00:00,15.9,67.5,8.23,1865.3
2018-08-25 07:00:00,19.09,60.0,4.08,1892.1
2018-08-25 08:00:00,19.16,64.9,1.16,1937.4
2018-08-25 09:00:00,19.36,50.6,3.21,1905.0
2018-08-25 10:00:00,20.34,44.7,6.68,2046.4
2018-08-25 11:00:00,20.85,58.8,3.96,2107.5
2018-08-25 12:00:00,18.83,49.2,4.39,2203.9
2018-08-25 13:00:00,24.54,60.8,13.03,2282.5
2018-08-25 14:00:00,24.56,35.3,6.44,2229.5
2018-08-25 15:00:00,26.24,47.3,17.04,2201.2
2018-08-25 16:00:00,22.66,48.9,1.52,2003.1
2018-08-25 17:00:00,28.32,46.7,1.21,1970.2
2018-08-25 18:00:00,22.0,56.5,7.78,1816.2
2018-08-25 19:00:00,19.93,59.2,10.46,1795.0
2018-08-25 20:00:00,18.67,62.2,7.55,1821.9
2018-08-25 21:00:00,15.79,65.4,19.75,1950.2
2018-08-25 22:00:00,22.92,52.3,13.42,2152.7
2018-08-25 23:00:00,21.55,71.6,11.1,2360.9
2018-08-26 00:00:00,18.61,68.2,2.79,2465.4
2018-08-26 01:00:00,14.23,58.1,2.56,2493.5
2018-08-26 02:00:00,20.6,54.4,11.41,2375.9
2018-08-26 03:00:00,15.05,57.3,4.35,2192.5
2018-08-26 04:00:00,15.4,62.6,9.39,2082.7
2018-08-26 05:00:00,20.06,48.2,4.35,2002.4
2018-08-26 06:00:00,18.75,50.7,0.99,1914.4
2018-08-26 07:00:00,23.44,35.9,12.05,1882.0
2018-08-26 08:00:00,19.52,53.2,7.99,1874.4
2018-08-26 09:00:00,18.94,65.4,3.28,1983.8
2018-08-26 10:00:00,19.44,55.2,0.56,1895.1
2018-08-26 11:00:00,17.32,57.4,16.52,2076.8
2018-08-26 12:00:00,22.06,56.6,9.31,2144.2
2018-08-26 13:00:00,26.26,43.0,8.35,2137.1
2018-08-26 14:00:00,25.29,52.0,9.69,2245.1
2018-08-26 15:00:00,23.98,59.9,1.74,2095.7
2018-08-26 16:00:00,21.31,57.4,13.43,1924.1
2018-08-26 17:00:00,23.96,60.7,2.69,1833.8
2018-08-26 18:00:00,25.29,61.9,3.11,1784.8
2018-08-26 19:00:00,23.01,58.9,3.01,1790.3
2018-08-26 20:00:00,21.38,49.2,4.75,1824.4
2018-08-26 21:00:00,17.94,54.9,8.9,1930.8
2018-08-26 22:00:00,21.07,70.6,1.74,2112.8
2018-08-26 23:00:00,10.1,66.4,1.26,2294.1
2018-08-27 00:00:00,17.87,59.1,10.18,2741.8
2018-08-27 01:00:00,22.71,47.0,3.83,2819.7
2018-08-27 02:00:00,12.11,61.6,2.89,2713.0
2018-08-27 03:00:00,15.14,65.6,14.64,2552.0
2018-08-27 04:00:00,15.86,59.4,9.46,2306.6
2018-08-27 05:00:00,15.12,55.7,2.7,2194.8
2018-08-27 06:00:00,19.51,54.1,0.43,2105.7
2018-08-27 07:00:00,18.92,66.4,5.93,2098.3
2018-08-27 08:00:00,19.09,62.1,2.77,2151.3
2018-08-27 09:00:00,21.74,58.9,9.26,2270.5
2018-08-27 10:00:00,20.82,58.9,9.74,2316.8
2018-08-27 11:00:00,29.69,38.8,4.65,2497.9
2018-08-27 12:00:00,22.95,55.8,3.28,2510.3
2018-08-27 13:00:00,23.7,61.6,4.8,2538.3
2018-08-27 14:00:00,19.33,54.4,4.19,2515.6
2018-08-27 15:00:00,22.39,61.9,7.2,2580.2
2018-08-27 16:00:00,26.48,55.2,4.98,2533.1
2018-08-27 17:00:00,19.87,62.7,7.33,2427.8
2018-08-27 18:00:00,17.18,58.7,4.43,2290.4
2018-08-27 19:00:00,21.82,61.6,2.72,2215.7
2018-08-27 20:00:00,24.21,40.9,5.76,2186.8
2018-08-27 21:00:00,19.85,56.4,3.12,2314.5
2018-08-27 22:00:00,17.87,63.4,12.37,2517.9
2018-08-27 23:00:00,13.1,63.9,6.86,2692.7
2018-08-28 00:00:00,17.86,66.5,2.95,2829.4
2018-08-28 01:00:00,17.74,56.5,7.16,2882.4
2018-08-28 02:00:00,11.24,58.6,7.21,2735.9
2018-08-28 03:00:00,18.39,44.2,6.23,2588.6
2018-08-28 04:00:00,17.6,55.7,3.23,2479.0
2018-08-28 05:00:00,18.92,61.0,9.41,2305.3
2018-08-28 06:00:00,18.18,63.5,9.46,2147.1
2018-08-28 07:00:00,19.19,45.5,2.6,2161.8
2018-08-28 08:00:00,19.82,65.5,1.84,2186.4
2018-08-28 09:00:00,21.72,46.8,3.55,2237.6
2018-08-28 10:00:00,16.04,58.2,7.79,2288.5
2018-08-28 11:00:00,17.8,53.2,3.47,2395.6
2018-08-28 12:00:00,20.54,58.9,7.23,2428.2
2018-08-28 13:00:00,22.69,54.6,9.4,2529.2
2018-08-28 14:00:00,24.39,57.9,1.45,2549.5
2018-08-28 15:00:00,24.37,67.3,9.11,2545.6
2018-08-28 16:00:00,26.21,54.2,4.68,2518.7
2018-08-28 17:00:00,25.89,46.7,17.47,2349.7
2018-08-28 18:00:00,20.2,59.5,4.54,2226.3
2018-08-28 19:00:00,22.15,69.8,3.05,2169.8
2018-08-28 20:00:00,18.47,62.5,6.68,2231.9
2018-08-28 21:00:00,19.08,64.3,6.96,2345.4
2018-08-28 22:00:00,19.32,43.8,19.83,2440.8
2018-08-28 23:00:00,9.03,67.9,3.98,2665.3
2018-08-29 00:00:00,22.56,51.8,4.5,2694.7
2018-08-29 01:00:00,17.31,52.7,3.46,2735.9
2018-08-29 02:00:00,14.01,60.6,5.95,2747.0
2018-08-29 03:00:00,20.18,56.7,4.49,2651.7
2018-08-29 04:00:00,14.63,55.3,4.54,2482.9
2018-08-29 05:00:00,16.23,60.5,14.1,2300.0
2018-08-29 06:00:00,15.32,58.4,3.37,2195.7
2018-08-29 07:00:00,21.49,60.4,6.72,2202.3
2018-08-29 08:00:00,18.06,59.4,13.46,2183.9
2018-08-29 09:00:00,19.74,59.2,4.0,2253.8
2018-08-29 10:00:00,23.41,61.1,4.58,2297.6
2018-08-29 11:00:00,22.82,58.2,4.82,2351.3
2018-08-29 12:00:00,22.05,54.3,2.0,2389.1
2018-08-29 13:00:00,25.6,34.8,4.26,2492.4
2018-08-29 14:00:00,29.57,52.5,1.89,2592.0
2018-08-29 15:00:00,24.16,45.4,16.95,2551.6
2018-08-29 16:00:00,23.52,52.5,3.68,2446.6
2018-08-29 17:00:00,23.25,56.4,9.46,2345.5
2018-08-29 18:00:00,25.47,62.3,5.81,2322.0
2018-08-29 19:00:00,19.86,70.8,2.62,2226.5
2018-08-29 20:00:00,19.7,48.9,4.18,2258.9
2018-08-29 21:00:00,15.52,49.1,3.22,2395.6
2018-08-29 22:00:00,15.37,62.3,2.86,2532.2
2018-08-29 23:00:00,16.07,61.1,3.34,2710.3
2018-08-30 00:00:00,16.2,49.4,6.55,2794.8
2018-08-30 01:00:00,20.13,55.8,6.97,2806.3
2018-08-30 02:00:00,16.65,63.5,6.8,2817.4
2018-08-30 03:00:00,12.89,51.8,6.54,2650.3
2018-08-30 04:00:00,13.49,53.3,6.92,2475.0
2018-08-30 05:00:00,19.14,51.5,3.32,2208.4
2018-08-30 06:00:00,19.16,55.0,7.86,2138.5
2018-08-30 07:00:00,17.24,63.8,2.7,2191.3
2018-08-30 08:00:00,17.03,55.8,3.51,2172.6
2018-08-30 09:00:00,21.98,54.9,1.02,2271.4
2018-08-30 10:00:00,17.72,75.8,2.45,2309.8
2018-08-30 11:00:00,22.15,46.6,6.88,2312.4
2018-08-30 12:00:00,27.68,44.6,7.39,2438.9
2018-08-30 13:00:00,23.15,58.9,10.81,2393.8
2018-08-30 14:00:00,21.09,63.0,2.54,2408.0
2018-08-30 15:00:00,24.19,56.0,2.76,2392.5
2018-08-30 16:00:00,21.86,69.0,2.08,2263.9
2018-08-30 17:00:00,19.15,59.2,7.02,2200.1
2018-08-30 18:00:00,23.75,37.2,2.31,2184.3
2018-08-30 19:00:00,23.96,53.6,10.61,2176.3
2018-08-30 20:00:00,19.43,51.9,3.37,2203.6
2018-08-30 21:00:00,18.23,68.5,4.93,2321.7
2018-08-30 22:00:00,15.73,67.1,5.78,2520.4
2018-08-30 23:00:00,16.79,45.8,10.64,2670.7
2018-08-31 00:00:00,14.74,71.0,14.11,2827.9
2018-08-31 01:00:00,12.98,69.1,6.34,2796.4
2018-08-31 02:00:00,19.84,53.5,8.05,2653.9
2018-08-31 03:00:00,16.14,58.5,2.46,2542.2
2018-08-31 04:00:00,16.54,69.9,13.22,2331.9
2018-08-31 05:00:00,17.72,42.1,8.3,2162.9
2018-08-31 06:00:00,18.07,61.1,22.88,2041.2
2018-08-31 07:00:00,15.94,68.0,5.17,2053.9
2018-08-31 08:00:00,18.62,56.4,2.74,2058.5
2018-08-31 09:00:00,18.3,62.5,3.99,2187.1
2018-08-31 10:00:00,21.11,55.9,10.46,2294.3
2018-08-31 11:00:00,21.83,48.3,13.33,2375.8
2018-08-31 12:00:00,20.85,48.9,16.98,2499.0
2018-08-31 13:00:00,19.12,62.4,2.9,2490.8
2018-08-31 14:00:00,23.2,48.4,1.62,2509.8
2018-08-31 15:00:00,22.46,41.8,4.71,2372.2
2018-08-31 16:00:00,18.11,58.5,2.44,2282.4
2018-08-31 17:00:00,23.71,48.9,9.5,2158.4
2018-08-31 18:00:00,24.22,43.0,4.5,2131.2
2018-08-31 19:00:00,27.3,50.7,4.13,2201.8
2018-08-31 20:00:00,19.03,62.9,4.15,2164.8
2018-08-31 21:00:00,17.63,58.1,3.83,2383.8
2018-08-31 22:00:00,15.17,51.3,1.61,2516.5
2018-08-31 23:00:00,17.5,61.9,2.6,2642.4
2018-09-01 00:00:00,16.46,67.1,8.22,2499.1
2018-09-01 01:00:00,13.29,79.1,2.19,2546.6
2018-09-01 02:00:00,14.48,72.0,8.0,2512.3
2018-09-01 03:00:00,9.83,56.1,5.63,2393.7
2018-09-01 04:00:00,17.23,65.1,10.5,2196.6
2018-09-01 05:00:00,13.39,63.3,5.21,2086.1
2018-09-01 06:00:00,15.86,50.1,2.75,1959.8
2018-09-01 07:00:00,13.21,63.7,2.66,2040.2
2018-09-01 08:00:00,16.29,74.3,1.19,2084.8
2018-09-01 09:00:00,18.08,67.1,2.92,2036.3
2018-09-01 10:00:00,19.79,48.1,4.38,2078.9
2018-09-01 11:00:00,21.98,54.5,11.32,2115.0
2018-09-01 12:00:00,25.21,55.8,8.25,2297.5
2018-09-01 13:00:00,24.08,38.9,4.02,2272.4
2018-09-01 14:00:00,25.05,38.4,2.3,2198.3
2018-09-01 15:00:00,26.39,52.1,7.16,2234.3
2018-09-01 16:00:00,24.07,54.1,3.11,2010.9
2018-09-01 17:00:00,22.15,39.6,2.34,1896.6
2018-09-01 18:00:00,24.13,55.8,7.21,1879.7
2018-09-01 19:00:00,23.46,61.9,2.6,1829.8
2018-09-01 20:00:00,21.44,53.1,9.14,1928.1
2018-09-01 21:00:00,15.14,60.4,1.25,2070.5
2018-09-01 22:00:00,15.64,64.1,2.58,2211.0
2018-09-01 23:00:00,16.09,62.6,2.46,2402.6
2018-09-02 00:00:00,17.7,44.5,8.61,2600.3
2018-09-02 01:00:00,15.07,52.7,5.03,2628.2
2018-09-02 02:00:00,17.56,54.8,8.46,2566.0
2018-09-02 03:00:00,17.87,50.8,2.07,2425.7
2018-09-02 04:00:00,17.72,69.6,8.27,2211.1
2018-09-02 05:00:00,18.13,62.6,7.75,1988.2
2018-09-02 06:00:00,13.16,52.6,2.62,1913.9
2018-09-02 07:00:00,17.79,56.1,2.8,1944.1
2018-09-02 08:00:00,16.03,68.2,2.84,1985.1
2018-09-02 09:00:00,14.46,55.3,14.91,1979.6
2018-09-02 10:00:00,18.9,63.7,4.76,2068.4
2018-09-02 11:00:00,23.89,63.9,1.85,2193.6
2018-09-02 12:00:00,22.56,63.7,2.72,2280.3
2018-09-02 13:00:00,27.09,51.8,20.59,2394.5
2018-09-02 14:00:00,22.89,63.7,5.61,2337.7
2018-09-02 15:00:00,28.7,44.9,4.35,2351.1
2018-09-02 16:00:00,22.89,73.6,1.22,2171.3
2018-09-02 17:00:00,22.1,56.2,2.42,2099.6
2018-09-02 18:00:00,18.21,66.6,10.71,1966.1
2018-09-02 19:00:00,23.36,50.4,5.78,1901.3
2018-09-02 20:00:00,18.36,61.3,2.5,1962.5
2018-09-02 21:00:00,16.97,62.8,19.6,2099.9
2018-09-02 22:00:00,20.75,48.0,5.67,2331.9
2018-09-02 23:00:00,19.48,48.7,22.62,2533.8
2018-09-03 00:00:00,18.39,55.7,2.08,2870.8
2018-09-03 01:00:00,14.02,69.6,1.59,2948.5
2018-09-03 02:00:00,14.39,45.8,4.72,2867.7
2018-09-03 03:00:00,14.24,57.7,1.24,2730.1
2018-09-03 04:00:00,16.48,69.3,3.66,2522.9
2018-09-03 05:00:00,18.81,47.1,7.44,2378.6
2018-09-03 06:00:00,16.48,68.8,6.83,2247.9
2018-09-03 07:00:00,21.32,45.9,5.59,2123.4
2018-09-03 08:00:00,19.59,49.0,2.54,2224.8
2018-09-03 09:00:00,17.8,56.6,9.28,2241.0
2018-09-03 10:00:00,21.49,69.8,4.32,2289.8
2018-09-03 11:00:00,24.65,47.2,0.54,2367.7
2018-09-03 12:00:00,26.21,37.2,2.21,2531.4
2018-09-03 13:00:00,24.82,40.9,2.24,2564.7
2018-09-03 14:00:00,22.31,61.6,10.36,2561.3
2018-09-03 15:00:00,21.84,43.7,2.21,2553.4
2018-09-03 16:00:00,23.69,62.6,6.62,2509.2
2018-09-03 17:00:00,26.03,51.7,0.89,2435.3
2018-09-03 18:00:00,22.3,53.9,7.3,2291.8
2018-09-03 19:00:00,21.52,57.2,1.2,2298.8
2018-09-03 20:00:00,19.55,50.0,10.11,2272.0
2018-09-03 21:00:00,17.57,59.1,4.33,2351.2
2018-09-03 22:00:00,16.94,48.9,8.42,2551.6
2018-09-03 23:00:00,16.72,69.4,4.14,2736.1
2018-09-04 00:00:00,19.65,48.1,2.89,2839.7
2018-09-04 01:00:00,14.12,64.2,1.12,2956.4
2018-09-04 02:00:00,14.45,52.2,0.77,2815.8
2018-09-04 03:00:00,12.02,58.1,2.83,2660.7
2018-09-04 04:00:00,16.11,56.1,4.86,2490.2
2018-09-04 05:00:00,18.14,81.3,1.69,2314.9
2018-09-04 06:00:00,19.42,56.3,16.46,2188.6
2018-09-04 07:00:00,16.7,52.1,11.78,2146.4
2018-09-04 08:00:00,18.59,53.6,4.29,2235.9
2018-09-04 09:00:00,17.8,45.7,12.82,2270.3
2018-09-04 10:00:00,20.54,54.3,4.39,2353.1
2018-09-04 11:00:00,20.97,70.0,1.72,2394.2
2018-09-04 12:00:00,21.16,57.8,3.86,2482.2
2018-09-04 13:00:00,22.0,61.6,7.77,2560.1
2018-09-04 14:00:00,23.18,46.2,2.55,2558.8
2018-09-04 15:00:00,21.45,53.2,14.2,2533.3
2018-09-04 16:00:00,21.44,56.5,3.21,2440.8
2018-09-04 17:00:00,25.92,45.5,8.51,2381.1
2018-09-04 18:00:00,27.79,53.0,4.1,2333.9
2018-09-04 19:00:00,17.18,63.2,2.34,2221.2
2018-09-04 20:00:00,16.07,63.5,1.53,2263.3
2018-09-04 21:00:00,15.79,58.2,9.16,2319.5
2018-09-04 22:00:00,16.89,67.2,6.14,2448.5
2018-09-04 23:00:00,18.43,55.2,2.69,2565.2
2018-09-05 00:00:00,16.64,55.9,9.28,2651.6
2018-09-05 01:00:00,14.95,71.6,2.8,2719.1
2018-09-05 02:00:00,15.45,50.8,5.91,2646.7
2018-09-05 03:00:00,12.26,48.6,6.63,2489.1
2018-09-05 04:00:00,13.51,54.2,18.13,2404.6
2018-09-05 05:00:00,14.47,63.5,17.44,2305.9
2018-09-05 06:00:00,11.2,73.3,2.84,2143.5
2018-09-05 07:00:00,13.08,56.2,2.31,2085.1
2018-09-05 08:00:00,14.15,75.2,5.52,2081.8
2018-09-05 09:00:00,19.9,56.3,10.08,2156.7
2018-09-05 10:00:00,19.64,55.4,0.71,2188.8
2018-09-05 11:00:00,21.51,48.0,14.76,2251.2
2018-09-05 12:00:00,16.22,74.6,3.4,2348.6
2018-09-05 13:00:00,17.74,56.6,9.8,2397.8
2018-09-05 14:00:00,23.51,42.5,3.44,2379.6
2018-09-05 15:00:00,15.04,79.6,13.8,2354.1
2018-09-05 16:00:00,24.91,55.2,3.39,2330.7
2018-09-05 17:00:00,16.89,64.9,8.01,2220.3
2018-09-05 18:00:00,22.92,67.1,4.94,2092.2
2018-09-05 19:00:00,17.77,62.7,1.64,2103.4
2018-09-05 20:00:00,21.64,62.5,3.26,2134.4
2018-09-05 21:00:00,26.01,51.6,0.58,2271.9
2018-09-05 22:00:00,11.27,68.9,2.88,2419.5
2018-09-05 23:00:00,17.73,57.5,6.45,2636.8
2018-09-06 00:00:00,10.44,63.5,13.33,2793.0
2018-09-06 01:00:00,15.39,60.6,4.73,2873.0
2018-09-06 02:00:00,13.41,58.1,22.04,2766.8
2018-09-06 03:00:00,14.11,64.7,10.81,2552.3
2018-09-06 04:00:00,11.64,66.7,2.42,2373.7
2018-09-06 05:00:00,16.27,65.5,5.01,2119.0
2018-09-06 06:00:00,11.34,68.0,7.43,2015.5
2018-09-06 07:00:00,18.89,72.9,3.49,1998.2
2018-09-06 08:00:00,15.73,67.8,6.4,2026.8
2018-09-06 09:00:00,14.28,58.9,3.02,2128.4
2018-09-06 10:00:00,22.81,57.4,4.89,2222.3
2018-09-06 11:00:00,19.62,67.6,12.22,2320.2
2018-09-06 12:00:00,25.38,44.1,3.24,2441.4
2018-09-06 13:00:00,24.3,68.7,1.19,2413.8
2018-09-06 14:00:00,19.66,50.1,17.89,2436.4
2018-09-06 15:00:00,21.57,61.9,9.34,2388.9
2018-09-06 16:00:00,21.95,54.5,7.16,2332.3
2018-09-06 17:00:00,25.07,51.5,14.45,2293.7
2018-09-06 18:00:00,21.71,44.2,9.77,2143.3
2018-09-06 19:00:00,20.23,63.1,3.45,2086.7
2018-09-06 20:00:00,18.32,47.0,17.74,2142.0
2018-09-06 21:00:00,17.66,46.3,6.43,2257.2
2018-09-06 22:00:00,20.01,65.3,8.68,2514.9
2018-09-06 23:00:00,15.8,73.7,0.81,2692.4
2018-09-07 00:00:00,13.77,55.6,1.93,2770.5
2018-09-07 01:00:00,12.71,69.9,1.54,2886.4
2018-09-07 02:00:00,12.34,68.5,1.43,2818.3
2018-09-07 03:00:00,10.08,63.2,7.63,2659.9
2018-09-07 04:00:00,11.85,73.2,2.34,2539.6
2018-09-07 05:00:00,17.87,56.4,6.2,2386.0
2018-09-07 06:00:00,14.24,64.7,9.56,2273.2
2018-09-07 07:00:00,17.35,48.1,2.83,2167.3
2018-09-07 08:00:00,10.35,54.0,2.29,2099.1
2018-09-07 09:00:00,19.01,66.1,0.87,2218.9
2018-09-07 10:00:00,18.22,61.8,11.64,2306.6
2018-09-07 11:00:00,18.38,56.2,2.94,2371.7
2018-09-07 12:00:00,20.87,70.6,15.02,2429.9
2018-09-07 13:00:00,19.81,71.3,7.07,2485.7
2018-09-07 14:00:00,16.14,62.6,12.94,2519.6
2018-09-07 15:00:00,23.89,41.2,1.3,2469.0
2018-09-07 16:00:00,22.06,53.5,8.4,2384.7
2018-09-07 17:00:00,20.26,49.1,8.59,2307.0
2018-09-07 18:00:00,18.0,58.3,11.16,2196.1
2018-09-07 19:00:00,15.91,51.8,2.42,2070.8
2018-09-07 20:00:00,19.18,47.1,3.07,2096.9
2018-09-07 21:00:00,21.62,36.6,11.38,2186.6
2018-09-07 22:00:00,17.06,59.7,1.03,2434.1
2018-09-07 23:00:00,12.13,43.9,2.14,2585.5
2018-09-08 00:00:00,15.12,57.3,8.24,2436.9
2018-09-08 01:00:00,13.79,66.5,3.44,2456.6
2018-09-08 02:00:00,15.68,53.7,3.97,2435.4
2018-09-08 03:00:00,14.9,51.4,0.31,2334.2
2018-09-08 04:00:00,6.06,66.6,14.21,2172.4
2018-09-08 05:00:00,15.28,53.1,3.68,1973.2
2018-09-08 06:00:00,12.05,63.8,7.84,1881.6
2018-09-08 07:00:00,11.83,54.3,11.62,1917.1
2018-09-08 08:00:00,15.88,58.5,3.89,1859.2
2018-09-08 09:00:00,18.41,54.5,7.92,1872.5
2018-09-08 10:00:00,14.32,60.5,14.47,2060.5
2018-09-08 11:00:00,21.15,68.2,9.12,2180.8
2018-09-08 12:00:00,22.12,55.9,6.8,2177.2
2018-09-08 13:00:00,20.97,59.3,9.07,2346.8
2018-09-08 14:00:00,19.08,51.7,10.03,2364.8
2018-09-08 15:00:00,18.94,58.6,4.69,2317.9
2018-09-08 16:00:00,23.81,50.8,14.71,2303.4
2018-09-08 17:00:00,17.07,58.6,5.83,2130.4
2018-09-08 18:00:00,22.87,58.9,10.5,2016.5
2018-09-08 19:00:00,18.97,52.8,1.99,1967.6
2018-09-08 20:00:00,18.18,54.3,4.89,2023.3
2018-09-08 21:00:00,13.11,57.6,2.53,2152.8
2018-09-08 22:00:00,15.98,55.2,7.26,2329.3
2018-09-08 23:00:00,16.92,59.9,1.82,2482.1
2018-09-09 00:00:00,11.01,60.3,9.13,2616.2
2018-09-09 01:00:00,14.96,72.0,7.73,2646.3
2018-09-09 02:00:00,13.54,82.6,4.36,2563.5
2018-09-09 03:00:00,11.57,58.2,9.74,2397.9
2018-09-09 04:00:00,15.45,62.0,2.0,2199.2
2018-09-09 05:00:00,8.21,73.7,9.09,2007.4
2018-09-09 06:00:00,15.22,57.7,2.22,1960.1
2018-09-09 07:00:00,19.23,48.7,2.93,1958.9
2018-09-09 08:00:00,19.75,70.1,11.64,2017.6
2018-09-09 09:00:00,18.16,63.0,11.8,2018.2
2018-09-09 10:00:00,17.46,60.6,7.22,2067.7
2018-09-09 11:00:00,17.59,69.5,21.71,2137.7
2018-09-09 12:00:00,19.25,62.8,15.68,2214.6
2018-09-09 13:00:00,22.0,54.0,4.33,2223.4
2018-09-09 14:00:00,19.03,49.0,2.18,2304.3
2018-09-09 15:00:00,23.07,49.6,9.12,2306.6
2018-09-09 16:00:00,26.38,60.5,6.03,2272.3
2018-09-09 17:00:00,20.49,61.1,7.97,2120.0
2018-09-09 18:00:00,16.65,57.2,8.51,2012.2
2018-09-09 19:00:00,15.82,73.5,2.67,1940.0
2018-09-09 20:00:00,20.16,54.6,2.02,1883.8
2018-09-09 21:00:00,17.03,66.3,8.09,2056.4
2018-09-09 22:00:00,18.34,59.1,7.9,2242.1
2018-09-09 23:00:00,13.85,76.4,1.44,2471.8
2018-09-10 00:00:00,16.23,65.0,2.92,2867.3
2018-09-10 01:00:00,13.12,61.9,2.03,2885.9
2018-09-10 02:00:00,11.28,61.5,5.45,2809.3
2018-09-10 03:00:00,11.98,62.3,4.87,2626.2
2018-09-10 04:00:00,10.12,58.1,0.78,2404.3
2018-09-10 05:00:00,18.49,46.3,5.49,2221.0
2018-09-10 06:00:00,13.91,63.3,6.46,2099.6
2018-09-10 07:00:00,16.59,54.5,6.72,2077.8
2018-09-10 08:00:00,14.6,56.0,2.04,2147.9
2018-09-10 09:00:00,14.35,59.8,5.0,2240.8
2018-09-10 10:00:00,17.43,58.5,12.79,2254.3
2018-09-10 11:00:00,21.73,54.7,2.96,2371.6
2018-09-10 12:00:00,18.5,71.1,12.3,2443.0
2018-09-10 13:00:00,18.27,62.7,3.51,2514.4
2018-09-10 14:00:00,21.23,71.9,10.66,2541.0
2018-09-10 15:00:00,22.23,50.7,7.84,2436.1
2018-09-10 16:00:00,24.95,58.3,5.29,2405.8
2018-09-10 17:00:00,21.33,51.9,6.93,2337.0
2018-09-10 18:00:00,21.42,50.4,9.87,2196.1
2018-09-10 19:00:00,20.78,72.5,1.73,2124.7
2018-09-10 20:00:00,15.13,53.8,13.6,2095.8
2018-09-10 21:00:00,14.57,42.5,7.09,2221.6
2018-09-10 22:00:00,13.23,55.8,2.06,2359.5
2018-09-10 23:00:00,11.65,46.6,9.88,2527.9
2018-09-11 00:00:00,15.93,51.6,5.63,2689.8
2018-09-11 01:00:00,14.03,53.9,8.3,2769.4
2018-09-11 02:00:00,13.11,61.8,4.81,2629.7
2018-09-11 03:00:00,6.29,50.6,9.05,2522.3
2018-09-11 04:00:00,18.05,67.1,3.06,2323.6
2018-09-11 05:00:00,11.07,48.1,3.9,2187.4
2018-09-11 06:00:00,19.08,55.7,7.78,2142.1
2018-09-11 07:00:00,11.15,60.5,13.73,2154.4
2018-09-11 08:00:00,13.71,67.6,5.27,2217.7
2018-09-11 09:00:00,11.27,65.8,9.34,2283.1
2018-09-11 10:00:00,18.71,66.5,8.78,2341.6
2018-09-11 11:00:00,16.02,56.3,13.1,2391.7
2018-09-11 12:00:00,16.92,54.7,2.34,2479.1
2018-09-11 13:00:00,16.81,61.9,6.8,2484.1
2018-09-11 14:00:00,22.58,62.2,6.34,2465.8
2018-09-11 15:00:00,22.55,60.6,6.8,2458.9
2018-09-11 16:00:00,25.17,54.4,3.43,2448.8
2018-09-11 17:00:00,18.52,59.0,5.38,2312.7
2018-09-11 18:00:00,20.15,55.6,10.6,2248.9
2018-09-11 19:00:00,15.55,62.8,2.46,2196.5
2018-09-11 20:00:00,16.97,74.7,7.75,2231.1
2018-09-11 21:00:00,15.48,57.7,4.5,2370.0
2018-09-11 22:00:00,16.9,55.6,6.51,2513.7
2018-09-11 23:00:00,17.32,54.6,4.35,2722.8
2018-09-12 00:00:00,16.22,62.1,10.6,2836.5
2018-09-12 01:00:00,11.0,46.2,2.09,2855.1
2018-09-12 02:00:00,15.2,58.8,6.56,2784.3
2018-09-12 03:00:00,12.46,69.1,11.22,2668.9
2018-09-12 04:00:00,11.89,58.3,6.87,2401.4
2018-09-12 05:00:00,11.33,64.4,2.84,2208.7
2018-09-12 06:00:00,12.34,79.0,2.75,2169.9
2018-09-12 07:00:00,18.93,59.5,6.47,2166.2
2018-09-12 08:00:00,16.3,41.0,1.1,2175.3
2018-09-12 09:00:00,17.01,47.1,7.97,2240.7
2018-09-12 10:00:00,16.95,56.4,1.49,2340.2
2018-09-12 11:00:00,24.68,45.8,2.13,2502.4
2018-09-12 12:00:00,22.66,54.7,15.36,2513.1
2018-09-12 13:00:00,18.23,55.1,13.53,2596.0
2018-09-12 14:00:00,19.75,65.5,3.95,2613.8
2018-09-12 15:00:00,20.03,47.2,11.76,2528.1
2018-09-12 16:00:00,20.8,53.7,2.85,2421.4
2018-09-12 17:00:00,18.28,59.1,8.03,2368.8
2018-09-12 18:00:00,20.49,58.3,12.36,2328.4
2018-09-12 19:00:00,22.2,55.4,3.25,2274.5
2018-09-12 20:00:00,14.32,41.3,1.48,2347.1
2018-09-12 21:00:00,13.75,61.7,5.97,2468.7
2018-09-12 22:00:00,14.33,59.3,3.12,2627.0
2018-09-12 23:00:00,13.48,68.1,3.31,2798.6
2018-09-13 00:00:00,18.53,63.0,2.12,2855.6
2018-09-13 01:00:00,15.4,61.6,0.27,2868.2
2018-09-13 02:00:00,14.86,62.6,3.56,2771.5
2018-09-13 03:00:00,11.7,73.5,3.87,2665.5
2018-09-13 04:00:00,11.79,71.8,2.84,2497.4
2018-09-13 05:00:00,9.27,66.8,2.05,2339.4
2018-09-13 06:00:00,15.49,76.8,9.99,2279.0
2018-09-13 07:00:00,15.59,54.5,6.9,2179.5
2018-09-13 08:00:00,18.54,47.7,1.59,2166.8
2018-09-13 09:00:00,15.84,59.2,6.21,2282.0
2018-09-13 10:00:00,17.05,55.4,2.57,2377.7
2018-09-13 11:00:00,18.79,37.2,9.41,2380.6
2018-09-13 12:00:00,21.42,49.6,2.88,2455.6
2018-09-13 13:00:00,16.15,61.8,10.67,2448.4
2018-09-13 14:00:00,22.07,53.9,10.17,2449.5
2018-09-13 15:00:00,20.31,49.5,7.47,2444.1
2018-09-13 16:00:00,17.58,58.3,2.83,2373.6
2018-09-13 17:00:00,14.62,61.3,4.34,2277.7
2018-09-13 18:00:00,18.85,62.6,4.77,2162.1
2018-09-13 19:00:00,21.98,49.3,5.75,2180.9
2018-09-13 20:00:00,21.59,61.7,11.27,2244.9
2018-09-13 21:00:00,17.25,49.5,3.98,2336.1
2018-09-13 22:00:00,20.23,51.8,9.28,2522.5
2018-09-13 23:00:00,14.26,74.2,1.88,2690.4
2018-09-14 00:00:00,15.71,51.2,3.08,2798.2
2018-09-14 01:00:00,11.57,57.5,2.61,2836.7
2018-09-14 02:00:00,11.01,53.2,9.38,2833.3
2018-09-14 03:00:00,10.47,57.0,12.69,2643.9
2018-09-14 04:00:00,7.14,67.4,3.46,2520.8
2018-09-14 05:00:00,15.91,64.9,2.75,2372.1
2018-09-14 06:00:00,11.73,62.5,4.45,2288.6
2018-09-14 07:00:00,12.16,59.7,2.47,2285.3
2018-09-14 08:00:00,12.17,52.3,3.55,2292.8
2018-09-14 09:00:00,15.65,53.7,4.46,2358.8
2018-09-14 10:00:00,21.6,42.3,4.49,2422.9
2018-09-14 11:00:00,23.39,59.2,1.23,2444.0
2018-09-14 12:00:00,14.84,66.6,3.41,2449.3
2018-09-14 13:00:00,18.74,56.7,14.79,2536.6
2018-09-14 14:00:00,17.44,61.6,1.45,2523.5
2018-09-14 15:00:00,22.63,60.9,5.7,2481.0
2018-09-14 16:00:00,20.74,56.2,5.3,2433.9
2018-09-14 17:00:00,18.03,68.7,17.67,2327.4
2018-09-14 18:00:00,19.17,48.5,5.52,2266.4
2018-09-14 19:00:00,16.97,55.6,13.99,2219.8
2018-09-14 20:00:00,21.23,51.3,5.41,2217.6
2018-09-14 21:00:00,17.53,63.2,3.32,2386.4
2018-09-14 22:00:00,16.8,47.1,5.63,2528.0
2018-09-14 23:00:00,7.49,77.6,1.82,2783.8
2018-09-15 00:00:00,12.96,66.1,5.99,2651.7
2018-09-15 01:00:00,17.7,71.8,3.58,2648.7
2018-09-15 02:00:00,15.41,59.4,3.34,2593.6
2018-09-15 03:00:00,7.34,61.7,9.91,2446.1
2018-09-15 04:00:00,11.31,68.2,4.12,2211.5
2018-09-15 05:00:00,9.49,72.7,0.86,2076.1
2018-09-15 06:00:00,17.4,52.4,7.11,2007.3
2018-09-15 07:00:00,14.56,44.4,8.19,1984.0
2018-09-15 08:00:00,13.0,47.0,19.26,1973.1
2018-09-15 09:00:00,16.04,61.3,5.97,1976.7
2018-09-15 10:00:00,10.47,75.9,3.86,2049.3
2018-09-15 11:00:00,15.24,49.4,7.19,2084.8
2018-09-15 12:00:00,18.87,54.7,1.93,2155.3
2018-09-15 13:00:00,21.53,52.0,3.33,2206.3
2018-09-15 14:00:00,14.96,75.4,7.72,2252.8
2018-09-15 15:00:00,19.0,74.9,4.34,2248.5
2018-09-15 16:00:00,22.34,57.5,1.08,2213.8
2018-09-15 17:00:00,15.79,66.6,4.09,2106.0
2018-09-15 18:00:00,19.36,63.5,5.57,1996.9
2018-09-15 19:00:00,18.12,47.3,4.21,1975.7
2018-09-15 20:00:00,21.27,60.6,1.23,2031.4
2018-09-15 21:00:00,15.38,51.5,0.43,2165.8
2018-09-15 22:00:00,14.49,59.0,8.71,2413.0
2018-09-15 23:00:00,16.09,68.2,8.08,2600.2
2018-09-16 00:00:00,9.6,65.0,3.04,2758.6
2018-09-16 01:00:00,11.73,71.4,2.94,2714.4
2018-09-16 02:00:00,10.74,73.8,3.91,2587.4
2018-09-16 03:00:00,11.4,48.8,9.02,2402.4
2018-09-16 04:00:00,14.01,43.4,5.62,2228.9
2018-09-16 05:00:00,13.67,70.4,12.01,2072.2
2018-09-16 06:00:00,11.05,72.8,5.52,1988.5
2018-09-16 07:00:00,14.09,62.8,2.57,2023.7
2018-09-16 08:00:00,18.44,60.4,3.14,2033.4
2018-09-16 09:00:00,13.67,68.2,7.3,2101.8
2018-09-16 10:00:00,17.15,65.3,13.96,2166.4
2018-09-16 11:00:00,17.26,55.8,5.82,2272.2
2018-09-16 12:00:00,18.42,64.9,10.09,2344.7
2018-09-16 13:00:00,15.14,57.1,6.74,2367.3
2018-09-16 14:00:00,23.14,55.4,6.27,2409.7
2018-09-16 15:00:00,17.81,59.4,15.0,2373.1
2018-09-16 16:00:00,22.18,47.4,2.15,2314.5
2018-09-16 17:00:00,17.66,51.9,3.96,2195.7
2018-09-16 18:00:00,17.01,76.3,3.43,2116.5
2018-09-16 19:00:00,20.78,48.2,4.99,2051.4
2018-09-16 20:00:00,19.27,59.5,1.41,2038.8
2018-09-16 21:00:00,16.27,63.6,4.82,2139.2
2018-09-16 22:00:00,16.62,58.3,2.96,2339.2
2018-09-16 23:00:00,13.03,67.0,3.12,2532.9
2018-09-17 00:00:00,12.69,64.5,10.72,2873.4
2018-09-17 01:00:00,10.42,56.7,2.69,2951.9
2018-09-17 02:00:00,13.94,65.1,17.77,2826.6
2018-09-17 03:00:00,9.81,59.8,5.65,2683.5
2018-09-17 04:00:00,15.39,73.6,0.59,2487.2
2018-09-17 05:00:00,11.29,66.4,10.1,2343.4
2018-09-17 06:00:00,12.76,56.2,0.41,2196.6
2018-09-17 07:00:00,15.44,62.4,1.77,2106.0
2018-09-17 08:00:00,14.57,52.9,6.58,2120.7
2018-09-17 09:00:00,14.8,62.2,4.2,2222.1
2018-09-17 10:00:00,16.5,57.0,8.04,2311.3
2018-09-17 11:00:00,19.78,49.6,3.15,2336.0
2018-09-17 12:00:00,16.71,51.9,3.12,2450.3
2018-09-17 13:00:00,18.69,76.5,3.57,2506.1
2018-09-17 14:00:00,19.43,57.2,6.85,2548.1
2018-09-17 15:00:00,21.7,51.2,8.19,2499.0
2018-09-17 16:00:00,19.16,51.8,1.86,2352.6
2018-09-17 17:00:00,23.53,56.9,11.06,2338.6
2018-09-17 18:00:00,17.98,52.5,17.16,2230.9
2018-09-17 19:00:00,16.95,49.7,4.87,2235.4
2018-09-17 20:00:00,16.15,58.8,6.02,2258.7
2018-09-17 21:00:00,12.25,61.9,2.96,2386.4
2018-09-17 22:00:00,11.91,59.1,9.81,2497.9
2018-09-17 23:00:00,12.22,55.1,0.43,2651.5
2018-09-18 00:00:00,15.35,56.6,13.32,2849.1
2018-09-18 01:00:00,11.79,58.8,12.34,2911.9
2018-09-18 02:00:00,10.26,58.9,1.73,2880.4
2018-09-18 03:00:00,14.4,62.7,2.63,2740.8
2018-09-18 04:00:00,15.35,77.5,4.33,2564.8
2018-09-18 05:00:00,15.01,70.6,9.06,2440.5
2018-09-18 06:00:00,10.37,79.2,1.27,2366.5
2018-09-18 07:00:00,12.1,57.8,3.26,2329.7
2018-09-18 08:00:00,18.83,70.3,7.43,2339.8
2018-09-18 09:00:00,15.94,61.1,1.58,2420.2
2018-09-18 10:00:00,15.7,67.3,4.57,2431.3
2018-09-18 11:00:00,19.13,60.4,5.26,2480.9
2018-09-18 12:00:00,20.68,52.7,2.09,2479.7
2018-09-18 13:00:00,17.37,63.9,5.07,2484.9
2018-09-18 14:00:00,19.75,60.1,5.4,2509.0
2018-09-18 15:00:00,21.65,40.5,2.93,2511.0
2018-09-18 16:00:00,16.3,58.0,1.12,2508.1
2018-09-18 17:00:00,18.83,63.9,1.01,2393.6
2018-09-18 18:00:00,15.38,61.9,7.06,2280.9
2018-09-18 19:00:00,14.88,63.9,7.05,2236.1
2018-09-18 20:00:00,14.96,54.0,3.73,2285.0
2018-09-18 21:00:00,16.53,60.8,4.28,2477.8
2018-09-18 22:00:00,13.5,60.4,3.31,2641.7
2018-09-18 23:00:00,11.71,61.0,11.35,2763.8
2018-09-19 00:00:00,12.43,56.6,3.36,2901.5
2018-09-19 01:00:00,8.8,72.3,15.36,2937.5
2018-09-19 02:00:00,12.34,64.9,2.47,2843.8
2018-09-19 03:00:00,13.96,62.8,9.87,2680.2
2018-09-19 04:00:00,11.07,79.6,1.59,2586.8
2018-09-19 05:00:00,11.16,66.9,6.29,2401.5
2018-09-19 06:00:00,13.23,71.0,1.4,2236.0
2018-09-19 07:00:00,8.06,67.7,2.96,2202.9
2018-09-19 08:00:00,15.44,56.8,9.72,2192.8
2018-09-19 09:00:00,22.88,45.2,1.46,2213.7
2018-09-19 10:00:00,15.86,61.2,12.83,2284.6
2018-09-19 11:00:00,16.83,37.2,8.61,2433.5
2018-09-19 12:00:00,19.82,58.3,8.56,2445.0
2018-09-19 13:00:00,22.71,56.4,8.54,2443.8
2018-09-19 14:00:00,21.43,53.1,13.46,2491.9
2018-09-19 15:00:00,13.74,60.3,6.31,2458.1
2018-09-19 16:00:00,20.4,45.7,2.95,2375.6
2018-09-19 17:00:00,25.02,63.1,7.45,2363.1
2018-09-19 18:00:00,19.51,53.7,4.61,2220.9
2018-09-19 19:00:00,14.24,52.8,11.79,2126.1
2018-09-19 20:00:00,16.87,62.9,4.84,2214.6
2018-09-19 21:00:00,11.93,63.3,8.96,2344.1
2018-09-19 22:00:00,17.18,55.4,2.13,2523.8
2018-09-19 23:00:00,10.74,59.7,4.51,2630.1
2018-09-20 00:00:00,12.28,62.1,4.62,2733.1
2018-09-20 01:00:00,9.31,75.3,11.83,2778.6
2018-09-20 02:00:00,9.69,68.0,8.47,2675.7
2018-09-20 03:00:00,14.64,60.0,2.15,2584.4
2018-09-20 04:00:00,11.32,69.8,4.99,2420.6
2018-09-20 05:00:00,10.06,64.2,3.7,2271.5
2018-09-20 06:00:00,9.23,67.8,8.6,2234.3
2018-09-20 07:00:00,8.24,66.6,9.27,2194.4
2018-09-20 08:00:00,10.76,68.1,11.05,2222.9
2018-09-20 09:00:00,15.2,56.3,9.18,2283.8
2018-09-20 10:00:00,18.41,48.2,2.5,2391.9
2018-09-20 11:00:00,15.52,66.8,4.62,2478.3
2018-09-20 12:00:00,21.68,66.7,9.81,2559.7
2018-09-20 13:00:00,16.59,50.0,12.34,2571.9
2018-09-20 14:00:00,18.19,58.9,1.51,2553.6
2018-09-20 15:00:00,16.22,55.4,7.3,2515.7
2018-09-20 16:00:00,21.26,62.1,4.76,2465.4
2018-09-20 17:00:00,23.63,55.1,5.99,2393.5
2018-09-20 18:00:00,13.35,87.9,8.48,2316.6
2018-09-20 19:00:00,16.06,56.7,5.12,2237.2
2018-09-20 20:00:00,19.12,69.0,5.6,2224.5
2018-09-20 21:00:00,11.31,76.0,1.99,2336.5
2018-09-20 22:00:00,15.3,64.0,4.62,2496.7
2018-09-20 23:00:00,15.98,59.5,4.41,2648.0
2018-09-21 00:00:00,12.08,63.1,4.24,2780.7
2018-09-21 01:00:00,12.63,62.0,4.17,2769.8
2018-09-21 02:00:00,15.25,68.9,14.56,2692.1
2018-09-21 03:00:00,15.59,52.5,8.38,2524.8
2018-09-21 04:00:00,10.7,62.2,1.72,2326.5
2018-09-21 05:00:00,9.92,61.8,0.83,2153.4
2018-09-21 06:00:00,9.59,50.5,4.48,2052.3
2018-09-21 07:00:00,15.16,66.7,10.52,2069.8
2018-09-21 08:00:00,10.25,72.3,2.2,2105.8
2018-09-21 09:00:00,14.08,55.7,9.38,2189.5
2018-09-21 10:00:00,16.01,67.4,2.58,2270.6
2018-09-21 11:00:00,15.46,47.0,3.7,2383.8
2018-09-21 12:00:00,18.24,57.6,4.31,2475.1
2018-09-21 13:00:00,24.59,51.3,5.12,2569.9
2018-09-21 14:00:00,18.28,58.1,1.34,2544.1
2018-09-21 15:00:00,17.63,58.6,1.67,2510.4
2018-09-21 16:00:00,21.12,54.5,3.63,2389.6
2018-09-21 17:00:00,18.78,53.9,1.05,2271.3
2018-09-21 18:00:00,21.14,54.2,3.36,2224.5
2018-09-21 19:00:00,17.13,69.2,6.03,2171.1
2018-09-21 20:00:00,15.13,55.3,2.06,2212.0
2018-09-21 21:00:00,10.26,81.8,3.26,2369.6
2018-09-21 22:00:00,9.63,59.2,5.44,2564.6
2018-09-21 23:00:00,8.13,67.4,1.5,2759.8
2018-09-22 00:00:00,12.63,66.5,6.07,2609.0
2018-09-22 01:00:00,7.64,63.6,4.66,2694.0
2018-09-22 02:00:00,13.79,72.0,2.46,2566.4
2018-09-22 03:00:00,10.59,67.9,11.25,2432.3
2018-09-22 04:00:00,10.04,62.3,1.95,2246.4
2018-09-22 05:00:00,8.94,75.8,6.37,2128.8
2018-09-22 06:00:00,13.24,53.3,6.53,2046.0
2018-09-22 07:00:00,10.5,59.1,1.97,2014.7
2018-09-22 08:00:00,11.01,67.7,2.57,2075.3
2018-09-22 09:00:00,17.48,64.4,7.21,2149.7
2018-09-22 10:00:00,16.43,61.4,8.9,2196.4
2018-09-22 11:00:00,15.92,58.2,6.14,2266.9
2018-09-22 12:00:00,18.94,54.8,7.18,2328.9
2018-09-22 13:00:00,18.0,66.7,3.36,2397.8
2018-09-22 14:00:00,19.33,58.5,10.22,2333.3
2018-09-22 15:00:00,16.47,51.8,1.11,2338.6
2018-09-22 16:00:00,23.55,45.7,5.73,2205.7
2018-09-22 17:00:00,16.52,70.9,9.99,2111.8
2018-09-22 18:00:00,21.23,49.3,9.19,2040.0
2018-09-22 19:00:00,16.04,61.4,0.28,1991.4
2018-09-22 20:00:00,17.56,68.8,8.55,2055.8
2018-09-22 21:00:00,16.35,63.3,3.3,2128.6
2018-09-22 22:00:00,16.34,52.9,3.24,2277.9
2018-09-22 23:00:00,10.41,55.5,5.9,2421.2
2018-09-23 00:00:00,14.16,75.6,1.9,2533.8
2018-09-23 01:00:00,15.46,51.3,6.54,2616.1
2018-09-23 02:00:00,9.79,59.7,9.65,2598.7
2018-09-23 03:00:00,10.39,66.7,12.34,2442.3
2018-09-23 04:00:00,9.13,62.9,16.11,2282.9
2018-09-23 05:00:00,9.97,68.6,6.04,2197.8
2018-09-23 06:00:00,15.75,47.7,2.94,2072.6
2018-09-23 07:00:00,9.79,62.5,2.26,2009.0
2018-09-23 08:00:00,10.91,68.7,18.07,2063.9
2018-09-23 09:00:00,18.33,62.8,3.83,2092.2
2018-09-23 10:00:00,16.9,53.9,0.44,2121.3
2018-09-23 11:00:00,21.6,46.5,2.47,2230.0
2018-09-23 12:00:00,16.01,60.9,3.1,2342.4
2018-09-23 13:00:00,18.08,47.0,8.64,2352.5
2018-09-23 14:00:00,16.52,69.1,12.89,2352.7
2018-09-23 15:00:00,18.66,58.3,9.29,2348.5
2018-09-23 16:00:00,13.73,55.4,7.43,2232.7
2018-09-23 17:00:00,19.48,48.0,13.11,2167.4
2018-09-23 18:00:00,17.94,52.6,9.09,2128.6
2018-09-23 19:00:00,16.16,46.6,11.21,2026.2
2018-09-23 20:00:00,14.36,64.5,3.09,2009.3
2018-09-23 21:00:00,12.07,55.9,1.73,2072.8
2018-09-23 22:00:00,15.09,63.1,2.21,2242.4
2018-09-23 23:00:00,9.38,68.8,4.41,2390.0
2018-09-24 00:00:00,12.55,69.7,16.39,2822.6
2018-09-24 01:00:00,15.82,61.4,3.27,2820.0
2018-09-24 02:00:00,13.95,69.8,2.27,2742.9
2018-09-24 03:00:00,6.33,78.0,21.88,2659.8
2018-09-24 04:00:00,8.89,67.0,6.27,2437.0
2018-09-24 05:00:00,11.69,65.2,3.58,2288.7
2018-09-24 06:00:00,11.09,58.7,1.52,2230.9
2018-09-24 07:00:00,8.6,57.2,1.37,2344.6
2018-09-24 08:00:00,14.03,71.0,9.88,2356.0
2018-09-24 09:00:00,14.07,65.6,0.71,2336.6
2018-09-24 10:00:00,19.92,61.6,4.83,2433.5
2018-09-24 11:00:00,15.46,54.9,12.63,2511.3
2018-09-24 12:00:00,19.85,69.1,3.22,2585.5
2018-09-24 13:00:00,14.39,58.7,6.26,2613.1
2018-09-24 14:00:00,15.39,53.3,2.73,2649.0
2018-09-24 15:00:00,19.9,51.5,16.8,2593.1
2018-09-24 16:00:00,20.67,68.0,6.83,2521.4
2018-09-24 17:00:00,15.17,51.0,12.38,2421.7
2018-09-24 18:00:00,16.99,52.4,5.24,2329.3
2018-09-24 19:00:00,12.64,85.1,6.19,2271.3
2018-09-24 20:00:00,14.68,67.8,7.49,2354.1
2018-09-24 21:00:00,16.19,53.2,4.35,2523.8
2018-09-24 22:00:00,11.98,53.8,9.09,2762.0
2018-09-24 23:00:00,11.48,49.4,4.9,2919.2
2018-09-25 00:00:00,8.24,66.2,8.08,3049.3
2018-09-25 01:00:00,8.81,70.8,12.75,3060.6
2018-09-25 02:00:00,14.42,72.6,5.76,2922.7
2018-09-25 03:00:00,10.07,48.8,3.09,2797.7
2018-09-25 04:00:00,7.52,55.4,12.08,2622.3
2018-09-25 05:00:00,9.64,63.3,7.48,2462.4
2018-09-25 06:00:00,7.07,88.6,3.74,2333.7
2018-09-25 07:00:00,9.36,71.6,2.67,2299.1
2018-09-25 08:00:00,16.26,62.0,0.11,2361.0
2018-09-25 09:00:00,13.54,51.4,5.27,2379.1
2018-09-25 10:00:00,19.65,39.3,5.02,2425.9
2018-09-25 11:00:00,15.65,59.8,2.42,2475.2
2018-09-25 12:00:00,16.63,57.9,2.47,2517.5
2018-09-25 13:00:00,18.96,54.7,2.65,2614.6
2018-09-25 14:00:00,11.07,60.1,4.78,2621.8
2018-09-25 15:00:00,18.4,51.3,10.02,2543.8
2018-09-25 16:00:00,17.63,50.1,4.32,2436.8
2018-09-25 17:00:00,21.07,66.3,3.57,2262.2
2018-09-25 18:00:00,19.13,49.6,1.85,2161.2
2018-09-25 19:00:00,13.06,59.3,0.69,2093.7
2018-09-25 20:00:00,18.03,57.3,1.9,2112.5
2018-09-25 21:00:00,13.24,67.1,3.27,2248.9
2018-09-25 22:00:00,10.6,56.7,2.88,2410.1
2018-09-25 23:00:00,12.38,69.9,5.97,2610.7
2018-09-26 00:00:00,10.35,59.1,5.41,2777.0
2018-09-26 01:00:00,14.07,59.4,1.95,2834.6
2018-09-26 02:00:00,10.67,76.6,6.0,2782.9
2018-09-26 03:00:00,10.2,56.1,2.51,2543.9
2018-09-26 04:00:00,12.07,68.1,4.46,2374.2
2018-09-26 05:00:00,12.95,69.7,1.84,2297.1
2018-09-26 06:00:00,12.82,64.2,5.98,2299.1
2018-09-26 07:00:00,15.24,58.9,2.77,2298.4
2018-09-26 08:00:00,14.17,77.7,12.08,2317.4
2018-09-26 09:00:00,14.11,60.6,2.94,2335.1
2018-09-26 10:00:00,17.82,59.4,1.7,2456.2
2018-09-26 11:00:00,15.46,56.9,2.88,2513.6
2018-09-26 12:00:00,16.6,59.9,2.31,2559.0
2018-09-26 13:00:00,21.45,62.5,0.56,2641.9
2018-09-26 14:00:00,21.61,52.5,12.91,2516.5
2018-09-26 15:00:00,17.67,41.0,6.92,2489.2
2018-09-26 16:00:00,16.42,63.0,5.42,2363.3
2018-09-26 17:00:00,20.81,46.7,3.91,2302.8
2018-09-26 18:00:00,18.52,63.1,1.85,2290.2
2018-09-26 19:00:00,16.48,58.8,0.91,2272.3
2018-09-26 20:00:00,13.92,68.4,4.42,2390.6
2018-09-26 21:00:00,14.52,52.8,4.82,2509.5
2018-09-26 22:00:00,12.6,57.6,3.7,2731.7
2018-09-26 23:00:00,10.03,61.3,17.31,2826.1
2018-09-27 00:00:00,10.98,51.4,0.54,2953.4
2018-09-27 01:00:00,10.68,72.3,4.12,2919.0
2018-09-27 02:00:00,8.68,52.1,0.57,2874.0
2018-09-27 03:00:00,11.74,71.4,3.54,2698.3
2018-09-27 04:00:00,12.84,65.1,3.25,2517.1
2018-09-27 05:00:00,12.44,60.5,1.13,2359.6
2018-09-27 06:00:00,9.96,66.8,2.1,2309.9
2018-09-27 07:00:00,13.37,63.8,3.69,2283.4
2018-09-27 08:00:00,12.64,58.7,3.9,2310.5
2018-09-27 09:00:00,10.39,66.1,2.66,2364.0
2018-09-27 10:00:00,16.2,64.9,10.94,2460.2
2018-09-27 11:00:00,15.85,51.8,8.88,2515.1
2018-09-27 12:00:00,22.79,56.5,1.59,2532.6
2018-09-27 13:00:00,20.59,34.5,1.54,2607.7
2018-09-27 14:00:00,19.12,41.3,2.32,2593.8
2018-09-27 15:00:00,18.1,62.0,5.57,2569.6
2018-09-27 16:00:00,17.75,54.5,3.3,2521.9
2018-09-27 17:00:00,14.44,53.6,5.04,2373.5
2018-09-27 18:00:00,11.96,62.0,9.09,2253.6
2018-09-27 19:00:00,13.3,58.2,2.07,2165.0
2018-09-27 20:00:00,14.4,52.6,0.76,2207.4
2018-09-27 21:00:00,8.22,52.3,6.32,2406.3
2018-09-27 22:00:00,11.09,47.4,2.04,2570.8
2018-09-27 23:00:00,10.86,69.2,6.02,2810.2
2018-09-28 00:00:00,9.91,60.7,5.37,2946.1
2018-09-28 01:00:00,8.16,73.2,9.78,2961.4
2018-09-28 02:00:00,8.56,61.7,5.72,2853.7
2018-09-28 03:00:00,13.59,64.0,4.64,2756.9
2018-09-28 04:00:00,11.07,62.1,4.42,2606.8
2018-09-28 05:00:00,8.41,65.6,14.4,2453.8
2018-09-28 06:00:00,10.28,64.5,5.08,2340.2
2018-09-28 07:00:00,11.21,59.5,3.58,2284.7
2018-09-28 08:00:00,10.32,53.9,2.9,2203.9
2018-09-28 09:00:00,11.35,69.0,6.31,2276.9
2018-09-28 10:00:00,16.84,71.3,12.98,2308.4
2018-09-28 11:00:00,14.23,73.9,7.19,2381.1
2018-09-28 12:00:00,13.37,56.9,11.53,2407.4
2018-09-28 13:00:00,16.63,52.8,7.56,2461.1
2018-09-28 14:00:00,17.44,53.6,1.24,2447.7
2018-09-28 15:00:00,12.35,60.7,18.19,2437.8
2018-09-28 16:00:00,17.04,57.9,5.45,2407.8
2018-09-28 17:00:00,18.91,48.9,14.53,2332.5
2018-09-28 18:00:00,17.23,46.4,11.48,2193.2
2018-09-28 19:00:00,20.85,55.7,1.06,2105.1
2018-09-28 20:00:00,17.44,29.8,4.52,2119.8
2018-09-28 21:00:00,16.9,57.7,2.56,2313.5
2018-09-28 22:00:00,19.24,49.0,2.24,2596.4
2018-09-28 23:00:00,13.17,67.7,5.97,2749.3
2018-09-29 00:00:00,10.65,71.9,8.5,2590.2
2018-09-29 01:00:00,12.04,70.9,1.53,2682.7
2018-09-29 02:00:00,7.81,63.0,1.35,2613.7
2018-09-29 03:00:00,9.34,55.4,4.92,2449.9
2018-09-29 04:00:00,7.59,59.4,7.59,2302.9
2018-09-29 05:00:00,10.6,65.8,9.54,2102.1
2018-09-29 06:00:00,8.61,51.9,13.95,1995.5
2018-09-29 07:00:00,9.36,75.7,12.82,1964.3
2018-09-29 08:00:00,13.07,58.9,6.62,1973.8
2018-09-29 09:00:00,12.73,65.8,7.5,1969.9
2018-09-29 10:00:00,9.29,50.3,9.16,2031.6
2018-09-29 11:00:00,11.43,55.4,1.42,2112.0
2018-09-29 12:00:00,13.03,46.3,4.27,2170.1
2018-09-29 13:00:00,14.33,68.7,11.49,2250.0
2018-09-29 14:00:00,17.97,56.3,2.21,2240.2
2018-09-29 15:00:00,17.62,62.5,1.06,2294.4
2018-09-29 16:00:00,19.6,56.8,2.28,2223.5
2018-09-29 17:00:00,18.42,61.0,2.87,2129.5
2018-09-29 18:00:00,18.58,54.4,4.94,2022.3
2018-09-29 19:00:00,16.59,57.1,7.42,1979.0
2018-09-29 20:00:00,14.63,59.6,9.36,1951.6
2018-09-29 21:00:00,15.82,62.6,6.77,2092.7
2018-09-29 22:00:00,14.34,64.0,12.08,2363.1
2018-09-29 23:00:00,12.01,84.9,2.77,2577.0
2018-09-30 00:00:00,13.22,74.9,2.7,2632.7
2018-09-30 01:00:00,3.54,54.9,1.72,2740.3
2018-09-30 02:00:00,8.28,64.2,4.59,2638.4
2018-09-30 03:00:00,8.11,62.3,2.49,2551.9
2018-09-30 04:00:00,11.89,72.7,9.93,2317.6
2018-09-30 05:00:00,13.33,58.8,1.35,2254.7
2018-09-30 06:00:00,6.42,70.6,11.58,2183.5
2018-09-30 07:00:00,14.4,41.8,2.17,2069.6
2018-09-30 08:00:00,8.91,52.8,10.56,2031.7
2018-09-30 09:00:00,10.02,80.7,2.87,2077.0
2018-09-30 10:00:00,13.32,61.7,8.32,2160.5
2018-09-30 11:00:00,14.07,52.8,4.99,2188.1
2018-09-30 12:00:00,11.8,64.5,8.04,2282.7
2018-09-30 13:00:00,17.96,49.2,0.73,2347.6
2018-09-30 14:00:00,18.43,55.0,3.82,2355.4
2018-09-30 15:00:00,19.5,44.8,11.02,2286.2
2018-09-30 16:00:00,15.65,53.2,4.44,2216.0
2018-09-30 17:00:00,16.23,55.7,2.69,2194.6
2018-09-30 18:00:00,15.62,68.5,1.27,2061.9
2018-09-30 19:00:00,19.09,60.4,2.35,1953.7
2018-09-30 20:00:00,6.82,71.7,12.2,2023.4
2018-09-30 21:00:00,10.48,63.4,7.04,2095.0
2018-09-30 22:00:00,11.85,69.1,8.49,2213.0
2018-09-30 23:00:00,8.16,58.5,3.63,2449.0
2018-10-01 00:00:00,9.19,58.8,3.39,2779.6
2018-10-01 01:00:00,8.89,68.2,8.45,2774.5
2018-10-01 02:00:00,7.16,64.0,10.12,2777.4
2018-10-01 03:00:00,8.83,64.8,3.1,2686.8
2018-10-01 04:00:00,10.37,62.4,7.17,2611.7
2018-10-01 05:00:00,8.61,75.1,6.2,2403.1
2018-10-01 06:00:00,8.71,75.5,1.17,2324.4
2018-10-01 07:00:00,10.25,58.8,5.93,2224.2
2018-10-01 08:00:00,11.61,48.6,4.75,2258.5
2018-10-01 09:00:00,8.32,59.7,1.41,2332.6
2018-10-01 10:00:00,14.86,52.9,7.93,2307.8
2018-10-01 11:00:00,13.54,67.8,1.88,2418.4
2018-10-01 12:00:00,18.65,64.4,2.77,2491.7
2018-10-01 13:00:00,17.61,49.7,26.82,2566.6
2018-10-01 14:00:00,19.46,50.4,2.61,2529.1
2018-10-01 15:00:00,14.14,48.9,3.72,2591.0
2018-10-01 16:00:00,15.6,60.6,1.12,2523.1
2018-10-01 17:00:00,13.02,61.2,17.45,2433.5
2018-10-01 18:00:00,13.73,67.3,12.81,2395.5
2018-10-01 19:00:00,17.8,61.7,0.48,2345.3
2018-10-01 20:00:00,17.42,62.9,24.31,2341.7
2018-10-01 21:00:00,9.8,51.8,15.52,2508.9
2018-10-01 22:00:00,10.49,58.6,5.48,2669.4
2018-10-01 23:00:00,10.48,71.2,2.26,2879.1
2018-10-02 00:00:00,11.1,58.8,12.05,2989.1
2018-10-02 01:00:00,4.6,55.3,8.45,3146.9
2018-10-02 02:00:00,4.59,74.8,19.02,3048.8
2018-10-02 03:00:00,9.69,59.6,17.73,2806.2
2018-10-02 04:00:00,3.73,77.5,4.83,2693.6
2018-10-02 05:00:00,7.88,65.5,5.57,2470.2
2018-10-02 06:00:00,10.04,61.7,2.09,2312.0
2018-10-02 07:00:00,11.5,73.7,2.32,2334.7
2018-10-02 08:00:00,11.08,52.7,4.31,2298.7
2018-10-02 09:00:00,11.55,74.2,7.87,2397.6
2018-10-02 10:00:00,15.61,54.4,18.83,2527.2
2018-10-02 11:00:00,15.18,61.2,2.39,2570.2
2018-10-02 12:00:00,13.68,62.4,4.5,2631.6
2018-10-02 13:00:00,16.02,55.8,9.25,2628.1
2018-10-02 14:00:00,17.29,52.1,5.48,2677.5
2018-10-02 15:00:00,20.76,52.4,7.39,2581.0
2018-10-02 16:00:00,18.29,49.2,5.17,2543.9
2018-10-02 17:00:00,18.97,72.5,1.56,2438.1
2018-10-02 18:00:00,13.77,57.1,11.75,2310.1
2018-10-02 19:00:00,13.15,70.7,7.53,2245.2
2018-10-02 20:00:00,12.91,69.9,3.03,2311.9
2018-10-02 21:00:00,12.11,65.2,4.09,2390.1
2018-10-02 22:00:00,8.91,63.8,2.76,2608.8
2018-10-02 23:00:00,13.63,62.6,8.24,2786.3
2018-10-03 00:00:00,11.64,67.3,0.95,2898.9
2018-10-03 01:00:00,8.04,66.4,2.65,2968.3
2018-10-03 02:00:00,10.0,51.5,3.66,2842.2
2018-10-03 03:00:00,8.82,50.4,3.71,2699.4
2018-10-03 04:00:00,10.2,75.9,1.95,2503.9
2018-10-03 05:00:00,5.44,46.6,5.08,2355.2
2018-10-03 06:00:00,9.07,66.3,0.97,2224.4
2018-10-03 07:00:00,10.12,62.0,8.36,2136.1
2018-10-03 08:00:00,12.79,63.1,14.72,2158.9
2018-10-03 09:00:00,10.69,54.3,6.31,2168.7
2018-10-03 10:00:00,7.05,69.2,1.97,2257.5
2018-10-03 11:00:00,11.56,64.4,7.79,2293.0
2018-10-03 12:00:00,14.94,82.1,3.76,2402.2
2018-10-03 13:00:00,15.89,60.3,6.3,2428.5
2018-10-03 14:00:00,20.34,66.5,5.25,2412.5
2018-10-03 15:00:00,17.72,45.8,9.08,2392.4
2018-10-03 16:00:00,16.33,67.1,6.22,2420.1
2018-10-03 17:00:00,15.65,61.3,3.49,2266.7
2018-10-03 18:00:00,17.85,59.9,2.53,2226.9
2018-10-03 19:00:00,12.79,64.0,3.95,2217.1
2018-10-03 20:00:00,12.95,75.3,9.98,2352.7
2018-10-03 21:00:00,9.54,66.4,3.85,2489.6
2018-10-03 22:00:00,14.78,53.9,7.27,2659.2
2018-10-03 23:00:00,11.24,58.1,7.63,2834.0
2018-10-04 00:00:00,7.47,72.6,4.26,2980.1
2018-10-04 01:00:00,8.31,68.9,4.0,3022.4
2018-10-04 02:00:00,9.47,52.2,4.68,2907.3
2018-10-04 03:00:00,7.44,70.2,1.09,2897.7
2018-10-04 04:00:00,6.86,57.9,6.81,2742.9
2018-10-04 05:00:00,6.96,69.9,3.22,2560.6
2018-10-04 06:00:00,10.08,57.5,5.73,2407.0
2018-10-04 07:00:00,9.17,62.4,2.97,2370.6
2018-10-04 08:00:00,9.89,59.7,12.63,2373.8
2018-10-04 09:00:00,8.72,77.2,12.82,2459.2
2018-10-04 10:00:00,13.29,64.6,7.62,2518.0
2018-10-04 11:00:00,13.61,71.2,0.39,2636.1
2018-10-04 12:00:00,14.09,83.9,4.4,2640.0
2018-10-04 13:00:00,16.02,59.6,9.14,2668.9
2018-10-04 14:00:00,17.8,69.8,20.63,2629.2
2018-10-04 15:00:00,17.82,52.2,1.49,2574.3
2018-10-04 16:00:00,17.31,68.2,0.42,2479.6
2018-10-04 17:00:00,14.93,53.6,3.22,2416.4
2018-10-04 18:00:00,13.47,61.1,2.9,2302.1
2018-10-04 19:00:00,11.45,67.1,7.58,2324.4
2018-10-04 20:00:00,11.62,68.3,1.9,2419.9
2018-10-04 21:00:00,12.11,52.1,3.03,2560.5
2018-10-04 22:00:00,9.06,57.8,3.31,2686.8
2018-10-04 23:00:00,10.3,68.6,5.85,2906.9
2018-10-05 00:00:00,6.62,63.8,7.29,3036.2
2018-10-05 01:00:00,4.25,57.4,2.62,3063.7
2018-10-05 02:00:00,10.05,63.4,5.88,2946.1
2018-10-05 03:00:00,6.68,65.7,0.47,2788.4
2018-10-05 04:00:00,5.91,68.7,13.41,2670.1
2018-10-05 05:00:00,5.66,71.7,2.17,2544.5
2018-10-05 06:00:00,10.09,67.7,10.59,2512.6
2018-10-05 07:00:00,13.3,55.2,2.88,2466.3
2018-10-05 08:00:00,9.82,60.9,7.51,2460.9
2018-10-05 09:00:00,11.32,70.4,3.77,2575.8
2018-10-05 10:00:00,15.58,55.2,8.7,2542.8
2018-10-05 11:00:00,9.34,61.4,10.11,2615.8
2018-10-05 12:00:00,19.61,44.3,12.5,2651.5
2018-10-05 13:00:00,21.44,54.6,6.66,2730.5
2018-10-05 14:00:00,8.96,67.6,0.73,2856.5
2018-10-05 15:00:00,15.62,43.7,1.97,2751.9
2018-10-05 16:00:00,13.93,52.3,12.89,2698.6
2018-10-05 17:00:00,14.67,48.9,4.2,2628.1
2018-10-05 18:00:00,13.65,67.4,3.96,2561.2
2018-10-05 19:00:00,15.89,44.0,7.8,2499.5
2018-10-05 20:00:00,12.62,61.3,6.95,2540.2
2018-10-05 21:00:00,9.59,70.1,17.75,2601.1
2018-10-05 22:00:00,10.4,65.2,4.65,2826.1
2018-10-05 23:00:00,11.15,59.6,4.13,2933.5
2018-10-06 00:00:00,5.88,70.1,9.84,2795.5
2018-10-06 01:00:00,4.08,77.0,8.07,2819.8
2018-10-06 02:00:00,12.78,60.9,1.5,2657.3
2018-10-06 03:00:00,6.06,49.2,4.2,2564.2
2018-10-06 04:00:00,7.46,75.2,18.6,2359.6
2018-10-06 05:00:00,7.21,69.4,2.41,2175.1
2018-10-06 06:00:00,10.21,63.6,4.06,2011.3
2018-10-06 07:00:00,14.1,44.9,15.6,2039.0
2018-10-06 08:00:00,12.08,60.0,15.38,2085.6
2018-10-06 09:00:00,7.87,58.7,11.73,2110.7
2018-10-06 10:00:00,9.24,54.9,3.63,2200.4
2018-10-06 11:00:00,12.67,60.8,2.75,2253.0
2018-10-06 12:00:00,13.82,56.7,9.63,2254.3
2018-10-06 13:00:00,10.82,59.6,13.33,2257.4
2018-10-06 14:00:00,17.58,63.9,4.59,2323.5
2018-10-06 15:00:00,12.95,63.7,6.55,2352.0
2018-10-06 16:00:00,19.26,52.6,2.56,2303.8
2018-10-06 17:00:00,19.68,51.3,1.18,2170.8
2018-10-06 18:00:00,13.87,57.3,1.29,2103.8
2018-10-06 19:00:00,14.76,58.2,4.63,2083.8
2018-10-06 20:00:00,9.62,69.0,2.33,2025.4
2018-10-06 21:00:00,13.22,53.1,6.19,2180.8
2018-10-06 22:00:00,9.38,76.2,2.74,2378.4
2018-10-06 23:00:00,6.95,71.1,11.3,2678.5
2018-10-07 00:00:00,7.91,43.8,3.44,2864.1
2018-10-07 01:00:00,6.84,67.2,3.88,2876.8
2018-10-07 02:00:00,6.79,74.9,12.91,2802.7
2018-10-07 03:00:00,9.84,67.2,5.76,2611.0
2018-10-07 04:00:00,5.64,64.2,6.27,2444.4
2018-10-07 05:00:00,12.34,61.6,3.96,2184.7
2018-10-07 06:00:00,5.33,69.2,5.3,2108.9
2018-10-07 07:00:00,13.51,67.4,1.75,2017.2
2018-10-07 08:00:00,7.89,54.4,9.84,2115.7
2018-10-07 09:00:00,11.46,58.0,2.96,2158.3
2018-10-07 10:00:00,11.28,76.1,1.44,2204.0
2018-10-07 11:00:00,12.61,62.2,7.0,2246.7
2018-10-07 12:00:00,16.3,71.2,7.73,2330.4
2018-10-07 13:00:00,18.68,80.9,4.88,2359.9
2018-10-07 14:00:00,18.31,53.4,13.73,2328.7
2018-10-07 15:00:00,14.45,50.9,2.82,2265.9
2018-10-07 16:00:00,15.79,57.2,4.53,2273.8
2018-10-07 17:00:00,12.98,70.4,0.61,2170.3
2018-10-07 18:00:00,11.82,72.5,0.19,2127.6
2018-10-07 19:00:00,10.6,81.7,5.81,2014.5
2018-10-07 20:00:00,11.41,62.6,7.09,2110.7
2018-10-07 21:00:00,12.09,66.2,5.51,2265.1
2018-10-07 22:00:00,5.65,61.8,7.11,2516.1
2018-10-07 23:00:00,9.35,44.5,9.63,2582.8
2018-10-08 00:00:00,12.23,61.9,4.52,2954.9
2018-10-08 01:00:00,10.61,54.3,3.76,2948.8
2018-10-08 02:00:00,5.94,72.4,2.05,2872.8
2018-10-08 03:00:00,3.78,53.9,6.19,2682.1
2018-10-08 04:00:00,8.56,59.2,10.52,2438.0
2018-10-08 05:00:00,2.01,72.5,8.14,2330.8
2018-10-08 06:00:00,11.22,66.0,17.67,2214.8
2018-10-08 07:00:00,8.74,64.6,5.19,2191.8
2018-10-08 08:00:00,14.81,75.1,3.43,2216.5
2018-10-08 09:00:00,6.95,79.0,4.33,2370.2
2018-10-08 10:00:00,14.6,54.8,8.7,2422.0
2018-10-08 11:00:00,13.02,74.5,7.08,2471.0
2018-10-08 12:00:00,13.27,75.5,2.96,2549.9
2018-10-08 13:00:00,11.31,62.0,5.96,2565.9
2018-10-08 14:00:00,16.62,59.1,2.67,2514.0
2018-10-08 15:00:00,16.96,58.0,7.12,2513.8
2018-10-08 16:00:00,19.6,51.2,0.81,2478.1
2018-10-08 17:00:00,17.25,53.8,1.14,2379.5
2018-10-08 18:00:00,12.61,72.5,1.46,2294.5
2018-10-08 19:00:00,10.76,66.9,2.12,2248.3
2018-10-08 20:00:00,8.88,60.5,6.62,2373.5
2018-10-08 21:00:00,14.95,52.6,8.55,2498.1
2018-10-08 22:00:00,8.29,59.3,4.76,2685.3
2018-10-08 23:00:00,12.97,60.3,1.44,2883.5
2018-10-09 00:00:00,9.56,71.7,9.91,3049.7
2018-10-09 01:00:00,8.43,58.4,4.44,3092.5
2018-10-09 02:00:00,6.44,74.1,11.39,3063.0
2018-10-09 03:00:00,8.73,66.6,5.18,2896.7
2018-10-09 04:00:00,7.17,67.4,0.99,2722.2
2018-10-09 05:00:00,6.69,74.9,2.45,2600.3
2018-10-09 06:00:00,9.99,70.8,0.83,2415.8
2018-10-09 07:00:00,8.71,53.8,0.35,2349.6
2018-10-09 08:00:00,8.04,56.9,3.5,2396.8
2018-10-09 09:00:00,12.57,60.1,5.24,2401.9
2018-10-09 10:00:00,11.95,65.3,6.68,2505.6
2018-10-09 11:00:00,14.3,71.5,8.92,2581.5
2018-10-09 12:00:00,12.77,62.3,3.09,2719.3
2018-10-09 13:00:00,11.52,76.4,1.49,2702.5
2018-10-09 14:00:00,19.28,50.9,5.16,2738.3
2018-10-09 15:00:00,18.94,52.5,3.11,2670.5
2018-10-09 16:00:00,17.15,55.8,8.26,2597.9
2018-10-09 17:00:00,13.57,54.6,3.23,2519.0
2018-10-09 18:00:00,13.15,70.8,6.69,2434.8
2018-10-09 19:00:00,16.53,36.6,15.33,2405.6
2018-10-09 20:00:00,11.22,59.0,8.0,2451.7
2018-10-09 21:00:00,9.49,73.6,12.28,2558.4
2018-10-09 22:00:00,14.72,57.7,1.04,2755.3
2018-10-09 23:00:00,8.95,73.4,1.34,2966.4
2018-10-10 00:00:00,12.47,79.6,5.4,3052.1
2018-10-10 01:00:00,3.92,69.5,7.95,3095.2
2018-10-10 02:00:00,8.31,74.7,6.55,2981.3
2018-10-10 03:00:00,12.06,81.7,2.31,2817.5
2018-10-10 04:00:00,7.09,69.5,7.54,2601.2
2018-10-10 05:00:00,6.76,66.2,5.72,2466.3
2018-10-10 06:00:00,5.13,75.1,3.21,2357.1
2018-10-10 07:00:00,11.59,72.2,11.74,2207.9
2018-10-10 08:00:00,7.92,65.4,7.91,2285.3
2018-10-10 09:00:00,10.64,59.6,10.59,2285.7
2018-10-10 10:00:00,8.83,78.7,5.42,2438.0
2018-10-10 11:00:00,16.77,56.4,7.19,2536.3
2018-10-10 12:00:00,16.6,68.3,6.48,2608.6
2018-10-10 13:00:00,14.26,62.7,0.9,2704.4
2018-10-10 14:00:00,11.86,77.1,4.83,2742.0
2018-10-10 15:00:00,18.72,50.2,6.2,2658.6
2018-10-10 16:00:00,13.83,54.1,9.36,2617.3
2018-10-10 17:00:00,11.58,69.6,2.33,2479.8
2018-10-10 18:00:00,9.3,55.5,5.1,2430.2
2018-10-10 19:00:00,11.26,63.9,11.26,2359.4
2018-10-10 20:00:00,8.28,77.8,3.95,2363.2
2018-10-10 21:00:00,9.32,50.3,1.11,2497.6
2018-10-10 22:00:00,11.71,65.9,7.85,2649.4
2018-10-10 23:00:00,7.94,75.3,5.43,2894.1
2018-10-11 00:00:00,8.75,64.8,0.81,3060.8
2018-10-11 01:00:00,5.41,60.3,4.25,3040.0
2018-10-11 02:00:00,6.99,64.3,4.95,2950.0
2018-10-11 03:00:00,11.49,56.1,3.97,2797.9
2018-10-11 04:00:00,5.95,67.8,5.21,2665.8
2018-10-11 05:00:00,8.18,63.2,5.63,2494.7
2018-10-11 06:00:00,3.94,64.7,5.92,2448.9
2018-10-11 07:00:00,12.49,65.7,4.47,2289.1
2018-10-11 08:00:00,8.46,77.9,8.42,2397.8
2018-10-11 09:00:00,13.31,64.0,8.2,2461.4
2018-10-11 10:00:00,11.41,73.6,2.93,2498.9
2018-10-11 11:00:00,14.22,73.3,13.06,2537.4
2018-10-11 12:00:00,15.19,55.2,2.72,2635.1
2018-10-11 13:00:00,13.02,63.8,5.91,2682.5
2018-10-11 14:00:00,17.28,54.8,6.26,2700.1
2018-10-11 15:00:00,12.79,49.9,1.68,2681.6
2018-10-11 16:00:00,16.49,61.7,1.32,2606.3
2018-10-11 17:00:00,13.17,53.0,3.16,2423.3
2018-10-11 18:00:00,14.39,64.4,7.61,2322.8
2018-10-11 19:00:00,11.53,50.3,0.28,2314.0
2018-10-11 20:00:00,11.85,63.9,3.64,2384.4
2018-10-11 21:00:00,8.0,53.0,1.57,2508.2
2018-10-11 22:00:00,10.27,69.2,9.11,2665.8
2018-10-11 23:00:00,8.8,61.8,3.55,2903.5
2018-10-12 00:00:00,6.32,63.0,6.34,3105.2
2018-10-12 01:00:00,6.89,75.5,4.56,3125.3
2018-10-12 02:00:00,6.97,63.9,8.3,3071.7
2018-10-12 03:00:00,4.95,68.9,3.4,2940.6
2018-10-12 04:00:00,6.31,65.4,2.77,2764.6
2018-10-12 05:00:00,4.52,72.4,1.54,2612.9
2018-10-12 06:00:00,13.53,69.5,5.7,2423.5
2018-10-12 07:00:00,11.14,69.8,7.64,2457.9
2018-10-12 08:00:00,10.14,60.2,1.95,2534.7
2018-10-12 09:00:00,13.42,70.9,4.39,2566.3
2018-10-12 10:00:00,6.58,59.4,12.91,2664.9
2018-10-12 11:00:00,6.1,61.2,3.67,2726.0
2018-10-12 12:00:00,12.32,61.1,1.77,2730.5
2018-10-12 13:00:00,10.51,72.0,3.55,2757.7
2018-10-12 14:00:00,13.77,51.6,3.39,2797.3
2018-10-12 15:00:00,15.01,67.1,8.13,2700.0
2018-10-12 16:00:00,16.66,58.2,5.25,2589.2
2018-10-12 17:00:00,11.11,59.6,0.81,2522.2
2018-10-12 18:00:00,14.32,69.3,9.71,2431.5
2018-10-12 19:00:00,12.53,55.6,2.36,2436.6
2018-10-12 20:00:00,12.4,80.4,1.64,2468.0
2018-10-12 21:00:00,9.19,63.2,4.55,2602.9
2018-10-12 22:00:00,12.92,62.9,2.77,2752.0
2018-10-12 23:00:00,8.24,77.8,8.65,2992.4
2018-10-13 00:00:00,11.91,63.9,5.5,2870.1
2018-10-13 01:00:00,4.86,77.6,3.57,2883.7
2018-10-13 02:00:00,8.3,49.7,2.38,2790.0
2018-10-13 03:00:00,6.15,63.5,13.3,2692.6
2018-10-13 04:00:00,5.62,70.7,11.11,2506.2
2018-10-13 05:00:00,8.42,73.9,4.42,2341.6
2018-10-13 06:00:00,6.73,72.8,0.72,2300.0
2018-10-13 07:00:00,1.65,76.1,3.53,2295.6
2018-10-13 08:00:00,1.61,79.2,7.99,2316.4
2018-10-13 09:00:00,13.48,65.0,2.06,2254.3
2018-10-13 10:00:00,14.41,43.3,14.04,2336.1
2018-10-13 11:00:00,17.02,69.9,12.78,2357.2
2018-10-13 12:00:00,13.09,54.8,2.86,2439.9
2018-10-13 13:00:00,10.54,66.1,2.26,2533.5
2018-10-13 14:00:00,13.12,63.0,8.94,2489.7
2018-10-13 15:00:00,14.33,60.9,6.73,2500.2
2018-10-13 16:00:00,11.65,53.8,3.79,2408.5
2018-10-13 17:00:00,17.89,42.2,9.41,2271.6
2018-10-13 18:00:00,18.73,49.0,1.5,2168.8
2018-10-13 19:00:00,13.5,67.8,4.21,2129.1
2018-10-13 20:00:00,11.31,51.4,11.21,2152.7
2018-10-13 21:00:00,7.07,59.3,7.62,2352.3
2018-10-13 22:00:00,13.13,64.8,8.88,2482.9
2018-10-13 23:00:00,8.49,57.0,22.33,2684.5
2018-10-14 00:00:00,6.56,62.4,6.19,2909.6
2018-10-14 01:00:00,7.85,66.4,6.3,2898.7
2018-10-14 02:00:00,4.79,70.4,1.61,2821.1
2018-10-14 03:00:00,6.48,58.4,3.52,2631.6
2018-10-14 04:00:00,2.64,71.0,7.31,2535.0
2018-10-14 05:00:00,9.37,67.7,7.0,2301.8
2018-10-14 06:00:00,7.02,56.2,9.22,2231.6
2018-10-14 07:00:00,11.01,64.9,4.99,2134.4
2018-10-14 08:00:00,8.58,59.4,4.92,2156.9
2018-10-14 09:00:00,9.77,65.2,4.24,2239.6
2018-10-14 10:00:00,8.12,71.3,0.8,2262.3
2018-10-14 11:00:00,14.01,59.4,1.71,2246.5
2018-10-14 12:00:00,10.75,70.7,4.12,2300.6
2018-10-14 13:00:00,12.36,68.4,10.22,2338.9
2018-10-14 14:00:00,13.98,68.1,5.18,2349.9
2018-10-14 15:00:00,14.42,63.7,4.33,2319.2
2018-10-14 16:00:00,9.71,73.0,4.61,2259.6
2018-10-14 17:00:00,13.0,64.7,3.97,2151.9
2018-10-14 18:00:00,14.93,46.7,3.92,2130.0
2018-10-14 19:00:00,11.17,56.7,2.54,2127.7
2018-10-14 20:00:00,10.59,61.8,5.66,2162.4
2018-10-14 21:00:00,10.52,62.9,10.3,2321.9
2018-10-14 22:00:00,8.76,67.9,4.89,2401.7
2018-10-14 23:00:00,5.54,61.1,6.08,2635.1
2018-10-15 00:00:00,7.01,82.5,5.19,3037.5
2018-10-15 01:00:00,8.95,64.0,7.0,3021.7
2018-10-15 02:00:00,3.43,69.2,4.2,3026.6
2018-10-15 03:00:00,4.99,62.6,0.75,2836.8
2018-10-15 04:00:00,2.61,61.9,2.31,2703.3
2018-10-15 05:00:00,8.82,63.9,4.43,2439.0
2018-10-15 06:00:00,6.87,66.7,14.71,2408.2
2018-10-15 07:00:00,5.8,66.7,2.51,2390.8
2018-10-15 08:00:00,9.12,77.9,3.06,2392.5
2018-10-15 09:00:00,6.92,65.5,2.92,2469.3
2018-10-15 10:00:00,8.38,64.6,0.94,2570.2
2018-10-15 11:00:00,8.28,71.9,4.51,2646.7
2018-10-15 12:00:00,10.09,62.6,0.62,2721.7
2018-10-15 13:00:00,16.78,62.9,5.73,2729.1
2018-10-15 14:00:00,11.96,52.2,7.11,2753.0
2018-10-15 15:00:00,15.09,49.8,0.52,2772.5
2018-10-15 16:00:00,11.7,63.6,22.32,2744.3
2018-10-15 17:00:00,15.29,57.9,1.22,2518.6
2018-10-15 18:00:00,10.19,57.4,1.94,2431.9
2018-10-15 19:00:00,12.02,63.4,17.43,2330.5
2018-10-15 20:00:00,11.09,64.8,1.12,2362.2
2018-10-15 21:00:00,15.75,53.7,5.0,2471.6
2018-10-15 22:00:00,10.47,59.5,6.31,2682.3
2018-10-15 23:00:00,6.44,68.6,3.71,2894.2
2018-10-16 00:00:00,8.62,56.9,3.71,2973.4
2018-10-16 01:00:00,11.62,57.9,6.24,3015.0
2018-10-16 02:00:00,1.8,74.8,10.79,2984.0
2018-10-16 03:00:00,3.63,68.9,5.0,2795.3
2018-10-16 04:00:00,5.28,64.0,15.4,2601.7
2018-10-16 05:00:00,5.23,60.6,1.13,2456.0
2018-10-16 06:00:00,6.08,59.0,15.09,2371.6
2018-10-16 07:00:00,4.48,67.4,3.4,2374.3
2018-10-16 08:00:00,12.21,78.4,14.98,2324.9
2018-10-16 09:00:00,6.18,71.6,7.43,2439.5
2018-10-16 10:00:00,10.28,53.1,2.02,2482.7
2018-10-16 11:00:00,14.35,66.2,5.77,2559.5
2018-10-16 12:00:00,12.49,55.9,0.72,2563.3
2018-10-16 13:00:00,10.76,63.4,2.62,2634.4
2018-10-16 14:00:00,10.23,59.1,3.73,2673.3
2018-10-16 15:00:00,13.17,77.6,4.54,2671.6
2018-10-16 16:00:00,11.71,53.6,11.03,2599.4
2018-10-16 17:00:00,13.72,63.5,3.02,2540.0
2018-10-16 18:00:00,9.07,59.3,2.28,2471.6
2018-10-16 19:00:00,13.77,66.9,2.16,2398.2
2018-10-16 20:00:00,11.06,65.5,5.51,2432.1
2018-10-16 21:00:00,10.21,73.9,8.26,2529.3
2018-10-16 22:00:00,12.31,67.9,2.72,2667.0
2018-10-16 23:00:00,6.65,61.1,5.54,2911.9
2018-10-17 00:00:00,4.91,91.4,3.18,3046.0
2018-10-17 01:00:00,4.72,72.7,0.86,3103.5
2018-10-17 02:00:00,5.21,63.4,14.03,3095.6
2018-10-17 03:00:00,5.33,69.4,14.38,2974.2
2018-10-17 04:00:00,3.62,74.2,5.43,2760.8
2018-10-17 05:00:00,1.03,75.9,1.04,2603.8
2018-10-17 06:00:00,5.32,71.7,1.34,2484.1
2018-10-17 07:00:00,8.46,73.0,5.17,2432.2
2018-10-17 08:00:00,8.86,71.9,5.04,2496.4
2018-10-17 09:00:00,12.55,55.2,0.74,2512.7
2018-10-17 10:00:00,15.48,76.5,2.94,2522.9
2018-10-17 11:00:00,13.45,77.0,4.25,2555.7
2018-10-17 12:00:00,15.84,65.7,11.25,2668.7
2018-10-17 13:00:00,14.94,60.4,6.57,2712.0
2018-10-17 14:00:00,17.69,58.3,3.15,2749.1
2018-10-17 15:00:00,18.18,54.9,11.92,2692.6
2018-10-17 16:00:00,15.8,57.8,13.56,2582.4
2018-10-17 17:00:00,14.79,42.7,8.06,2509.6
2018-10-17 18:00:00,11.87,74.7,1.02,2364.6
2018-10-17 19:00:00,11.45,72.3,3.88,2351.8
2018-10-17 20:00:00,9.75,50.8,2.97,2463.2
2018-10-17 21:00:00,11.11,70.2,2.61,2486.8
2018-10-17 22:00:00,6.72,66.6,12.26,2666.3
2018-10-17 23:00:00,7.08,64.7,13.15,2851.0
2018-10-18 00:00:00,0.66,75.4,3.09,3032.6
2018-10-18 01:00:00,10.22,49.9,3.68,2971.2
2018-10-18 02:00:00,4.96,67.9,1.29,3045.2
2018-10-18 03:00:00,6.51,67.4,11.29,2850.1
2018-10-18 04:00:00,9.15,65.3,9.43,2640.8
2018-10-18 05:00:00,6.66,55.7,2.42,2476.3
2018-10-18 06:00:00,10.15,67.5,2.69,2298.4
2018-10-18 07:00:00,4.27,77.1,6.26,2357.4
2018-10-18 08:00:00,14.33,63.8,6.17,2268.5
2018-10-18 09:00:00,12.09,60.5,4.62,2291.7
2018-10-18 10:00:00,10.93,84.8,8.91,2387.9
2018-10-18 11:00:00,14.94,52.7,6.96,2501.9
2018-10-18 12:00:00,9.28,70.8,5.6,2548.2
2018-10-18 13:00:00,12.11,64.3,2.97,2567.9
2018-10-18 14:00:00,16.85,74.6,7.11,2528.2
2018-10-18 15:00:00,8.7,68.1,5.58,2552.0
2018-10-18 16:00:00,14.64,65.1,3.18,2482.9
2018-10-18 17:00:00,14.17,64.7,3.41,2399.4
2018-10-18 18:00:00,17.12,49.8,2.42,2271.9
2018-10-18 19:00:00,7.42,59.1,5.2,2312.1
2018-10-18 20:00:00,14.43,58.2,8.12,2320.3
2018-10-18 21:00:00,7.97,73.3,1.65,2514.0
2018-10-18 22:00:00,7.22,68.1,3.28,2678.9
2018-10-18 23:00:00,4.32,66.9,8.46,2907.8
2018-10-19 00:00:00,3.64,80.1,3.75,3016.4
2018-10-19 01:00:00,6.74,50.8,4.72,3059.4
2018-10-19 02:00:00,2.55,59.6,2.05,2980.0
2018-10-19 03:00:00,7.04,46.4,1.88,2807.5
2018-10-19 04:00:00,3.67,78.7,3.17,2623.9
2018-10-19 05:00:00,2.69,69.1,3.96,2477.8
2018-10-19 06:00:00,5.04,75.7,6.11,2397.9
2018-10-19 07:00:00,8.03,64.7,12.21,2299.4
2018-10-19 08:00:00,7.46,74.2,1.86,2360.8
2018-10-19 09:00:00,9.28,63.6,1.12,2438.7
2018-10-19 10:00:00,11.97,65.7,1.0,2425.5
2018-10-19 11:00:00,13.9,63.0,5.13,2530.2
2018-10-19 12:00:00,11.24,65.7,6.16,2645.6
2018-10-19 13:00:00,10.04,77.4,2.59,2657.2
2018-10-19 14:00:00,13.24,48.4,4.87,2635.9
2018-10-19 15:00:00,14.37,60.0,9.03,2545.9
2018-10-19 16:00:00,9.4,66.1,3.71,2455.5
2018-10-19 17:00:00,10.43,64.0,3.46,2412.3
2018-10-19 18:00:00,10.22,60.6,1.58,2319.3
2018-10-19 19:00:00,10.67,59.2,5.91,2314.9
2018-10-19 20:00:00,8.32,77.6,2.39,2357.2
2018-10-19 21:00:00,10.96,62.7,7.0,2471.6
2018-10-19 22:00:00,4.14,88.2,3.63,2767.7
2018-10-19 23:00:00,3.24,73.6,3.95,3009.4
2018-10-20 00:00:00,5.35,65.4,0.77,2863.7
2018-10-20 01:00:00,5.11,72.3,9.22,2876.9
2018-10-20 02:00:00,1.51,71.7,7.85,2801.4
2018-10-20 03:00:00,3.49,79.9,2.33,2665.6
2018-10-20 04:00:00,4.14,59.3,7.08,2475.8
2018-10-20 05:00:00,4.56,53.9,1.81,2369.4
2018-10-20 06:00:00,6.56,69.6,7.17,2176.8
2018-10-20 07:00:00,5.36,74.4,6.23,2142.8
2018-10-20 08:00:00,11.67,65.0,11.63,2118.2
2018-10-20 09:00:00,10.23,69.2,6.11,2200.4
2018-10-20 10:00:00,8.03,69.8,2.16,2240.4
2018-10-20 11:00:00,11.25,51.2,4.9,2294.9
2018-10-20 12:00:00,12.15,64.5,3.57,2402.8
2018-10-20 13:00:00,15.51,70.1,11.18,2456.6
2018-10-20 14:00:00,11.37,64.3,1.2,2476.4
2018-10-20 15:00:00,14.93,49.6,4.75,2406.2
2018-10-20 16:00:00,12.98,58.9,2.08,2323.8
2018-10-20 17:00:00,16.2,63.5,13.14,2186.9
2018-10-20 18:00:00,15.07,74.3,5.13,2148.2
2018-10-20 19:00:00,11.5,47.1,6.53,2129.7
2018-10-20 20:00:00,9.39,67.4,3.6,2182.5
2018-10-20 21:00:00,10.28,56.3,7.26,2307.0
2018-10-20 22:00:00,7.52,70.0,2.17,2556.0
2018-10-20 23:00:00,11.21,67.7,2.29,2780.8
2018-10-21 00:00:00,6.2,65.2,11.09,2928.7
2018-10-21 01:00:00,4.35,73.6,19.36,2959.3
2018-10-21 02:00:00,3.82,78.1,0.86,2890.2
2018-10-21 03:00:00,1.8,69.2,2.83,2804.5
2018-10-21 04:00:00,6.36,56.2,8.96,2593.9
2018-10-21 05:00:00,3.32,80.7,6.22,2466.0
2018-10-21 06:00:00,8.75,71.6,2.42,2325.5
2018-10-21 07:00:00,3.6,73.6,3.44,2340.1
2018-10-21 08:00:00,8.12,60.0,2.59,2240.6
2018-10-21 09:00:00,11.71,70.5,6.86,2311.5
2018-10-21 10:00:00,4.49,84.7,2.41,2391.0
2018-10-21 11:00:00,15.88,58.3,3.49,2395.6
2018-10-21 12:00:00,10.6,64.3,7.74,2419.2
2018-10-21 13:00:00,12.65,53.4,5.55,2448.2
2018-10-21 14:00:00,14.13,54.9,9.77,2466.3
2018-10-21 15:00:00,14.65,51.7,2.35,2485.2
2018-10-21 16:00:00,13.38,62.3,3.38,2383.6
2018-10-21 17:00:00,14.79,57.4,2.12,2338.0
2018-10-21 18:00:00,12.96,64.6,2.99,2172.9
2018-10-21 19:00:00,15.24,52.7,1.36,2085.2
2018-10-21 20:00:00,11.17,61.7,0.37,2100.4
2018-10-21 21:00:00,13.74,53.4,1.17,2266.7
2018-10-21 22:00:00,10.05,65.5,7.98,2411.9
2018-10-21 23:00:00,2.32,57.1,1.27,2626.3
2018-10-22 00:00:00,12.36,63.3,6.03,3013.5
2018-10-22 01:00:00,3.76,66.8,3.12,3099.3
2018-10-22 02:00:00,8.53,66.6,3.57,3038.9
2018-10-22 03:00:00,4.72,55.0,1.41,2963.1
2018-10-22 04:00:00,7.45,71.3,2.68,2782.2
2018-10-22 05:00:00,3.47,66.8,5.19,2706.4
2018-10-22 06:00:00,7.39,67.8,1.29,2541.2
2018-10-22 07:00:00,6.02,52.2,2.53,2463.1
2018-10-22 08:00:00,11.57,52.8,4.6,2461.8
2018-10-22 09:00:00,9.75,61.1,6.14,2499.4
2018-10-22 10:00:00,12.03,73.4,3.67,2587.6
2018-10-22 11:00:00,5.25,72.0,13.43,2734.8
2018-10-22 12:00:00,11.27,64.0,4.45,2704.2
2018-10-22 13:00:00,13.15,54.1,7.11,2715.6
2018-10-22 14:00:00,13.08,52.7,5.22,2718.6
2018-10-22 15:00:00,15.06,62.2,3.18,2734.4
2018-10-22 16:00:00,11.61,68.3,0.68,2619.2
2018-10-22 17:00:00,12.24,63.9,7.76,2591.3
2018-10-22 18:00:00,14.44,74.1,7.7,2424.7
2018-10-22 19:00:00,4.96,62.6,13.09,2502.0
2018-10-22 20:00:00,11.17,64.5,3.21,2493.6
2018-10-22 21:00:00,7.82,52.2,16.49,2651.7
2018-10-22 22:00:00,5.34,69.4,7.4,2865.7
2018-10-22 23:00:00,7.5,77.8,9.83,2916.2
2018-10-23 00:00:00,8.72,56.7,1.51,3021.8
2018-10-23 01:00:00,7.62,72.6,4.77,3057.1
2018-10-23 02:00:00,4.28,80.1,11.74,3068.1
2018-10-23 03:00:00,6.67,61.1,1.48,2888.5
2018-10-23 04:00:00,6.79,70.3,0.11,2767.4
2018-10-23 05:00:00,4.8,80.8,3.0,2698.3
2018-10-23 06:00:00,3.92,70.7,13.54,2615.4
2018-10-23 07:00:00,4.89,74.4,10.52,2562.7
2018-10-23 08:00:00,9.54,50.2,4.4,2480.6
2018-10-23 09:00:00,8.38,70.1,2.57,2565.9
2018-10-23 10:00:00,6.9,70.6,6.6,2628.0
2018-10-23 11:00:00,6.27,56.4,10.54,2753.8
2018-10-23 12:00:00,13.39,53.6,7.4,2704.2
2018-10-23 13:00:00,10.58,68.4,11.6,2713.8
2018-10-23 14:00:00,13.17,59.0,11.64,2759.5
2018-10-23 15:00:00,15.58,68.4,6.17,2788.9
2018-10-23 16:00:00,9.07,67.2,7.68,2736.8
2018-10-23 17:00:00,11.83,63.0,5.21,2663.0
2018-10-23 18:00:00,10.88,61.9,0.78,2560.7
2018-10-23 19:00:00,11.43,65.2,5.34,2572.6
2018-10-23 20:00:00,12.62,68.3,1.51,2599.0
2018-10-23 21:00:00,5.16,72.1,1.31,2769.6
2018-10-23 22:00:00,8.87,61.5,8.96,2896.1
2018-10-23 23:00:00,9.06,74.7,2.85,3041.4
2018-10-24 00:00:00,5.02,73.2,3.78,3209.9
2018-10-24 01:00:00,4.5,71.5,1.94,3235.6
2018-10-24 02:00:00,5.49,68.3,2.25,3154.0
2018-10-24 03:00:00,5.17,71.9,4.24,2903.5
2018-10-24 04:00:00,5.9,52.6,5.62,2687.6
2018-10-24 05:00:00,6.25,68.9,4.05,2517.8
2018-10-24 06:00:00,3.03,82.7,6.47,2403.1
2018-10-24 07:00:00,8.79,66.7,8.01,2293.6
2018-10-24 08:00:00,10.19,64.5,0.97,2352.5
2018-10-24 09:00:00,8.78,60.2,6.75,2446.7
2018-10-24 10:00:00,5.61,71.5,5.34,2597.1
2018-10-24 11:00:00,10.02,62.4,5.26,2662.0
2018-10-24 12:00:00,11.62,73.2,1.62,2758.1
2018-10-24 13:00:00,8.91,58.0,3.32,2801.2
2018-10-24 14:00:00,11.27,59.4,7.14,2843.3
2018-10-24 15:00:00,8.79,60.2,1.4,2782.6
2018-10-24 16:00:00,13.69,75.7,18.61,2736.7
2018-10-24 17:00:00,12.19,60.7,8.98,2656.9
2018-10-24 18:00:00,7.02,62.0,2.07,2605.6
2018-10-24 19:00:00,11.19,46.3,3.54,2518.0
2018-10-24 20:00:00,9.2,57.3,1.23,2524.7
2018-10-24 21:00:00,9.6,68.5,9.22,2635.5
2018-10-24 22:00:00,6.3,71.2,4.09,2777.1
2018-10-24 23:00:00,4.31,63.3,5.48,3018.5
2018-10-25 00:00:00,3.38,64.5,4.66,3130.4
2018-10-25 01:00:00,3.33,84.2,7.49,3139.3
2018-10-25 02:00:00,4.32,90.1,2.02,2982.9
2018-10-25 03:00:00,4.51,77.6,21.95,2802.5
2018-10-25 04:00:00,3.8,81.4,7.49,2756.8
2018-10-25 05:00:00,3.62,83.3,8.18,2580.2
2018-10-25 06:00:00,4.43,86.2,5.81,2520.2
2018-10-25 07:00:00,12.41,59.7,1.98,2378.5
2018-10-25 08:00:00,5.18,60.8,3.57,2400.4
2018-10-25 09:00:00,6.75,81.3,3.19,2452.3
2018-10-25 10:00:00,17.41,50.4,10.35,2503.2
2018-10-25 11:00:00,11.19,54.8,2.2,2558.1
2018-10-25 12:00:00,7.52,57.9,4.88,2653.8
2018-10-25 13:00:00,13.71,60.0,1.47,2646.9
2018-10-25 14:00:00,9.73,48.3,7.36,2717.7
2018-10-25 15:00:00,14.41,49.0,2.64,2763.7
2018-10-25 16:00:00,11.48,57.8,7.89,2719.9
2018-10-25 17:00:00,10.5,54.0,9.61,2551.6
2018-10-25 18:00:00,14.99,68.5,15.81,2477.2
2018-10-25 19:00:00,11.56,62.8,4.18,2410.7
2018-10-25 20:00:00,11.61,67.3,5.76,2428.6
2018-10-25 21:00:00,9.23,68.4,4.61,2591.9
2018-10-25 22:00:00,5.99,65.6,3.49,2804.2
2018-10-25 23:00:00,7.67,73.8,8.8,2967.5
2018-10-26 00:00:00,8.17,69.1,3.33,3088.1
2018-10-26 01:00:00,4.84,65.6,7.55,3108.8
2018-10-26 02:00:00,8.61,51.6,0.25,2958.5
2018-10-26 03:00:00,6.1,71.3,2.63,2832.3
2018-10-26 04:00:00,4.64,58.2,8.97,2673.9
2018-10-26 05:00:00,5.14,70.9,4.81,2543.3
2018-10-26 06:00:00,5.49,68.2,9.88,2485.2
2018-10-26 07:00:00,2.84,58.8,4.91,2473.3
2018-10-26 08:00:00,6.71,68.7,8.5,2465.7
2018-10-26 09:00:00,8.52,66.7,2.58,2541.0
2018-10-26 10:00:00,7.97,67.2,7.64,2601.8
2018-10-26 11:00:00,10.82,64.5,6.67,2666.4
2018-10-26 12:00:00,10.85,58.1,4.42,2730.4
2018-10-26 13:00:00,13.37,66.0,8.6,2751.8
2018-10-26 14:00:00,13.49,55.7,9.55,2705.3
2018-10-26 15:00:00,12.39,53.5,8.05,2637.5
2018-10-26 16:00:00,8.42,70.7,8.82,2628.7
2018-10-26 17:00:00,15.91,66.8,6.69,2451.1
2018-10-26 18:00:00,10.45,68.5,1.79,2445.4
2018-10-26 19:00:00,9.77,62.5,5.27,2382.7
2018-10-26 20:00:00,8.15,50.0,4.47,2374.3
2018-10-26 21:00:00,6.75,78.5,6.2,2505.3
2018-10-26 22:00:00,10.8,47.7,9.65,2575.5
2018-10-26 23:00:00,9.44,69.1,8.24,2717.2
2018-10-27 00:00:00,6.09,84.0,7.92,2663.7
2018-10-27 01:00:00,4.07,69.9,0.47,2674.6
2018-10-27 02:00:00,5.49,69.9,4.56,2557.2
2018-10-27 03:00:00,3.99,71.8,3.49,2462.4
2018-10-27 04:00:00,3.47,70.8,7.23,2327.1
2018-10-27 05:00:00,5.19,86.7,11.27,2204.6
2018-10-27 06:00:00,3.87,62.2,5.93,2150.7
2018-10-27 07:00:00,6.44,59.1,1.43,2107.4
2018-10-27 08:00:00,7.28,63.6,4.9,2158.5
2018-10-27 09:00:00,9.31,78.5,0.08,2239.5
2018-10-27 10:00:00,7.29,61.6,8.99,2334.8
2018-10-27 11:00:00,11.58,66.2,3.4,2399.9
2018-10-27 12:00:00,8.37,73.9,10.32,2370.1
2018-10-27 13:00:00,9.84,70.4,10.54,2391.7
2018-10-27 14:00:00,10.35,71.9,12.03,2469.3
2018-10-27 15:00:00,9.13,76.0,3.35,2424.3
2018-10-27 16:00:00,14.21,63.1,17.15,2365.9
2018-10-27 17:00:00,8.85,61.3,10.29,2289.8
2018-10-27 18:00:00,8.89,66.1,3.57,2176.6
2018-10-27 19:00:00,12.94,58.9,11.13,2150.8
2018-10-27 20:00:00,7.41,86.2,3.44,2202.1
2018-10-27 21:00:00,7.34,61.9,6.34,2312.0
2018-10-27 22:00:00,4.24,72.5,7.67,2507.0
2018-10-27 23:00:00,7.89,53.7,7.29,2622.2
2018-10-28 00:00:00,6.93,67.5,2.71,2730.5
2018-10-28 01:00:00,6.02,64.9,11.77,2762.7
2018-10-28 02:00:00,5.12,73.3,9.3,2716.3
2018-10-28 03:00:00,3.83,74.6,14.16,2579.5
2018-10-28 04:00:00,2.47,81.4,11.6,2415.2
2018-10-28 05:00:00,2.14,81.0,10.19,2384.8
2018-10-28 06:00:00,8.04,65.0,10.28,2256.8
2018-10-28 07:00:00,7.55,58.4,7.65,2158.7
2018-10-28 08:00:00,4.87,61.5,4.66,2223.7
2018-10-28 09:00:00,7.74,68.2,7.9,2266.3
2018-10-28 10:00:00,7.93,66.9,2.51,2476.4
2018-10-28 11:00:00,6.82,68.6,11.07,2551.5
2018-10-28 12:00:00,10.91,59.0,20.47,2645.3
2018-10-28 13:00:00,10.07,75.4,8.12,2640.2
2018-10-28 14:00:00,9.12,52.9,3.79,2602.9
2018-10-28 15:00:00,7.94,60.9,2.28,2519.2
2018-10-28 16:00:00,7.6,57.3,4.53,2476.6
2018-10-28 17:00:00,10.18,62.2,10.35,2306.8
2018-10-28 18:00:00,10.26,73.8,7.31,2189.8
2018-10-28 19:00:00,7.45,63.7,6.36,2200.2
2018-10-28 20:00:00,10.3,64.6,4.91,2202.7
2018-10-28 21:00:00,7.48,71.3,6.95,2359.7
2018-10-28 22:00:00,8.05,62.9,1.38,2481.3
2018-10-28 23:00:00,5.18,70.9,4.06,2600.0
2018-10-29 00:00:00,2.68,71.9,3.87,3073.5
2018-10-29 01:00:00,4.3,59.5,4.01,3139.6
2018-10-29 02:00:00,0.46,67.9,9.18,3094.5
2018-10-29 03:00:00,4.83,71.0,1.25,2909.0
2018-10-29 04:00:00,1.27,81.2,4.01,2734.3
2018-10-29 05:00:00,6.31,77.2,5.61,2529.4
2018-10-29 06:00:00,3.8,85.7,4.84,2563.8
2018-10-29 07:00:00,8.14,69.4,4.98,2553.9
2018-10-29 08:00:00,3.64,65.8,1.18,2616.4
2018-10-29 09:00:00,5.78,66.9,6.83,2559.7
2018-10-29 10:00:00,9.47,63.5,1.58,2612.7
2018-10-29 11:00:00,12.41,58.8,2.18,2662.8
2018-10-29 12:00:00,14.47,63.5,9.12,2704.4
2018-10-29 13:00:00,11.05,66.6,5.58,2744.5
2018-10-29 14:00:00,15.94,49.9,3.42,2829.3
2018-10-29 15:00:00,10.76,72.1,17.3,2789.0
2018-10-29 16:00:00,14.09,46.0,4.08,2742.2
2018-10-29 17:00:00,8.59,63.3,2.12,2659.2
2018-10-29 18:00:00,11.36,72.1,0.9,2557.4
2018-10-29 19:00:00,3.63,74.0,10.29,2595.4
2018-10-29 20:00:00,5.71,64.6,8.6,2583.7
2018-10-29 21:00:00,8.65,80.8,5.27,2613.4
2018-10-29 22:00:00,3.16,65.9,2.85,2908.3
2018-10-29 23:00:00,6.55,50.7,7.61,2980.6
2018-10-30 00:00:00,6.76,70.2,8.32,3116.4
2018-10-30 01:00:00,2.6,55.7,0.26,3254.8
2018-10-30 02:00:00,1.03,64.5,2.08,3196.9
2018-10-30 03:00:00,2.13,75.3,9.22,3048.6
2018-10-30 04:00:00,1.04,67.5,1.59,2895.0
2018-10-30 05:00:00,3.6,73.8,3.93,2749.1
2018-10-30 06:00:00,4.75,58.9,4.92,2676.5
2018-10-30 07:00:00,4.55,75.2,2.72,2565.4
2018-10-30 08:00:00,10.47,50.1,5.75,2574.3
2018-10-30 09:00:00,5.52,78.1,2.74,2655.2
2018-10-30 10:00:00,11.83,58.7,2.1,2635.9
2018-10-30 11:00:00,6.72,78.9,1.49,2688.2
2018-10-30 12:00:00,10.33,57.0,1.47,2725.8
2018-10-30 13:00:00,13.74,76.4,10.2,2741.4
2018-10-30 14:00:00,14.01,53.1,7.98,2753.3
2018-10-30 15:00:00,10.27,49.4,5.52,2719.2
2018-10-30 16:00:00,12.57,62.3,4.85,2655.4
2018-10-30 17:00:00,11.84,72.4,17.12,2586.8
2018-10-30 18:00:00,8.8,71.3,9.36,2551.9
2018-10-30 19:00:00,10.86,72.6,12.22,2537.1
2018-10-30 20:00:00,13.01,68.1,5.1,2623.5
2018-10-30 21:00:00,8.5,58.6,2.65,2729.7
2018-10-30 22:00:00,7.7,72.0,2.01,2868.0
2018-10-30 23:00:00,7.0,67.1,2.31,3038.6
2018-10-31 00:00:00,0.68,65.8,2.95,3199.7
2018-10-31 01:00:00,4.85,69.6,4.95,3127.0
2018-10-31 02:00:00,0.76,70.9,5.61,3086.6
2018-10-31 03:00:00,1.69,82.0,3.95,2961.0
2018-10-31 04:00:00,8.7,60.9,3.53,2765.0
2018-10-31 05:00:00,3.06,65.1,1.68,2659.4
2018-10-31 06:00:00,2.48,64.4,17.5,2607.7
2018-10-31 07:00:00,8.04,80.7,1.3,2511.0
2018-10-31 08:00:00,3.76,63.9,14.13,2472.9
2018-10-31 09:00:00,6.04,77.5,4.01,2459.4
2018-10-31 10:00:00,11.32,54.7,3.87,2521.2
2018-10-31 11:00:00,9.27,68.6,2.75,2536.5
2018-10-31 12:00:00,6.09,69.2,7.7,2594.6
2018-10-31 13:00:00,11.99,72.3,2.18,2558.6
2018-10-31 14:00:00,10.03,72.7,5.12,2587.2
2018-10-31 15:00:00,15.01,60.6,7.07,2588.3
2018-10-31 16:00:00,9.51,60.1,0.59,2469.7
2018-10-31 17:00:00,13.25,74.4,3.1,2423.8
2018-10-31 18:00:00,14.43,55.4,18.15,2355.3
2018-10-31 19:00:00,7.03,48.2,2.9,2311.4
2018-10-31 20:00:00,7.71,51.0,2.4,2370.8
2018-10-31 21:00:00,8.13,52.6,3.41,2479.9
2018-10-31 22:00:00,3.98,73.6,20.9,2688.9
2018-10-31 23:00:00,5.84,85.0,14.28,2819.7
2018-11-01 00:00:00,3.62,52.8,4.63,2994.0
2018-11-01 01:00:00,2.93,63.4,10.03,3039.5
2018-11-01 02:00:00,3.27,70.1,4.58,2971.3
2018-11-01 03:00:00,3.19,81.8,5.15,2837.5
2018-11-01 04:00:00,3.55,62.9,6.54,2685.9
2018-11-01 05:00:00,2.05,75.1,8.45,2555.0
2018-11-01 06:00:00,2.79,67.8,3.4,2385.2
2018-11-01 07:00:00,4.71,89.1,2.3,2356.3
2018-11-01 08:00:00,5.86,68.5,6.87,2349.3
2018-11-01 09:00:00,5.91,70.1,1.69,2473.5
2018-11-01 10:00:00,8.85,65.6,4.48,2544.9
2018-11-01 11:00:00,4.47,65.1,4.19,2707.6
2018-11-01 12:00:00,8.01,73.2,0.83,2712.2
2018-11-01 13:00:00,9.77,54.9,2.32,2774.5
2018-11-01 14:00:00,8.73,49.0,4.59,2745.8
2018-11-01 15:00:00,15.08,58.7,0.11,2702.6
2018-11-01 16:00:00,10.92,69.8,9.23,2594.6
2018-11-01 17:00:00,10.91,58.6,2.12,2528.5
2018-11-01 18:00:00,8.63,66.6,7.53,2527.2
2018-11-01 19:00:00,8.97,55.1,2.99,2494.1
2018-11-01 20:00:00,5.0,76.5,4.82,2509.0
2018-11-01 21:00:00,6.58,71.9,8.48,2593.8
2018-11-01 22:00:00,3.63,69.3,3.01,2930.0
2018-11-01 23:00:00,4.31,69.9,13.1,3121.2
2018-11-02 00:00:00,-2.37,62.8,23.69,3267.7
2018-11-02 01:00:00,0.57,60.8,2.22,3292.4
2018-11-02 02:00:00,6.65,65.7,2.72,3148.5
2018-11-02 03:00:00,4.93,72.2,3.82,3110.3
2018-11-02 04:00:00,6.29,71.5,11.78,2899.5
2018-11-02 05:00:00,6.86,63.6,1.59,2710.2
2018-11-02 06:00:00,5.71,73.4,1.66,2606.3
2018-11-02 07:00:00,3.72,80.4,1.45,2566.1
2018-11-02 08:00:00,3.23,68.7,1.22,2556.5
2018-11-02 09:00:00,9.72,66.7,2.25,2500.0
2018-11-02 10:00:00,8.05,63.9,5.13,2572.4
2018-11-02 11:00:00,15.09,58.9,24.91,2660.9
2018-11-02 12:00:00,8.77,66.3,1.42,2724.3
2018-11-02 13:00:00,15.25,73.4,4.98,2731.1
2018-11-02 14:00:00,10.33,71.1,6.67,2690.7
2018-11-02 15:00:00,14.19,67.2,3.94,2696.4
2018-11-02 16:00:00,14.96,56.4,5.49,2691.0
2018-11-02 17:00:00,7.76,58.6,3.24,2575.8
2018-11-02 18:00:00,8.47,68.3,2.57,2456.5
2018-11-02 19:00:00,6.27,76.9,3.57,2409.5
2018-11-02 20:00:00,4.81,81.9,10.19,2509.5
2018-11-02 21:00:00,8.52,45.6,7.92,2642.7
2018-11-02 22:00:00,5.33,87.3,4.37,2855.7
2018-11-02 23:00:00,4.99,71.3,1.43,2986.1
2018-11-03 00:00:00,5.27,75.1,0.97,2879.5
2018-11-03 01:00:00,-1.4,59.2,3.5,2983.0
2018-11-03 02:00:00,6.06,65.3,7.36,2846.3
2018-11-03 03:00:00,1.83,77.1,6.78,2695.9
2018-11-03 04:00:00,4.17,59.3,6.2,2458.0
2018-11-03 05:00:00,4.79,45.1,1.25,2246.2
2018-11-03 06:00:00,7.3,68.8,8.83,2190.6
2018-11-03 07:00:00,4.44,68.0,5.67,2245.3
2018-11-03 08:00:00,0.36,83.2,2.09,2245.7
2018-11-03 09:00:00,6.85,65.2,9.4,2216.5
2018-11-03 10:00:00,8.24,64.7,1.85,2255.8
2018-11-03 11:00:00,6.12,72.7,6.18,2401.1
2018-11-03 12:00:00,9.9,72.3,2.69,2436.1
2018-11-03 13:00:00,9.27,58.9,3.82,2551.1
2018-11-03 14:00:00,7.21,73.8,6.69,2564.0
2018-11-03 15:00:00,12.38,57.9,5.11,2446.5
2018-11-03 16:00:00,9.16,64.8,4.49,2356.4
2018-11-03 17:00:00,9.15,70.0,2.23,2231.1
2018-11-03 18:00:00,8.38,72.1,2.53,2207.0
2018-11-03 19:00:00,11.79,65.1,2.66,2236.4
2018-11-03 20:00:00,7.64,57.2,10.02,2315.9
2018-11-03 21:00:00,6.9,51.5,17.84,2412.1
2018-11-03 22:00:00,4.57,66.8,2.26,2620.8
2018-11-03 23:00:00,5.86,75.1,13.68,2716.8
2018-11-04 00:00:00,7.1,69.9,1.99,2829.2
2018-11-04 01:00:00,4.71,70.2,6.2,2819.1
2018-11-04 02:00:00,4.41,68.4,1.91,2782.1
2018-11-04 03:00:00,4.07,71.2,10.75,2640.7
2018-11-04 04:00:00,-0.76,64.7,8.83,2557.5
2018-11-04 05:00:00,0.9,77.5,10.31,2423.1
2018-11-04 06:00:00,3.21,76.2,3.23,2281.2
2018-11-04 07:00:00,2.74,67.0,2.32,2298.5
2018-11-04 08:00:00,2.86,73.2,10.01,2269.6
2018-11-04 09:00:00,1.88,56.8,4.32,2445.9
2018-11-04 10:00:00,4.22,70.1,4.36,2427.5
2018-11-04 11:00:00,7.91,64.6,3.19,2489.1
2018-11-04 12:00:00,9.21,74.7,4.06,2580.1
2018-11-04 13:00:00,8.04,64.0,10.05,2626.2
2018-11-04 14:00:00,10.62,70.5,2.92,2560.5
2018-11-04 15:00:00,9.47,61.3,2.87,2495.9
2018-11-04 16:00:00,13.15,43.2,2.37,2374.7
2018-11-04 17:00:00,9.62,62.5,4.02,2286.2
2018-11-04 18:00:00,11.13,64.7,10.63,2231.9
2018-11-04 19:00:00,9.06,66.0,2.34,2223.9
2018-11-04 20:00:00,4.09,70.1,2.72,2316.2
2018-11-04 21:00:00,6.33,62.9,13.72,2360.6
2018-11-04 22:00:00,2.43,67.5,2.67,2652.0
2018-11-04 23:00:00,4.29,59.6,4.81,2799.9
2018-11-05 00:00:00,1.72,54.7,15.58,3183.8
2018-11-05 01:00:00,3.9,68.0,4.11,3197.3
2018-11-05 02:00:00,-0.81,66.7,18.92,3101.6
2018-11-05 03:00:00,2.45,78.7,2.22,2926.7
2018-11-05 04:00:00,3.98,51.4,18.23,2736.5
2018-11-05 05:00:00,5.22,70.2,3.97,2574.0
2018-11-05 06:00:00,1.67,87.6,0.5,2570.9
2018-11-05 07:00:00,4.45,67.0,0.74,2462.1
2018-11-05 08:00:00,5.84,67.3,3.26,2477.5
2018-11-05 09:00:00,10.28,67.2,5.73,2474.8
2018-11-05 10:00:00,3.74,73.0,4.29,2609.2
2018-11-05 11:00:00,6.13,63.8,11.68,2698.9
2018-11-05 12:00:00,16.25,50.9,6.72,2718.8
2018-11-05 13:00:00,9.19,69.9,3.79,2759.3
2018-11-05 14:00:00,5.55,52.3,5.36,2713.6
2018-11-05 15:00:00,8.95,71.5,3.43,2693.9
2018-11-05 16:00:00,3.35,66.2,6.95,2619.3
2018-11-05 17:00:00,10.48,63.6,2.44,2453.3
2018-11-05 18:00:00,11.26,58.8,7.04,2349.5
2018-11-05 19:00:00,6.13,78.5,4.17,2280.8
2018-11-05 20:00:00,6.27,69.0,3.34,2359.4
2018-11-05 21:00:00,8.72,62.5,11.45,2469.2
2018-11-05 22:00:00,1.0,68.4,15.47,2769.7
2018-11-05 23:00:00,1.11,69.9,5.54,2986.6
2018-11-06 00:00:00,2.87,88.9,3.62,3132.0
2018-11-06 01:00:00,0.92,60.7,3.69,3204.5
2018-11-06 02:00:00,1.67,79.3,3.67,3144.4
2018-11-06 03:00:00,-0.89,77.3,0.19,3058.8
2018-11-06 04:00:00,2.94,82.0,7.57,2854.2
2018-11-06 05:00:00,2.43,75.1,6.2,2709.3
2018-11-06 06:00:00,4.81,68.2,5.13,2576.0
2018-11-06 07:00:00,4.77,76.3,9.07,2551.0
2018-11-06 08:00:00,5.75,69.2,1.81,2579.7
2018-11-06 09:00:00,2.65,75.9,0.53,2679.4
2018-11-06 10:00:00,8.53,76.6,3.54,2674.9
2018-11-06 11:00:00,7.44,66.8,7.99,2834.8
2018-11-06 12:00:00,8.68,61.7,5.45,2925.7
2018-11-06 13:00:00,12.35,57.0,4.33,2894.8
2018-11-06 14:00:00,8.33,68.9,15.91,2902.1
2018-11-06 15:00:00,13.65,54.1,12.32,2901.1
2018-11-06 16:00:00,13.74,58.2,8.61,2768.1
2018-11-06 17:00:00,11.61,55.0,4.13,2606.4
2018-11-06 18:00:00,6.64,70.8,26.31,2655.1
2018-11-06 19:00:00,2.8,63.7,1.96,2617.9
2018-11-06 20:00:00,10.0,53.7,10.5,2494.6
2018-11-06 21:00:00,6.55,57.9,11.05,2622.3
2018-11-06 22:00:00,3.37,64.7,3.35,2820.7
2018-11-06 23:00:00,7.2,62.4,12.74,3000.4
2018-11-07 00:00:00,1.14,73.1,1.82,3190.2
2018-11-07 01:00:00,1.6,69.4,6.75,3156.6
2018-11-07 02:00:00,3.58,72.1,10.09,2953.8
2018-11-07 03:00:00,-0.66,76.1,6.51,2892.7
2018-11-07 04:00:00,1.99,76.3,1.23,2713.2
2018-11-07 05:00:00,5.39,52.4,9.95,2592.1
2018-11-07 06:00:00,3.83,59.9,12.33,2493.3
2018-11-07 07:00:00,7.25,70.6,5.82,2427.0
2018-11-07 08:00:00,7.93,67.4,0.87,2431.7
2018-11-07 09:00:00,6.15,74.9,5.56,2493.6
2018-11-07 10:00:00,1.32,58.6,3.1,2641.9
2018-11-07 11:00:00,5.36,63.9,5.32,2663.5
2018-11-07 12:00:00,10.86,60.9,8.48,2621.1
2018-11-07 13:00:00,5.72,68.8,1.68,2775.7
2018-11-07 14:00:00,9.17,64.9,14.12,2765.7
2018-11-07 15:00:00,10.97,67.0,3.98,2754.7
2018-11-07 16:00:00,13.66,60.2,5.91,2732.0
2018-11-07 17:00:00,8.15,76.5,3.4,2635.7
2018-11-07 18:00:00,7.35,79.7,8.48,2542.7
2018-11-07 19:00:00,8.0,56.7,14.11,2453.2
2018-11-07 20:00:00,8.04,65.9,2.57,2534.0
2018-11-07 21:00:00,5.74,73.8,7.67,2618.4
2018-11-07 22:00:00,7.72,70.5,2.91,2792.8
2018-11-07 23:00:00,2.13,67.0,8.34,3053.4
2018-11-08 00:00:00,3.46,71.3,5.22,3115.4
2018-11-08 01:00:00,3.64,56.4,9.68,3198.6
2018-11-08 02:00:00,1.13,70.9,6.29,3070.1
2018-11-08 03:00:00,4.09,57.0,19.7,2851.3
2018-11-08 04:00:00,2.5,74.1,3.42,2710.3
2018-11-08 05:00:00,4.5,59.5,1.52,2583.9
2018-11-08 06:00:00,3.65,70.4,3.19,2452.0
2018-11-08 07:00:00,4.93,70.6,3.23,2454.2
2018-11-08 08:00:00,3.37,69.9,4.7,2535.9
2018-11-08 09:00:00,4.41,63.4,3.74,2570.4
2018-11-08 10:00:00,10.09,62.2,5.91,2596.4
2018-11-08 11:00:00,9.58,73.8,0.95,2722.4
2018-11-08 12:00:00,6.26,63.6,3.72,2873.8
2018-11-08 13:00:00,9.91,64.2,3.69,2844.6
2018-11-08 14:00:00,3.92,64.4,8.83,2871.3
2018-11-08 15:00:00,8.55,73.3,2.27,2782.5
2018-11-08 16:00:00,12.26,62.8,2.17,2648.6
2018-11-08 17:00:00,9.14,58.6,5.13,2614.3
2018-11-08 18:00:00,9.11,64.8,9.23,2543.9
2018-11-08 19:00:00,0.45,69.7,0.16,2588.6
2018-11-08 20:00:00,6.04,78.3,8.53,2616.2
2018-11-08 21:00:00,6.84,66.2,7.61,2754.4
2018-11-08 22:00:00,6.12,56.0,4.75,2965.6
2018-11-08 23:00:00,6.4,70.9,5.75,3146.3
2018-11-09 00:00:00,2.5,84.3,10.54,3350.4
2018-11-09 01:00:00,1.98,80.0,3.21,3303.6
2018-11-09 02:00:00,-1.34,64.2,1.39,3271.0
2018-11-09 03:00:00,1.34,68.8,7.64,3145.3
2018-11-09 04:00:00,-1.16,72.7,7.17,2962.8
2018-11-09 05:00:00,-2.23,73.6,0.57,2784.0
2018-11-09 06:00:00,0.31,74.8,14.53,2639.0
2018-11-09 07:00:00,7.63,63.1,6.83,2529.7
2018-11-09 08:00:00,4.14,61.4,2.4,2626.5
2018-11-09 09:00:00,6.4,74.5,7.26,2650.8
2018-11-09 10:00:00,5.61,58.5,6.55,2766.4
2018-11-09 11:00:00,3.38,62.9,3.6,2864.8
2018-11-09 12:00:00,11.02,54.1,5.7,2881.9
2018-11-09 13:00:00,3.89,73.8,5.73,2966.8
2018-11-09 14:00:00,8.33,66.2,5.24,2904.2
2018-11-09 15:00:00,9.72,71.3,4.89,2790.2
2018-11-09 16:00:00,10.29,57.5,6.6,2611.8
2018-11-09 17:00:00,7.5,56.0,5.87,2534.4
2018-11-09 18:00:00,4.09,65.2,3.23,2392.4
2018-11-09 19:00:00,5.85,65.9,1.98,2360.2
2018-11-09 20:00:00,5.02,69.7,5.68,2460.7
2018-11-09 21:00:00,3.92,55.4,8.49,2613.4
2018-11-09 22:00:00,7.24,70.0,5.51,2658.3
2018-11-09 23:00:00,0.82,64.2,3.18,2912.0
2018-11-10 00:00:00,3.65,63.9,0.89,2807.3
2018-11-10 01:00:00,2.65,79.3,14.85,2912.9
2018-11-10 02:00:00,4.26,51.1,6.96,2851.1
2018-11-10 03:00:00,1.39,73.5,6.59,2734.8
2018-11-10 04:00:00,3.84,71.5,3.63,2558.1
2018-11-10 05:00:00,1.83,64.0,0.93,2500.9
2018-11-10 06:00:00,3.98,65.2,3.0,2374.3
2018-11-10 07:00:00,-0.04,81.8,13.3,2315.2
2018-11-10 08:00:00,-1.91,89.2,1.59,2339.9
2018-11-10 09:00:00,6.67,75.2,0.73,2285.4
2018-11-10 10:00:00,7.84,80.8,14.71,2306.2
2018-11-10 11:00:00,8.91,59.3,2.44,2351.8
2018-11-10 12:00:00,7.24,53.6,4.36,2555.7
2018-11-10 13:00:00,12.91,61.3,6.66,2524.3
2018-11-10 14:00:00,8.44,71.7,17.95,2530.7
2018-11-10 15:00:00,10.77,48.5,13.08,2597.9
2018-11-10 16:00:00,11.07,55.7,4.79,2532.8
2018-11-10 17:00:00,13.48,54.7,3.17,2433.7
2018-11-10 18:00:00,7.76,68.6,1.81,2375.7
2018-11-10 19:00:00,6.09,68.9,7.04,2347.9
2018-11-10 20:00:00,3.01,63.4,5.53,2389.1
2018-11-10 21:00:00,9.6,65.8,0.85,2452.2
2018-11-10 22:00:00,5.74,58.2,4.33,2681.4
2018-11-10 23:00:00,4.85,64.7,5.64,2789.5
2018-11-11 00:00:00,10.56,53.4,7.5,2846.5
2018-11-11 01:00:00,2.94,68.4,2.13,2878.5
2018-11-11 02:00:00,-1.53,66.8,5.77,2825.2
2018-11-11 03:00:00,1.1,76.6,1.75,2687.5
2018-11-11 04:00:00,-0.71,72.4,6.68,2524.9
2018-11-11 05:00:00,1.14,69.3,4.22,2357.5
2018-11-11 06:00:00,1.76,84.7,18.87,2158.8
2018-11-11 07:00:00,2.13,73.4,2.51,2096.9
2018-11-11 08:00:00,1.07,68.2,3.43,2115.1
2018-11-11 09:00:00,9.57,59.7,0.92,2051.7
2018-11-11 10:00:00,7.38,56.7,4.96,2191.1
2018-11-11 11:00:00,7.03,65.8,3.81,2300.6
2018-11-11 12:00:00,10.32,66.2,5.35,2391.8
2018-11-11 13:00:00,10.23,48.5,4.75,2501.8
2018-11-11 14:00:00,10.15,53.0,19.11,2572.8
2018-11-11 15:00:00,11.31,58.8,7.14,2551.1
2018-11-11 16:00:00,9.79,55.4,8.9,2481.8
2018-11-11 17:00:00,10.73,63.8,5.48,2388.0
2018-11-11 18:00:00,10.3,65.2,6.14,2254.5
2018-11-11 19:00:00,8.0,64.6,5.32,2250.2
2018-11-11 20:00:00,6.08,71.5,5.39,2291.8
2018-11-11 21:00:00,9.42,59.8,3.17,2337.6
2018-11-11 22:00:00,3.36,68.9,8.74,2514.5
2018-11-11 23:00:00,4.57,60.3,19.91,2603.2
2018-11-12 00:00:00,3.67,71.3,5.47,3009.2
2018-11-12 01:00:00,0.48,72.2,2.24,3068.1
2018-11-12 02:00:00,-0.42,62.7,10.2,3000.0
2018-11-12 03:00:00,0.58,70.3,14.64,2823.4
2018-11-12 04:00:00,0.37,71.4,3.33,2659.6
2018-11-12 05:00:00,-1.64,75.6,1.8,2514.6
2018-11-12 06:00:00,1.01,73.7,8.1,2428.5
2018-11-12 07:00:00,4.13,62.9,5.6,2423.1
2018-11-12 08:00:00,7.6,72.0,7.57,2411.0
2018-11-12 09:00:00,6.85,70.7,5.15,2537.9
2018-11-12 10:00:00,0.0,66.2,4.34,2656.0
2018-11-12 11:00:00,9.07,55.6,2.39,2572.0
2018-11-12 12:00:00,6.9,61.3,6.88,2731.5
2018-11-12 13:00:00,10.06,52.2,1.55,2669.8
2018-11-12 14:00:00,9.29,66.2,8.72,2683.4
2018-11-12 15:00:00,8.98,74.3,8.32,2704.7
2018-11-12 16:00:00,9.07,76.1,6.69,2691.0
2018-11-12 17:00:00,8.87,56.2,12.02,2591.5
2018-11-12 18:00:00,11.66,69.0,4.03,2473.6
2018-11-12 19:00:00,7.42,66.7,3.92,2553.7
2018-11-12 20:00:00,9.22,45.5,3.69,2609.0
2018-11-12 21:00:00,7.82,63.1,5.8,2780.3
2018-11-12 22:00:00,6.1,63.6,4.63,2978.9
2018-11-12 23:00:00,-1.0,82.5,3.58,3236.2
2018-11-13 00:00:00,5.31,60.8,3.84,3292.3
2018-11-13 01:00:00,0.73,75.9,6.47,3342.8
2018-11-13 02:00:00,3.27,68.5,11.22,3155.4
2018-11-13 03:00:00,-1.09,61.3,3.1,2996.8
2018-11-13 04:00:00,-1.48,68.8,0.49,2861.7
2018-11-13 05:00:00,6.82,78.8,7.97,2678.6
2018-11-13 06:00:00,0.12,70.5,2.25,2652.9
2018-11-13 07:00:00,6.21,74.3,11.2,2512.7
2018-11-13 08:00:00,4.6,75.1,8.95,2562.9
2018-11-13 09:00:00,4.29,65.0,9.5,2639.5
2018-11-13 10:00:00,6.27,56.7,5.34,2613.5
2018-11-13 11:00:00,4.09,59.5,10.81,2776.8
2018-11-13 12:00:00,8.14,77.1,6.83,2831.5
2018-11-13 13:00:00,6.1,68.3,6.43,2844.3
2018-11-13 14:00:00,8.22,51.6,5.66,2829.1
2018-11-13 15:00:00,11.66,69.3,7.36,2765.2
2018-11-13 16:00:00,9.84,49.8,1.3,2746.1
2018-11-13 17:00:00,5.1,61.3,3.55,2666.9
2018-11-13 18:00:00,10.3,64.4,3.56,2481.4
2018-11-13 19:00:00,7.32,86.3,4.74,2473.1
2018-11-13 20:00:00,5.02,74.5,2.14,2503.6
2018-11-13 21:00:00,7.21,62.4,2.98,2657.4
2018-11-13 22:00:00,3.89,69.1,1.67,2869.2
2018-11-13 23:00:00,0.43,79.0,2.95,3038.7
2018-11-14 00:00:00,7.01,77.8,2.47,3080.3
2018-11-14 01:00:00,1.71,68.6,2.89,3154.3
2018-11-14 02:00:00,1.15,69.3,9.08,3086.5
2018-11-14 03:00:00,0.21,65.2,4.85,2895.4
2018-11-14 04:00:00,4.31,73.9,4.24,2655.1
2018-11-14 05:00:00,0.44,79.9,11.96,2578.7
2018-11-14 06:00:00,-1.47,57.7,6.54,2573.7
2018-11-14 07:00:00,1.52,67.6,6.92,2502.0
2018-11-14 08:00:00,7.5,56.3,5.67,2480.7
2018-11-14 09:00:00,7.3,67.4,9.23,2642.3
2018-11-14 10:00:00,5.62,57.6,10.23,2733.7
2018-11-14 11:00:00,10.65,52.9,6.35,2676.3
2018-11-14 12:00:00,9.92,73.1,9.15,2766.5
2018-11-14 13:00:00,8.02,64.3,7.35,2836.0
2018-11-14 14:00:00,8.67,64.6,6.52,2819.7
2018-11-14 15:00:00,10.04,67.4,3.96,2729.0
2018-11-14 16:00:00,7.0,74.2,2.83,2724.8
2018-11-14 17:00:00,8.7,61.7,1.33,2502.8
2018-11-14 18:00:00,8.82,61.8,14.2,2414.9
2018-11-14 19:00:00,3.0,66.5,9.22,2440.2
2018-11-14 20:00:00,5.78,76.0,3.65,2444.8
2018-11-14 21:00:00,4.46,67.9,1.1,2598.4
2018-11-14 22:00:00,6.76,64.3,7.38,2721.0
2018-11-14 23:00:00,-1.39,76.2,4.07,3025.0
2018-11-15 00:00:00,1.32,85.6,9.55,3256.4
2018-11-15 01:00:00,0.43,72.2,2.32,3251.2
2018-11-15 02:00:00,3.64,66.9,3.53,3162.7
2018-11-15 03:00:00,0.99,86.7,4.4,3046.1
2018-11-15 04:00:00,5.73,78.1,8.11,2831.3
2018-11-15 05:00:00,3.29,78.8,3.02,2683.6
2018-11-15 06:00:00,1.25,67.0,7.45,2610.2
2018-11-15 07:00:00,3.7,64.2,1.41,2564.8
2018-11-15 08:00:00,3.18,54.8,4.88,2625.3
2018-11-15 09:00:00,7.25,73.9,12.96,2666.2
2018-11-15 10:00:00,2.81,70.4,16.67,2824.7
2018-11-15 11:00:00,5.04,53.6,10.64,2829.2
2018-11-15 12:00:00,9.07,74.4,1.07,2849.0
2018-11-15 13:00:00,11.63,60.0,4.53,2865.6
2018-11-15 14:00:00,3.46,67.5,5.0,2966.8
2018-11-15 15:00:00,12.54,49.9,9.74,2793.9
2018-11-15 16:00:00,8.62,69.0,5.58,2776.2
2018-11-15 17:00:00,3.86,72.9,2.19,2731.3
2018-11-15 18:00:00,0.43,71.3,10.76,2718.6
2018-11-15 19:00:00,3.28,66.0,15.32,2641.8
2018-11-15 20:00:00,6.09,88.1,8.75,2638.0
2018-11-15 21:00:00,4.94,58.4,2.91,2739.7
2018-11-15 22:00:00,5.65,61.7,17.71,2891.2
2018-11-15 23:00:00,1.73,76.3,9.3,3027.2
2018-11-16 00:00:00,-0.61,64.4,8.27,3182.1
2018-11-16 01:00:00,0.49,62.9,14.88,3187.3
2018-11-16 02:00:00,1.21,80.1,9.47,3121.5
2018-11-16 03:00:00,1.56,75.6,4.67,2951.4
2018-11-16 04:00:00,-0.85,76.6,13.66,2828.2
2018-11-16 05:00:00,3.78,70.4,2.4,2634.4
2018-11-16 06:00:00,0.61,66.0,2.8,2506.2
2018-11-16 07:00:00,0.81,69.3,3.38,2493.9
2018-11-16 08:00:00,2.6,69.3,5.71,2548.0
2018-11-16 09:00:00,7.67,72.6,6.34,2598.5
2018-11-16 10:00:00,5.69,70.9,4.43,2655.6
2018-11-16 11:00:00,5.25,60.4,4.61,2677.7
2018-11-16 12:00:00,10.13,70.2,6.57,2749.5
2018-11-16 13:00:00,13.81,47.5,2.4,2812.4
2018-11-16 14:00:00,9.38,61.9,7.78,2790.0
2018-11-16 15:00:00,12.07,53.2,0.43,2723.7
2018-11-16 16:00:00,11.44,56.0,5.16,2660.7
2018-11-16 17:00:00,6.94,81.9,3.36,2636.3
2018-11-16 18:00:00,7.88,53.9,17.24,2528.6
2018-11-16 19:00:00,3.78,62.4,4.17,2477.6
2018-11-16 20:00:00,5.51,71.7,5.73,2440.0
2018-11-16 21:00:00,3.42,65.5,4.33,2575.9
2018-11-16 22:00:00,2.95,70.9,2.03,2749.5
2018-11-16 23:00:00,1.11,82.5,1.96,2926.9
2018-11-17 00:00:00,1.33,76.2,1.65,2885.7
2018-11-17 01:00:00,2.74,66.1,5.1,2850.9
2018-11-17 02:00:00,0.71,70.4,4.04,2789.4
2018-11-17 03:00:00,-3.79,79.3,1.05,2795.5
2018-11-17 04:00:00,-0.85,77.8,15.75,2567.2
2018-11-17 05:00:00,-2.39,74.1,8.28,2442.1
2018-11-17 06:00:00,2.66,72.8,5.82,2362.7
2018-11-17 07:00:00,4.13,71.6,0.66,2312.7
2018-11-17 08:00:00,4.48,67.7,6.91,2349.1
2018-11-17 09:00:00,2.91,64.8,5.57,2393.7
2018-11-17 10:00:00,6.53,72.7,9.48,2396.8
2018-11-17 11:00:00,5.7,69.8,2.85,2419.4
2018-11-17 12:00:00,4.86,51.5,3.53,2496.3
2018-11-17 13:00:00,10.19,57.2,6.22,2515.2
2018-11-17 14:00:00,10.78,59.5,3.42,2610.7
2018-11-17 15:00:00,11.25,61.4,6.85,2551.6
2018-11-17 16:00:00,7.22,75.9,1.98,2552.2
2018-11-17 17:00:00,11.29,88.6,4.8,2456.1
2018-11-17 18:00:00,6.47,47.2,2.89,2362.7
2018-11-17 19:00:00,8.51,67.6,9.15,2301.5
2018-11-17 20:00:00,4.63,68.9,18.32,2380.5
2018-11-17 21:00:00,4.32,67.1,15.41,2449.5
2018-11-17 22:00:00,-2.21,78.1,0.92,2687.9
2018-11-17 23:00:00,2.12,71.5,7.28,2795.0
2018-11-18 00:00:00,2.17,67.4,2.85,2921.3
2018-11-18 01:00:00,0.28,72.0,1.93,2969.9
2018-11-18 02:00:00,5.29,72.2,7.14,2852.2
2018-11-18 03:00:00,-2.14,77.4,1.93,2762.1
2018-11-18 04:00:00,-0.51,73.9,11.18,2539.8
2018-11-18 05:00:00,-0.96,68.1,7.24,2338.1
2018-11-18 06:00:00,0.53,94.1,9.64,2289.1
2018-11-18 07:00:00,5.34,70.6,6.23,2226.2
2018-11-18 08:00:00,7.43,72.2,1.72,2282.5
2018-11-18 09:00:00,3.01,65.5,3.92,2382.3
2018-11-18 10:00:00,3.99,70.3,12.54,2447.9
2018-11-18 11:00:00,3.87,70.4,4.67,2513.7
2018-11-18 12:00:00,10.86,48.0,4.42,2503.9
2018-11-18 13:00:00,11.03,57.4,13.47,2560.3
2018-11-18 14:00:00,8.36,59.4,6.08,2576.3
2018-11-18 15:00:00,5.28,63.0,11.65,2616.4
2018-11-18 16:00:00,5.36,59.2,4.73,2593.8
2018-11-18 17:00:00,8.66,65.4,2.34,2504.4
2018-11-18 18:00:00,8.97,76.0,0.52,2459.2
2018-11-18 19:00:00,1.6,71.8,4.64,2427.4
2018-11-18 20:00:00,5.0,58.6,5.58,2472.1
2018-11-18 21:00:00,8.81,56.7,10.89,2545.2
2018-11-18 22:00:00,3.19,66.4,0.05,2768.2
2018-11-18 23:00:00,6.49,55.5,7.73,2871.0
2018-11-19 00:00:00,3.45,71.7,5.23,3254.9
2018-11-19 01:00:00,-1.52,84.0,4.52,3238.8
2018-11-19 02:00:00,0.06,67.3,17.75,3180.3
2018-11-19 03:00:00,0.34,72.3,7.28,3026.0
2018-11-19 04:00:00,-1.59,69.8,13.83,2855.8
2018-11-19 05:00:00,-1.23,67.9,2.78,2762.6
2018-11-19 06:00:00,5.6,69.0,3.76,2598.3
2018-11-19 07:00:00,0.22,66.5,10.96,2583.9
2018-11-19 08:00:00,6.32,60.5,2.44,2550.6
2018-11-19 09:00:00,3.57,56.2,2.56,2708.2
2018-11-19 10:00:00,5.63,68.0,2.16,2747.1
2018-11-19 11:00:00,8.06,74.1,3.35,2821.6
2018-11-19 12:00:00,5.99,72.9,6.27,2865.5
2018-11-19 13:00:00,9.54,76.3,7.67,2886.8
2018-11-19 14:00:00,3.41,63.9,5.86,2958.2
2018-11-19 15:00:00,9.76,71.0,4.03,2853.9
2018-11-19 16:00:00,2.35,61.3,5.38,2827.2
2018-11-19 17:00:00,7.56,71.6,13.92,2663.2
2018-11-19 18:00:00,9.62,77.5,5.26,2479.3
2018-11-19 19:00:00,8.22,69.4,3.79,2403.5
2018-11-19 20:00:00,2.45,83.3,0.41,2461.3
2018-11-19 21:00:00,1.74,65.8,4.9,2558.7
2018-11-19 22:00:00,1.9,69.4,10.62,2755.2
2018-11-19 23:00:00,3.13,62.2,1.02,2929.4
2018-11-20 00:00:00,-3.35,75.0,1.66,3105.0
2018-11-20 01:00:00,1.06,73.3,3.45,3164.6
2018-11-20 02:00:00,1.47,71.0,3.04,3092.5
2018-11-20 03:00:00,-0.15,68.3,5.64,3012.4
2018-11-20 04:00:00,2.01,66.5,16.55,2766.4
2018-11-20 05:00:00,1.65,73.4,2.05,2652.2
2018-11-20 06:00:00,0.37,70.4,2.99,2620.6
2018-11-20 07:00:00,-2.28,64.6,4.59,2636.8
2018-11-20 08:00:00,3.85,53.7,2.79,2582.3
2018-11-20 09:00:00,2.17,65.5,5.62,2648.7
2018-11-20 10:00:00,4.15,57.6,7.49,2718.8
2018-11-20 11:00:00,7.75,59.1,3.06,2758.3
2018-11-20 12:00:00,10.93,59.9,9.54,2842.0
2018-11-20 13:00:00,7.93,64.5,3.87,2860.1
2018-11-20 14:00:00,9.81,58.8,2.77,2888.5
2018-11-20 15:00:00,4.95,85.6,1.3,2909.3
2018-11-20 16:00:00,9.03,54.7,8.04,2794.5
2018-11-20 17:00:00,7.87,75.4,6.4,2693.5
2018-11-20 18:00:00,10.46,62.3,1.94,2622.4
2018-11-20 19:00:00,5.21,62.6,2.48,2587.9
2018-11-20 20:00:00,4.99,72.7,6.01,2583.9
2018-11-20 21:00:00,7.2,62.6,7.68,2692.3
2018-11-20 22:00:00,3.29,62.9,6.57,2885.6
2018-11-20 23:00:00,-0.22,86.5,8.01,3117.8
2018-11-21 00:00:00,8.01,48.0,20.03,3241.7
2018-11-21 01:00:00,-1.7,71.4,9.65,3360.6
2018-11-21 02:00:00,0.43,73.2,8.2,3265.3
2018-11-21 03:00:00,1.32,82.2,3.31,3164.0
2018-11-21 04:00:00,1.26,67.8,1.76,2990.2
2018-11-21 05:00:00,0.52,92.9,12.55,2873.5
2018-11-21 06:00:00,1.17,77.1,3.45,2741.6
2018-11-21 07:00:00,1.87,51.6,7.04,2687.2
2018-11-21 08:00:00,0.63,59.9,1.23,2684.4
2018-11-21 09:00:00,9.83,66.0,0.79,2661.6
2018-11-21 10:00:00,4.94,58.9,9.59,2793.1
2018-11-21 11:00:00,7.95,70.0,2.71,2853.2
2018-11-21 12:00:00,6.45,63.2,6.99,2933.9
2018-11-21 13:00:00,7.03,56.8,2.74,2949.5
2018-11-21 14:00:00,7.18,58.5,7.56,2967.2
2018-11-21 15:00:00,4.58,75.1,4.81,3005.4
2018-11-21 16:00:00,7.92,49.5,4.17,2882.1
2018-11-21 17:00:00,6.9,74.8,6.52,2722.8
2018-11-21 18:00:00,10.21,72.4,7.29,2557.8
2018-11-21 19:00:00,3.46,66.6,2.94,2596.3
2018-11-21 20:00:00,4.05,57.5,7.03,2597.8
2018-11-21 21:00:00,2.21,74.7,7.44,2725.8
2018-11-21 22:00:00,7.03,62.5,9.47,2841.4
2018-11-21 23:00:00,0.28,59.7,11.66,3111.9
2018-11-22 00:00:00,2.94,84.9,4.96,3279.9
2018-11-22 01:00:00,3.32,62.3,2.76,3237.8
2018-11-22 02:00:00,0.13,60.1,2.21,3240.5
2018-11-22 03:00:00,-3.08,76.7,3.13,3161.1
2018-11-22 04:00:00,-2.91,73.8,3.35,2988.2
2018-11-22 05:00:00,3.04,81.5,3.8,2761.2
2018-11-22 06:00:00,-1.62,70.3,4.85,2737.6
2018-11-22 07:00:00,3.34,66.4,5.73,2650.9
2018-11-22 08:00:00,3.61,71.8,5.99,2657.4
2018-11-22 09:00:00,5.3,69.4,8.58,2619.6
2018-11-22 10:00:00,6.57,68.6,12.5,2702.6
2018-11-22 11:00:00,4.03,71.0,6.03,2857.5
2018-11-22 12:00:00,4.75,69.5,3.36,2849.1
2018-11-22 13:00:00,9.61,61.0,8.45,2808.3
2018-11-22 14:00:00,6.65,73.3,8.08,2834.5
2018-11-22 15:00:00,1.48,67.9,3.08,2849.7
2018-11-22 16:00:00,9.84,70.6,8.18,2671.1
2018-11-22 17:00:00,5.23,78.9,2.2,2681.2
2018-11-22 18:00:00,8.36,59.9,1.78,2644.7
2018-11-22 19:00:00,9.84,83.4,2.32,2592.2
2018-11-22 20:00:00,5.44,61.9,8.58,2643.3
2018-11-22 21:00:00,6.85,60.9,4.11,2756.9
2018-11-22 22:00:00,3.71,73.4,9.33,2917.4
2018-11-22 23:00:00,6.33,70.5,13.26,3064.1
2018-11-23 00:00:00,-1.22,73.5,12.8,3291.1
2018-11-23 01:00:00,0.78,77.9,3.0,3323.7
2018-11-23 02:00:00,2.08,72.4,4.25,3254.2
2018-11-23 03:00:00,-0.21,88.7,4.96,3103.2
2018-11-23 04:00:00,3.28,68.9,14.56,2896.5
2018-11-23 05:00:00,-0.28,65.4,2.95,2763.9
2018-11-23 06:00:00,6.61,62.3,10.4,2634.5
2018-11-23 07:00:00,7.57,69.7,6.99,2605.7
2018-11-23 08:00:00,3.94,72.7,0.41,2725.0
2018-11-23 09:00:00,5.65,69.1,4.0,2762.4
2018-11-23 10:00:00,8.28,58.6,2.07,2757.8
2018-11-23 11:00:00,3.3,78.2,3.89,2822.5
2018-11-23 12:00:00,3.81,84.4,0.44,2885.2
2018-11-23 13:00:00,10.87,63.5,15.18,2769.9
2018-11-23 14:00:00,8.81,79.4,3.59,2786.6
2018-11-23 15:00:00,7.7,72.8,3.92,2753.5
2018-11-23 16:00:00,8.16,83.2,14.19,2656.2
2018-11-23 17:00:00,1.76,74.4,1.5,2644.3
2018-11-23 18:00:00,6.62,67.8,7.2,2480.5
2018-11-23 19:00:00,4.38,75.2,2.69,2420.9
2018-11-23 20:00:00,7.6,62.5,0.82,2476.3
2018-11-23 21:00:00,6.75,69.9,7.86,2613.7
2018-11-23 22:00:00,4.67,78.9,11.9,2843.9
2018-11-23 23:00:00,3.25,76.0,4.73,3056.5
2018-11-24 00:00:00,-2.4,73.7,8.74,3020.1
2018-11-24 01:00:00,2.19,71.9,2.94,3014.6
2018-11-24 02:00:00,1.88,76.6,7.38,2969.4
2018-11-24 03:00:00,3.29,75.2,5.09,2874.0
2018-11-24 04:00:00,5.61,73.5,3.23,2679.2
2018-11-24 05:00:00,-3.52,77.5,1.99,2630.8
2018-11-24 06:00:00,0.38,65.1,11.75,2488.6
2018-11-24 07:00:00,0.32,66.4,5.24,2371.8
2018-11-24 08:00:00,3.57,72.8,3.7,2359.5
2018-11-24 09:00:00,4.21,75.3,4.1,2466.7
2018-11-24 10:00:00,4.62,73.9,7.54,2547.5
2018-11-24 11:00:00,8.74,59.6,8.54,2550.3
2018-11-24 12:00:00,4.25,67.4,5.12,2667.4
2018-11-24 13:00:00,5.04,58.6,7.09,2649.9
2018-11-24 14:00:00,5.48,56.5,3.88,2682.8
2018-11-24 15:00:00,7.27,66.8,4.28,2608.3
2018-11-24 16:00:00,4.97,78.9,7.95,2563.1
2018-11-24 17:00:00,7.52,66.8,3.76,2397.4
2018-11-24 18:00:00,6.59,82.0,1.84,2333.0
2018-11-24 19:00:00,4.21,67.3,7.65,2227.4
2018-11-24 20:00:00,7.39,66.3,6.7,2238.8
2018-11-24 21:00:00,4.03,60.9,9.57,2384.7
2018-11-24 22:00:00,5.8,64.6,7.57,2535.5
2018-11-24 23:00:00,1.69,61.1,6.56,2638.3
2018-11-25 00:00:00,1.2,58.7,1.6,2779.7
2018-11-25 01:00:00,-0.78,63.2,5.01,2873.2
2018-11-25 02:00:00,0.21,72.5,3.37,2782.4
2018-11-25 03:00:00,1.87,64.6,7.53,2666.4
2018-11-25 04:00:00,-0.8,68.6,15.16,2578.1
2018-11-25 05:00:00,1.92,73.7,8.42,2426.0
2018-11-25 06:00:00,-0.77,60.2,1.49,2383.7
2018-11-25 07:00:00,3.98,69.5,6.29,2323.2
2018-11-25 08:00:00,1.6,77.5,3.39,2396.8
2018-11-25 09:00:00,6.22,74.5,8.1,2381.4
2018-11-25 10:00:00,5.28,71.9,9.06,2432.2
2018-11-25 11:00:00,9.89,63.7,4.89,2432.9
2018-11-25 12:00:00,4.03,63.8,3.8,2591.9
2018-11-25 13:00:00,3.86,68.3,6.55,2606.6
2018-11-25 14:00:00,6.41,80.1,3.07,2587.5
2018-11-25 15:00:00,4.63,70.5,9.24,2564.3
2018-11-25 16:00:00,4.49,67.5,7.61,2508.3
2018-11-25 17:00:00,9.11,69.2,3.67,2396.8
2018-11-25 18:00:00,6.91,66.9,2.09,2359.4
2018-11-25 19:00:00,4.89,69.9,6.06,2270.4
2018-11-25 20:00:00,4.16,66.7,10.44,2344.8
2018-11-25 21:00:00,2.59,66.6,8.8,2490.5
2018-11-25 22:00:00,7.18,74.2,1.81,2635.7
2018-11-25 23:00:00,0.25,56.2,7.07,2873.9
2018-11-26 00:00:00,-2.13,77.5,7.61,3246.8
2018-11-26 01:00:00,2.53,66.2,4.33,3274.7
2018-11-26 02:00:00,-0.4,57.1,5.26,3223.2
2018-11-26 03:00:00,5.1,60.1,8.48,3071.6
2018-11-26 04:00:00,-1.18,72.7,5.68,2954.2
2018-11-26 05:00:00,2.65,70.7,0.65,2761.0
2018-11-26 06:00:00,3.88,74.8,2.6,2622.8
2018-11-26 07:00:00,0.7,77.9,3.62,2625.4
2018-11-26 08:00:00,1.11,58.7,2.67,2683.6
2018-11-26 09:00:00,5.86,70.3,9.2,2684.4
2018-11-26 10:00:00,6.48,72.6,6.88,2755.3
2018-11-26 11:00:00,2.48,71.8,1.59,2928.3
2018-11-26 12:00:00,4.01,72.8,6.77,2913.5
2018-11-26 13:00:00,1.13,55.6,9.69,2941.9
2018-11-26 14:00:00,9.36,56.6,4.35,2882.1
2018-11-26 15:00:00,7.35,77.0,6.46,2799.5
2018-11-26 16:00:00,7.46,63.8,5.5,2753.7
2018-11-26 17:00:00,3.24,87.2,1.98,2670.8
2018-11-26 18:00:00,4.09,58.5,6.79,2566.1
2018-11-26 19:00:00,4.81,80.7,3.32,2567.0
2018-11-26 20:00:00,3.36,64.4,13.04,2578.6
2018-11-26 21:00:00,4.3,75.5,1.87,2626.0
2018-11-26 22:00:00,4.43,66.1,5.06,2739.8
2018-11-26 23:00:00,7.68,66.8,10.07,2928.1
2018-11-27 00:00:00,1.04,75.9,3.67,3178.3
2018-11-27 01:00:00,3.25,64.5,6.7,3155.7
2018-11-27 02:00:00,-2.02,80.0,31.03,3196.1
2018-11-27 03:00:00,-4.27,73.3,9.58,3078.0
2018-11-27 04:00:00,-0.82,74.1,6.95,2880.2
2018-11-27 05:00:00,-3.54,53.7,8.76,2801.0
2018-11-27 06:00:00,1.13,68.4,7.21,2588.9
2018-11-27 07:00:00,-0.03,82.1,2.51,2607.7
2018-11-27 08:00:00,-2.0,79.2,6.55,2583.3
2018-11-27 09:00:00,8.26,72.5,19.23,2489.1
2018-11-27 10:00:00,3.61,69.5,11.55,2571.7
2018-11-27 11:00:00,1.83,83.9,4.11,2712.7
2018-11-27 12:00:00,9.0,67.1,4.5,2748.5
2018-11-27 13:00:00,5.56,62.3,20.1,2871.1
2018-11-27 14:00:00,10.51,70.4,5.06,2838.1
2018-11-27 15:00:00,6.09,74.5,3.73,2832.0
2018-11-27 16:00:00,6.43,71.9,2.57,2778.7
2018-11-27 17:00:00,8.25,62.2,5.82,2657.5
2018-11-27 18:00:00,8.23,67.7,3.54,2580.3
2018-11-27 19:00:00,7.84,76.9,5.65,2545.0
2018-11-27 20:00:00,4.73,72.0,6.82,2617.9
2018-11-27 21:00:00,5.24,56.0,12.53,2820.7
2018-11-27 22:00:00,4.75,63.2,4.43,3028.9
2018-11-27 23:00:00,2.42,64.7,0.63,3234.8
2018-11-28 00:00:00,0.66,65.4,4.25,3347.2
2018-11-28 01:00:00,-3.23,57.7,4.3,3404.1
2018-11-28 02:00:00,1.48,85.9,4.03,3311.8
2018-11-28 03:00:00,-0.05,65.0,4.89,3171.9
2018-11-28 04:00:00,-1.05,66.4,0.93,2978.7
2018-11-28 05:00:00,3.57,53.6,1.94,2706.2
2018-11-28 06:00:00,-2.55,81.0,3.89,2660.4
2018-11-28 07:00:00,5.95,66.5,9.57,2577.1
2018-11-28 08:00:00,2.75,67.0,5.14,2582.4
2018-11-28 09:00:00,4.64,65.9,7.62,2687.1
2018-11-28 10:00:00,3.89,73.6,1.7,2773.6
2018-11-28 11:00:00,1.68,66.8,2.85,2919.7
2018-11-28 12:00:00,6.32,51.0,0.13,2919.8
2018-11-28 13:00:00,8.15,55.2,0.79,2844.7
2018-11-28 14:00:00,9.4,53.7,18.07,2829.2
2018-11-28 15:00:00,7.35,68.3,1.6,2795.1
2018-11-28 16:00:00,2.23,77.7,2.28,2745.7
2018-11-28 17:00:00,3.45,81.0,2.76,2666.6
2018-11-28 18:00:00,11.8,49.5,14.57,2485.0
2018-11-28 19:00:00,3.11,74.5,1.65,2471.6
2018-11-28 20:00:00,8.45,60.3,4.62,2455.0
2018-11-28 21:00:00,1.51,94.2,2.95,2702.9
2018-11-28 22:00:00,2.35,81.2,3.52,2873.9
2018-11-28 23:00:00,3.41,82.9,1.3,3017.1
2018-11-29 00:00:00,-1.11,79.3,3.03,3186.7
2018-11-29 01:00:00,4.29,71.6,8.01,3218.0
2018-11-29 02:00:00,0.1,68.7,4.59,3210.9
2018-11-29 03:00:00,0.92,66.5,6.64,3077.9
2018-11-29 04:00:00,-0.76,66.2,1.84,2938.3
2018-11-29 05:00:00,1.95,75.4,8.71,2690.3
2018-11-29 06:00:00,4.89,80.6,4.83,2567.7
2018-11-29 07:00:00,1.44,68.0,3.58,2618.7
2018-11-29 08:00:00,7.06,60.6,4.01,2498.2
2018-11-29 09:00:00,2.24,58.3,5.33,2538.8
2018-11-29 10:00:00,6.72,68.6,5.17,2544.8
2018-11-29 11:00:00,6.99,76.2,12.52,2609.0
2018-11-29 12:00:00,3.93,79.1,5.49,2728.5
2018-11-29 13:00:00,7.77,76.8,5.34,2700.5
2018-11-29 14:00:00,7.65,69.2,4.43,2755.8
2018-11-29 15:00:00,5.64,68.2,6.19,2850.0
2018-11-29 16:00:00,8.53,75.4,9.33,2725.5
2018-11-29 17:00:00,7.6,57.0,0.77,2585.3
2018-11-29 18:00:00,6.42,63.3,0.67,2505.5
2018-11-29 19:00:00,5.6,81.2,4.29,2512.5
2018-11-29 20:00:00,4.58,59.7,2.6,2580.5
2018-11-29 21:00:00,2.85,69.4,5.12,2759.2
2018-11-29 22:00:00,3.08,74.6,5.21,2925.1
2018-11-29 23:00:00,0.16,72.5,4.24,3148.5
2018-11-30 00:00:00,7.51,75.2,11.11,3303.4
2018-11-30 01:00:00,-3.29,86.8,2.38,3406.7
2018-11-30 02:00:00,-1.63,77.1,2.84,3304.5
2018-11-30 03:00:00,-1.57,84.4,13.35,3164.6
2018-11-30 04:00:00,4.94,60.6,1.59,3015.2
2018-11-30 05:00:00,-3.07,73.2,4.02,2954.9
2018-11-30 06:00:00,1.94,89.7,3.69,2788.9
2018-11-30 07:00:00,2.32,85.7,6.99,2714.5
2018-11-30 08:00:00,3.5,59.0,4.66,2764.7
2018-11-30 09:00:00,6.79,66.5,1.37,2764.3
2018-11-30 10:00:00,7.77,66.9,3.24,2869.2
2018-11-30 11:00:00,4.57,71.7,2.92,2938.0
2018-11-30 12:00:00,7.01,76.6,7.96,2931.8
2018-11-30 13:00:00,2.5,84.7,13.31,2946.5
2018-11-30 14:00:00,7.81,66.1,11.12,2919.7
2018-11-30 15:00:00,5.71,76.4,4.54,2828.8
2018-11-30 16:00:00,7.1,71.5,9.71,2795.9
2018-11-30 17:00:00,2.95,69.5,9.83,2679.0
2018-11-30 18:00:00,7.54,52.4,15.27,2479.3
2018-11-30 19:00:00,1.46,79.0,0.06,2518.3
2018-11-30 20:00:00,5.1,72.8,3.54,2577.7
2018-11-30 21:00:00,0.63,74.6,7.68,2749.8
2018-11-30 22:00:00,0.54,63.7,2.71,2966.1
2018-11-30 23:00:00,4.59,84.0,1.42,3117.7
2018-12-01 00:00:00,2.27,71.4,1.78,3042.5
2018-12-01 01:00:00,3.04,60.4,6.38,3119.2
2018-12-01 02:00:00,3.67,58.6,2.92,2996.3
2018-12-01 03:00:00,-2.3,79.3,1.82,2906.2
2018-12-01 04:00:00,3.51,74.8,13.55,2588.6
2018-12-01 05:00:00,-3.5,71.1,6.28,2568.1
2018-12-01 06:00:00,2.67,73.6,12.11,2394.4
2018-12-01 07:00:00,0.4,77.0,3.61,2388.4
2018-12-01 08:00:00,0.27,72.9,8.89,2399.6
2018-12-01 09:00:00,5.17,62.3,2.15,2382.2
2018-12-01 10:00:00,7.03,74.1,2.92,2470.4
2018-12-01 11:00:00,7.92,72.4,3.5,2555.4
2018-12-01 12:00:00,7.0,70.9,2.96,2600.1
2018-12-01 13:00:00,7.43,59.4,1.7,2705.9
2018-12-01 14:00:00,8.81,54.3,3.14,2723.7
2018-12-01 15:00:00,8.39,65.9,1.13,2744.0
2018-12-01 16:00:00,8.85,72.4,5.1,2567.5
2018-12-01 17:00:00,7.61,74.2,10.48,2448.7
2018-12-01 18:00:00,8.57,69.8,2.64,2387.7
2018-12-01 19:00:00,1.56,67.1,4.23,2364.2
2018-12-01 20:00:00,4.34,62.1,9.82,2363.8
2018-12-01 21:00:00,0.17,71.7,13.77,2492.9
2018-12-01 22:00:00,3.29,69.3,9.29,2665.0
2018-12-01 23:00:00,5.74,76.3,5.21,2810.6
2018-12-02 00:00:00,-0.45,68.5,7.14,2963.9
2018-12-02 01:00:00,0.42,68.5,7.62,3062.8
2018-12-02 02:00:00,1.59,87.2,7.22,3002.0
2018-12-02 03:00:00,-5.6,88.9,2.9,2946.5
2018-12-02 04:00:00,-1.6,66.2,8.53,2733.1
2018-12-02 05:00:00,1.01,82.9,10.36,2582.9
2018-12-02 06:00:00,-6.5,68.2,0.4,2574.0
2018-12-02 07:00:00,-0.88,69.2,3.53,2402.0
2018-12-02 08:00:00,5.28,65.2,6.7,2442.6
2018-12-02 09:00:00,6.07,66.5,5.7,2552.3
2018-12-02 10:00:00,5.54,72.5,6.8,2592.0
2018-12-02 11:00:00,7.77,66.6,1.94,2561.3
2018-12-02 12:00:00,6.93,71.4,0.37,2586.1
2018-12-02 13:00:00,8.42,62.0,5.38,2574.9
2018-12-02 14:00:00,6.64,69.7,4.52,2623.4
2018-12-02 15:00:00,7.86,66.3,10.21,2567.9
2018-12-02 16:00:00,5.85,56.2,6.76,2496.7
2018-12-02 17:00:00,10.19,67.7,0.4,2392.6
2018-12-02 18:00:00,10.2,64.6,6.88,2306.1
2018-12-02 19:00:00,9.02,59.1,12.33,2323.1
2018-12-02 20:00:00,3.58,65.7,9.96,2417.7
2018-12-02 21:00:00,1.18,67.9,6.77,2634.6
2018-12-02 22:00:00,5.72,65.5,3.19,2847.0
2018-12-02 23:00:00,2.93,83.7,4.14,3040.9
2018-12-03 00:00:00,1.5,87.5,4.05,3397.7
2018-12-03 01:00:00,-1.54,51.4,7.66,3436.8
2018-12-03 02:00:00,0.71,75.3,7.31,3369.5
2018-12-03 03:00:00,-3.21,82.2,5.08,3278.1
2018-12-03 04:00:00,1.23,69.3,9.44,2963.8
2018-12-03 05:00:00,3.49,76.6,2.6,2807.2
2018-12-03 06:00:00,4.75,81.4,8.9,2676.2
2018-12-03 07:00:00,3.28,58.4,13.95,2667.8
2018-12-03 08:00:00,-0.98,73.9,11.44,2729.0
2018-12-03 09:00:00,4.0,84.5,8.96,2716.3
2018-12-03 10:00:00,9.89,54.2,3.12,2661.0
2018-12-03 11:00:00,3.33,68.4,6.12,2743.4
2018-12-03 12:00:00,6.19,63.5,7.57,2782.0
2018-12-03 13:00:00,10.5,72.0,5.89,2795.0
2018-12-03 14:00:00,8.91,74.4,7.52,2825.6
2018-12-03 15:00:00,13.71,62.3,16.68,2803.4
2018-12-03 16:00:00,5.54,67.8,11.18,2748.5
2018-12-03 17:00:00,4.5,54.7,14.87,2616.7
2018-12-03 18:00:00,9.39,75.9,10.79,2538.5
2018-12-03 19:00:00,2.52,67.2,4.19,2603.1
2018-12-03 20:00:00,4.05,67.6,2.1,2608.2
2018-12-03 21:00:00,3.34,77.1,4.1,2784.4
2018-12-03 22:00:00,5.06,69.5,5.69,2907.7
2018-12-03 23:00:00,3.04,77.6,10.34,3123.4
2018-12-04 00:00:00,1.76,75.4,9.14,3276.5
2018-12-04 01:00:00,-1.02,74.4,2.59,3308.7
2018-12-04 02:00:00,2.62,72.4,6.0,3224.0
2018-12-04 03:00:00,9.51,55.4,12.36,2957.4
2018-12-04 04:00:00,1.31,69.8,2.67,2874.3
2018-12-04 05:00:00,0.23,80.5,4.68,2742.0
2018-12-04 06:00:00,-2.62,66.9,3.98,2639.1
2018-12-04 07:00:00,-0.15,66.4,9.65,2622.8
2018-12-04 08:00:00,1.88,63.5,15.28,2678.9
2018-12-04 09:00:00,2.11,71.5,3.77,2731.4
2018-12-04 10:00:00,4.44,79.7,3.11,2783.1
2018-12-04 11:00:00,9.89,68.5,1.65,2788.5
2018-12-04 12:00:00,9.39,47.1,5.46,2852.3
2018-12-04 13:00:00,6.52,72.0,10.06,2902.7
2018-12-04 14:00:00,4.29,65.0,1.06,2937.4
2018-12-04 15:00:00,10.79,67.4,4.91,2839.0
2018-12-04 16:00:00,7.19,65.1,6.77,2861.2
2018-12-04 17:00:00,2.6,63.0,9.13,2793.0
2018-12-04 18:00:00,8.06,65.0,6.51,2608.2
2018-12-04 19:00:00,8.01,62.1,1.98,2504.8
2018-12-04 20:00:00,-1.58,75.7,3.23,2696.2
2018-12-04 21:00:00,1.39,63.8,13.24,2853.9
2018-12-04 22:00:00,2.14,61.3,8.23,2972.8
2018-12-04 23:00:00,3.28,75.2,3.72,3166.9
2018-12-05 00:00:00,-0.72,81.4,4.85,3351.9
2018-12-05 01:00:00,-2.15,78.4,2.33,3388.9
2018-12-05 02:00:00,1.35,65.7,0.92,3230.7
2018-12-05 03:00:00,-1.78,67.5,5.15,3137.2
2018-12-05 04:00:00,0.89,65.8,3.01,2989.1
2018-12-05 05:00:00,-2.85,81.4,6.95,2923.8
2018-12-05 06:00:00,-2.82,67.7,17.62,2834.1
2018-12-05 07:00:00,3.28,76.4,6.63,2762.0
2018-12-05 08:00:00,2.99,74.7,6.63,2697.6
2018-12-05 09:00:00,5.7,77.3,9.96,2747.4
2018-12-05 10:00:00,3.1,78.0,1.63,2862.0
2018-12-05 11:00:00,3.41,73.6,7.57,2907.1
2018-12-05 12:00:00,9.62,52.6,2.28,2903.0
2018-12-05 13:00:00,3.05,74.4,9.81,2981.9
2018-12-05 14:00:00,10.39,64.6,6.61,2856.0
2018-12-05 15:00:00,10.7,60.5,1.8,2853.5
2018-12-05 16:00:00,9.41,75.4,6.7,2861.9
2018-12-05 17:00:00,5.14,66.7,1.41,2761.7
2018-12-05 18:00:00,4.18,64.4,1.74,2683.9
2018-12-05 19:00:00,4.87,77.1,1.28,2584.5
2018-12-05 20:00:00,1.19,67.8,10.26,2679.3
2018-12-05 21:00:00,0.99,66.6,7.13,2784.9
2018-12-05 22:00:00,3.97,59.8,5.72,2934.8
2018-12-05 23:00:00,3.02,63.0,2.53,3169.2
2018-12-06 00:00:00,-2.11,67.8,7.64,3357.2
2018-12-06 01:00:00,1.57,75.7,5.84,3340.4
2018-12-06 02:00:00,0.62,63.4,3.41,3237.2
2018-12-06 03:00:00,3.12,54.6,6.24,3096.4
2018-12-06 04:00:00,0.9,73.7,7.17,2900.0
2018-12-06 05:00:00,2.53,64.9,1.93,2792.9
2018-12-06 06:00:00,1.71,70.5,12.15,2708.4
2018-12-06 07:00:00,3.79,79.2,4.62,2613.9
2018-12-06 08:00:00,-0.91,73.3,7.41,2628.6
2018-12-06 09:00:00,3.04,81.6,4.34,2646.4
2018-12-06 10:00:00,4.28,68.0,6.68,2704.1
2018-12-06 11:00:00,4.73,76.3,3.83,2802.5
2018-12-06 12:00:00,7.28,61.8,4.1,2805.6
2018-12-06 13:00:00,8.39,66.1,3.77,2879.7
2018-12-06 14:00:00,8.19,58.0,5.66,2794.8
2018-12-06 15:00:00,6.9,60.0,8.47,2797.2
2018-12-06 16:00:00,5.37,65.9,8.6,2724.9
2018-12-06 17:00:00,9.55,53.7,8.26,2606.6
2018-12-06 18:00:00,7.05,67.6,6.1,2607.4
2018-12-06 19:00:00,2.8,67.3,3.46,2655.1
2018-12-06 20:00:00,3.89,70.8,8.36,2700.1
2018-12-06 21:00:00,-1.01,62.3,5.62,2925.4
2018-12-06 22:00:00,2.4,75.7,3.09,3114.4
2018-12-06 23:00:00,0.85,84.9,4.57,3353.1
2018-12-07 00:00:00,-0.97,84.7,9.05,3448.6
2018-12-07 01:00:00,3.79,84.2,2.05,3441.1
2018-12-07 02:00:00,-3.46,75.1,12.61,3451.2
2018-12-07 03:00:00,1.06,68.3,18.91,3237.8
2018-12-07 04:00:00,4.9,72.0,3.47,3049.5
2018-12-07 05:00:00,2.53,68.1,3.85,2903.0
2018-12-07 06:00:00,0.39,57.8,4.37,2752.0
2018-12-07 07:00:00,-1.54,79.8,3.36,2785.8
2018-12-07 08:00:00,-1.14,71.0,15.48,2768.4
2018-12-07 09:00:00,2.27,58.4,4.37,2714.5
2018-12-07 10:00:00,2.61,65.8,1.86,2914.6
2018-12-07 11:00:00,3.5,67.5,5.89,2918.6
2018-12-07 12:00:00,5.31,67.8,2.58,2980.7
2018-12-07 13:00:00,6.5,67.0,1.45,2957.4
2018-12-07 14:00:00,8.37,76.3,2.87,2927.8
2018-12-07 15:00:00,4.2,58.3,3.13,2908.1
2018-12-07 16:00:00,5.45,66.4,4.39,2784.9
2018-12-07 17:00:00,6.36,59.9,1.02,2721.7
2018-12-07 18:00:00,5.64,77.5,14.64,2735.4
2018-12-07 19:00:00,9.89,59.6,6.45,2645.5
2018-12-07 20:00:00,4.91,65.3,7.87,2658.2
2018-12-07 21:00:00,-0.74,81.0,5.47,2801.2
2018-12-07 22:00:00,3.31,80.0,11.0,2914.4
2018-12-07 23:00:00,2.66,81.7,3.79,3115.8
2018-12-08 00:00:00,0.11,58.8,5.45,3009.6
2018-12-08 01:00:00,-3.25,78.5,2.38,3165.3
2018-12-08 02:00:00,3.78,71.1,4.65,3013.0
2018-12-08 03:00:00,-3.42,74.3,5.1,2966.6
2018-12-08 04:00:00,1.04,71.7,2.58,2734.3
2018-12-08 05:00:00,0.29,82.1,6.38,2584.6
2018-12-08 06:00:00,1.93,78.8,6.78,2455.1
2018-12-08 07:00:00,5.52,74.8,7.98,2387.9
2018-12-08 08:00:00,3.62,70.8,6.69,2410.2
2018-12-08 09:00:00,1.86,88.7,4.79,2489.2
2018-12-08 10:00:00,7.05,63.2,9.02,2488.4
2018-12-08 11:00:00,3.67,56.1,5.41,2689.3
2018-12-08 12:00:00,6.49,64.7,0.75,2728.6
2018-12-08 13:00:00,3.48,69.7,1.52,2811.9
2018-12-08 14:00:00,4.53,78.8,2.34,2790.0
2018-12-08 15:00:00,7.38,62.0,2.87,2658.4
2018-12-08 16:00:00,8.04,69.5,6.4,2522.8
2018-12-08 17:00:00,2.46,58.2,11.3,2481.2
2018-12-08 18:00:00,7.32,74.8,7.23,2344.7
2018-12-08 19:00:00,3.2,70.0,6.17,2373.0
2018-12-08 20:00:00,7.49,63.8,0.98,2385.4
2018-12-08 21:00:00,2.37,87.2,0.47,2546.1
2018-12-08 22:00:00,-0.59,81.0,12.38,2865.4
2018-12-08 23:00:00,1.44,62.5,3.63,3026.1
2018-12-09 00:00:00,-1.91,72.7,6.5,3155.1
2018-12-09 01:00:00,2.92,91.6,7.04,3110.9
2018-12-09 02:00:00,-0.65,88.4,18.35,3096.7
2018-12-09 03:00:00,-1.17,80.3,14.85,2936.8
2018-12-09 04:00:00,0.83,56.6,20.51,2775.6
2018-12-09 05:00:00,-2.76,84.9,7.92,2647.1
2018-12-09 06:00:00,-2.84,69.2,13.27,2529.4
2018-12-09 07:00:00,2.23,80.8,1.95,2386.5
2018-12-09 08:00:00,-0.57,66.7,18.58,2484.9
2018-12-09 09:00:00,0.46,75.5,8.86,2486.6
2018-12-09 10:00:00,6.34,61.8,4.11,2534.2
2018-12-09 11:00:00,6.52,63.9,9.51,2579.5
2018-12-09 12:00:00,2.91,74.7,11.39,2714.5
2018-12-09 13:00:00,5.13,57.3,7.44,2781.6
2018-12-09 14:00:00,4.82,87.1,11.86,2752.5
2018-12-09 15:00:00,11.65,54.5,4.86,2628.6
2018-12-09 16:00:00,9.34,55.9,7.42,2649.9
2018-12-09 17:00:00,5.62,72.5,2.27,2594.5
2018-12-09 18:00:00,7.48,76.4,4.14,2504.0
2018-12-09 19:00:00,1.82,68.0,3.55,2454.3
2018-12-09 20:00:00,2.57,61.4,1.9,2444.3
2018-12-09 21:00:00,3.47,61.8,0.74,2571.0
2018-12-09 22:00:00,3.31,61.1,4.25,2736.3
2018-12-09 23:00:00,0.97,73.7,2.39,2900.5
2018-12-10 00:00:00,0.97,70.7,5.99,3294.8
2018-12-10 01:00:00,-0.09,75.5,6.64,3268.9
2018-12-10 02:00:00,-1.1,75.8,15.03,3231.2
2018-12-10 03:00:00,-1.57,79.8,3.39,3062.1
2018-12-10 04:00:00,-1.75,70.1,11.45,2932.8
2018-12-10 05:00:00,0.29,65.9,6.44,2773.6
2018-12-10 06:00:00,1.37,72.2,7.22,2695.3
2018-12-10 07:00:00,1.67,70.2,5.78,2718.0
2018-12-10 08:00:00,-0.81,74.7,10.21,2733.9
2018-12-10 09:00:00,0.68,65.8,5.75,2736.4
2018-12-10 10:00:00,5.21,73.0,5.63,2815.7
2018-12-10 11:00:00,8.85,55.5,2.33,2915.4
2018-12-10 12:00:00,6.38,63.4,2.68,3039.8
2018-12-10 13:00:00,5.61,76.5,6.49,2976.3
2018-12-10 14:00:00,7.6,56.9,3.85,2986.4
2018-12-10 15:00:00,4.33,76.9,1.37,2942.0
2018-12-10 16:00:00,10.31,52.5,3.55,2846.5
2018-12-10 17:00:00,7.11,53.6,9.07,2761.9
2018-12-10 18:00:00,4.33,56.6,6.04,2686.0
2018-12-10 19:00:00,4.76,69.1,3.15,2629.2
2018-12-10 20:00:00,2.89,75.5,5.03,2669.4
2018-12-10 21:00:00,6.45,77.2,9.74,2713.7
2018-12-10 22:00:00,1.63,80.4,2.28,2937.4
2018-12-10 23:00:00,1.56,77.7,2.11,3134.7
2018-12-11 00:00:00,1.75,63.9,5.89,3327.6
2018-12-11 01:00:00,-2.17,67.0,3.6,3413.5
2018-12-11 02:00:00,-0.24,78.5,5.89,3304.5
2018-12-11 03:00:00,-0.17,83.5,5.26,3139.8
2018-12-11 04:00:00,-4.61,67.4,5.88,2891.8
2018-12-11 05:00:00,0.31,82.1,15.41,2695.1
2018-12-11 06:00:00,0.2,56.5,1.73,2625.1
2018-12-11 07:00:00,1.47,73.9,8.17,2572.9
2018-12-11 08:00:00,2.2,69.4,6.96,2584.9
2018-12-11 09:00:00,3.79,67.3,7.9,2544.4
2018-12-11 10:00:00,7.52,66.2,0.91,2552.6
2018-12-11 11:00:00,2.19,63.4,8.75,2666.7
2018-12-11 12:00:00,5.11,71.5,4.28,2704.8
2018-12-11 13:00:00,8.27,65.9,5.7,2626.2
2018-12-11 14:00:00,8.21,72.9,4.7,2674.1
2018-12-11 15:00:00,8.29,78.1,2.55,2676.4
2018-12-11 16:00:00,13.89,61.9,4.39,2635.4
2018-12-11 17:00:00,8.14,58.9,5.25,2565.5
2018-12-11 18:00:00,8.8,55.9,7.41,2530.1
2018-12-11 19:00:00,4.37,82.1,6.58,2626.0
2018-12-11 20:00:00,1.69,83.2,4.83,2643.5
2018-12-11 21:00:00,2.36,77.2,5.42,2724.2
2018-12-11 22:00:00,3.89,69.4,5.37,2918.1
2018-12-11 23:00:00,2.16,76.8,7.27,3150.2
2018-12-12 00:00:00,1.29,81.4,8.7,3242.2
2018-12-12 01:00:00,-0.89,67.8,9.29,3371.6
2018-12-12 02:00:00,-1.69,73.6,3.99,3268.6
2018-12-12 03:00:00,-1.34,64.2,4.27,3113.8
2018-12-12 04:00:00,1.06,70.1,3.71,2949.7
2018-12-12 05:00:00,1.75,83.0,5.28,2851.6
2018-12-12 06:00:00,-2.23,82.4,18.21,2749.9
2018-12-12 07:00:00,3.02,70.7,3.96,2697.3
2018-12-12 08:00:00,0.45,50.1,7.91,2738.4
2018-12-12 09:00:00,4.28,63.3,8.02,2696.1
2018-12-12 10:00:00,3.67,69.9,6.76,2755.8
2018-12-12 11:00:00,9.03,63.1,0.85,2734.7
2018-12-12 12:00:00,4.89,68.3,4.93,2879.5
2018-12-12 13:00:00,7.02,68.3,7.22,2850.4
2018-12-12 14:00:00,8.49,60.9,2.89,2876.7
2018-12-12 15:00:00,4.93,68.0,1.03,2888.0
2018-12-12 16:00:00,6.79,65.4,7.33,2816.0
2018-12-12 17:00:00,5.91,61.6,8.96,2731.4
2018-12-12 18:00:00,4.66,83.0,4.68,2625.7
2018-12-12 19:00:00,4.01,65.0,3.47,2619.8
2018-12-12 20:00:00,6.93,48.4,12.6,2644.5
2018-12-12 21:00:00,1.62,85.0,9.17,2806.4
2018-12-12 22:00:00,3.49,62.4,2.18,3074.9
2018-12-12 23:00:00,1.9,77.7,5.77,3212.2
2018-12-13 00:00:00,-3.24,69.1,2.41,3407.1
2018-12-13 01:00:00,0.92,75.8,4.06,3411.6
2018-12-13 02:00:00,-4.31,75.1,11.38,3370.7
2018-12-13 03:00:00,0.66,79.5,11.44,3178.2
2018-12-13 04:00:00,-2.05,71.9,3.38,3043.9
2018-12-13 05:00:00,-0.36,67.0,7.73,2866.2
2018-12-13 06:00:00,-2.98,76.4,2.22,2769.6
2018-12-13 07:00:00,1.39,67.8,17.75,2691.4
2018-12-13 08:00:00,4.37,53.1,1.02,2660.8
2018-12-13 09:00:00,1.07,66.3,3.96,2809.4
2018-12-13 10:00:00,2.6,92.9,7.71,2895.2
2018-12-13 11:00:00,6.22,52.5,2.57,2923.7
2018-12-13 12:00:00,7.11,68.2,2.2,2937.3
2018-12-13 13:00:00,0.46,69.7,5.05,3028.5
2018-12-13 14:00:00,11.99,77.1,3.12,2916.5
2018-12-13 15:00:00,8.41,56.4,0.87,2896.8
2018-12-13 16:00:00,8.69,65.9,5.04,2756.9
2018-12-13 17:00:00,6.19,72.5,7.5,2672.7
2018-12-13 18:00:00,1.28,69.5,4.43,2603.6
2018-12-13 19:00:00,6.77,60.4,4.94,2501.8
2018-12-13 20:00:00,2.71,69.7,6.76,2678.3
2018-12-13 21:00:00,4.45,66.0,14.6,2779.1
2018-12-13 22:00:00,1.5,68.3,3.8,3001.4
2018-12-13 23:00:00,1.68,78.1,6.43,3173.7
2018-12-14 00:00:00,-1.7,76.6,4.97,3362.5
2018-12-14 01:00:00,1.76,75.0,2.08,3339.5
2018-12-14 02:00:00,-3.77,77.7,8.39,3301.1
2018-12-14 03:00:00,4.68,75.9,12.24,3046.6
2018-12-14 04:00:00,4.79,78.6,7.51,2850.7
2018-12-14 05:00:00,3.68,66.8,0.6,2783.4
2018-12-14 06:00:00,3.42,75.8,3.97,2707.7
2018-12-14 07:00:00,0.85,60.9,7.49,2677.6
2018-12-14 08:00:00,4.94,50.0,10.06,2697.1
2018-12-14 09:00:00,2.82,84.4,1.29,2819.3
2018-12-14 10:00:00,0.21,69.2,2.03,2879.4
2018-12-14 11:00:00,8.82,67.0,6.58,2849.7
2018-12-14 12:00:00,8.71,55.2,5.48,2911.2
2018-12-14 13:00:00,6.45,56.7,5.05,2942.5
2018-12-14 14:00:00,3.86,63.2,14.08,2960.0
2018-12-14 15:00:00,5.6,72.7,14.97,2894.5
2018-12-14 16:00:00,2.37,66.0,2.43,2853.1
2018-12-14 17:00:00,8.89,62.2,0.97,2819.1
2018-12-14 18:00:00,1.88,64.5,4.8,2753.3
2018-12-14 19:00:00,5.78,76.7,8.27,2614.0
2018-12-14 20:00:00,1.99,77.4,10.7,2739.0
2018-12-14 21:00:00,-0.5,68.5,3.84,2894.9
2018-12-14 22:00:00,2.62,75.4,2.92,3027.2
2018-12-14 23:00:00,0.23,69.9,6.85,3263.9
2018-12-15 00:00:00,2.31,67.5,4.31,3063.1
2018-12-15 01:00:00,-3.59,74.5,5.28,3163.9
2018-12-15 02:00:00,-2.71,79.3,7.54,3073.3
2018-12-15 03:00:00,-6.93,70.4,4.52,2969.8
2018-12-15 04:00:00,-6.28,81.0,1.51,2792.3
2018-12-15 05:00:00,4.07,88.7,2.99,2633.9
2018-12-15 06:00:00,5.42,69.1,3.11,2491.5
2018-12-15 07:00:00,1.28,71.3,3.14,2460.5
2018-12-15 08:00:00,-0.05,71.4,0.8,2516.9
2018-12-15 09:00:00,2.3,74.0,16.46,2586.8
2018-12-15 10:00:00,6.26,54.1,2.01,2554.2
2018-12-15 11:00:00,3.76,82.6,8.6,2665.6
2018-12-15 12:00:00,6.47,74.7,2.63,2650.0
2018-12-15 13:00:00,6.48,61.7,3.82,2640.7
2018-12-15 14:00:00,5.48,67.9,5.18,2661.3
2018-12-15 15:00:00,5.73,63.0,3.27,2609.2
2018-12-15 16:00:00,7.64,68.3,13.22,2476.3
2018-12-15 17:00:00,4.07,69.2,31.88,2398.3
2018-12-15 18:00:00,7.0,68.2,0.9,2281.6
2018-12-15 19:00:00,3.86,60.7,10.25,2322.3
2018-12-15 20:00:00,4.4,64.6,5.8,2335.2
2018-12-15 21:00:00,6.5,76.0,3.98,2460.6
2018-12-15 22:00:00,1.59,66.5,9.12,2629.3
2018-12-15 23:00:00,3.34,48.2,10.88,2805.3
2018-12-16 00:00:00,-4.28,74.2,4.8,3056.8
2018-12-16 01:00:00,-1.61,92.6,12.16,3051.4
2018-12-16 02:00:00,-0.77,79.4,0.69,3004.3
2018-12-16 03:00:00,3.84,64.3,8.24,2742.4
2018-12-16 04:00:00,-5.74,76.2,5.29,2638.8
2018-12-16 05:00:00,-0.68,78.0,6.06,2483.0
2018-12-16 06:00:00,3.84,54.9,10.1,2384.5
2018-12-16 07:00:00,-0.94,65.9,7.65,2487.1
2018-12-16 08:00:00,1.46,74.0,16.74,2512.7
2018-12-16 09:00:00,3.86,81.7,18.63,2586.3
2018-12-16 10:00:00,4.52,64.9,4.5,2600.6
2018-12-16 11:00:00,8.94,77.4,1.77,2623.0
2018-12-16 12:00:00,6.98,60.4,5.09,2644.6
2018-12-16 13:00:00,9.81,37.1,2.43,2705.1
2018-12-16 14:00:00,5.99,73.2,3.66,2737.0
2018-12-16 15:00:00,5.18,72.2,5.66,2729.7
2018-12-16 16:00:00,6.33,72.8,1.26,2547.2
2018-12-16 17:00:00,3.59,74.7,7.36,2385.8
2018-12-16 18:00:00,7.06,67.9,4.81,2358.1
2018-12-16 19:00:00,4.06,66.7,2.83,2499.7
2018-12-16 20:00:00,2.38,68.3,0.4,2561.6
2018-12-16 21:00:00,4.27,64.9,9.88,2717.6
2018-12-16 22:00:00,-0.87,69.5,10.94,2898.1
2018-12-16 23:00:00,2.95,55.1,10.17,2962.9
2018-12-17 00:00:00,-1.01,63.1,2.41,3441.8
2018-12-17 01:00:00,2.45,68.7,6.89,3417.5
2018-12-17 02:00:00,-1.83,55.5,11.22,3368.6
2018-12-17 03:00:00,0.6,55.5,6.44,3256.6
2018-12-17 04:00:00,-0.4,69.6,6.04,3063.7
2018-12-17 05:00:00,1.41,69.8,15.34,2836.9
2018-12-17 06:00:00,0.46,69.1,14.63,2694.0
2018-12-17 07:00:00,-3.14,55.5,3.66,2706.5
2018-12-17 08:00:00,4.5,80.8,3.18,2694.6
2018-12-17 09:00:00,2.8,58.3,2.66,2757.4
2018-12-17 10:00:00,6.02,60.6,0.85,2793.7
2018-12-17 11:00:00,6.74,56.5,13.19,2828.8
2018-12-17 12:00:00,3.91,79.3,6.37,2903.9
2018-12-17 13:00:00,4.19,72.0,3.72,3012.9
2018-12-17 14:00:00,8.52,61.4,5.52,2969.6
2018-12-17 15:00:00,6.26,62.6,13.99,2925.5
2018-12-17 16:00:00,9.22,66.1,1.35,2889.5
2018-12-17 17:00:00,6.03,57.2,12.89,2804.2
2018-12-17 18:00:00,8.4,68.3,5.15,2681.4
2018-12-17 19:00:00,6.07,62.8,7.22,2655.0
2018-12-17 20:00:00,4.77,72.3,7.52,2645.3
2018-12-17 21:00:00,2.08,74.2,14.53,2789.9
2018-12-17 22:00:00,2.56,65.2,2.54,2981.8
2018-12-17 23:00:00,4.0,52.4,20.92,3136.2
2018-12-18 00:00:00,0.04,70.0,1.66,3348.1
2018-12-18 01:00:00,0.87,59.7,2.98,3327.8
2018-12-18 02:00:00,-0.74,73.2,8.4,3287.9
2018-12-18 03:00:00,-0.68,70.5,13.38,3122.5
2018-12-18 04:00:00,3.45,64.5,2.65,2951.4
2018-12-18 05:00:00,2.55,59.6,1.46,2871.0
2018-12-18 06:00:00,0.38,81.2,13.87,2837.6
2018-12-18 07:00:00,1.54,67.1,3.8,2783.9
2018-12-18 08:00:00,0.22,90.7,4.03,2806.6
2018-12-18 09:00:00,2.57,70.2,5.76,2825.6
2018-12-18 10:00:00,4.82,71.0,4.95,2823.1
2018-12-18 11:00:00,7.13,66.6,8.59,2906.5
2018-12-18 12:00:00,7.71,68.6,1.75,2870.8
2018-12-18 13:00:00,3.7,77.8,1.28,2943.0
2018-12-18 14:00:00,9.31,73.4,7.15,2967.9
2018-12-18 15:00:00,6.78,52.4,7.45,2891.0
2018-12-18 16:00:00,4.4,75.3,8.57,2865.9
2018-12-18 17:00:00,9.81,68.1,8.24,2746.8
2018-12-18 18:00:00,9.49,64.7,1.31,2637.7
2018-12-18 19:00:00,5.67,81.2,8.15,2599.4
2018-12-18 20:00:00,5.81,81.4,7.9,2581.7
2018-12-18 21:00:00,4.93,75.3,1.54,2714.1
2018-12-18 22:00:00,5.46,63.3,10.9,2872.8
2018-12-18 23:00:00,2.83,60.2,2.58,3039.1
2018-12-19 00:00:00,-3.15,80.6,2.31,3287.7
2018-12-19 01:00:00,4.56,79.2,8.72,3217.8
2018-12-19 02:00:00,1.8,54.3,1.9,3207.0
2018-12-19 03:00:00,-2.27,82.5,4.42,3077.4
2018-12-19 04:00:00,-3.44,72.7,3.9,2952.4
2018-12-19 05:00:00,0.8,56.9,3.36,2777.8
2018-12-19 06:00:00,-0.52,76.2,2.76,2745.2
2018-12-19 07:00:00,1.83,77.8,19.04,2628.0
2018-12-19 08:00:00,3.82,66.1,8.37,2611.3
2018-12-19 09:00:00,1.59,62.3,3.04,2741.2
2018-12-19 10:00:00,1.25,84.7,3.12,2795.8
2018-12-19 11:00:00,5.97,61.9,6.66,2813.1
2018-12-19 12:00:00,4.5,77.7,3.88,2920.5
2018-12-19 13:00:00,6.83,54.4,6.97,2930.6
2018-12-19 14:00:00,3.51,72.5,2.05,2982.0
2018-12-19 15:00:00,6.37,70.0,5.75,2918.3
2018-12-19 16:00:00,8.65,72.1,9.11,2810.6
2018-12-19 17:00:00,7.98,77.6,5.51,2668.9
2018-12-19 18:00:00,3.86,62.4,4.11,2616.6
2018-12-19 19:00:00,2.08,74.5,7.49,2633.1
2018-12-19 20:00:00,4.08,57.8,0.63,2652.1
2018-12-19 21:00:00,4.4,57.5,9.09,2803.1
2018-12-19 22:00:00,2.98,65.0,0.77,2987.5
2018-12-19 23:00:00,-0.28,75.5,10.17,3224.1
2018-12-20 00:00:00,0.92,84.7,3.99,3313.8
2018-12-20 01:00:00,3.29,84.2,9.62,3275.6
2018-12-20 02:00:00,-0.35,69.4,11.15,3283.8
2018-12-20 03:00:00,-5.08,78.5,4.2,3143.5
2018-12-20 04:00:00,-0.36,79.8,10.58,2905.1
2018-12-20 05:00:00,4.65,74.4,6.33,2717.9
2018-12-20 06:00:00,-3.05,73.1,7.45,2638.9
2018-12-20 07:00:00,1.07,71.7,12.35,2565.1
2018-12-20 08:00:00,1.4,70.0,6.85,2580.3
2018-12-20 09:00:00,3.24,67.7,9.64,2630.2
2018-12-20 10:00:00,4.52,65.7,18.03,2699.5
2018-12-20 11:00:00,7.85,64.8,9.58,2737.3
2018-12-20 12:00:00,6.04,63.9,3.9,2828.1
2018-12-20 13:00:00,9.66,55.2,6.49,2907.6
2018-12-20 14:00:00,6.57,73.6,3.1,3045.6
2018-12-20 15:00:00,6.12,71.2,6.71,3026.2
2018-12-20 16:00:00,5.19,82.9,4.34,2935.6
2018-12-20 17:00:00,1.92,73.4,7.2,2825.6
2018-12-20 18:00:00,6.52,63.5,9.72,2661.2
2018-12-20 19:00:00,10.14,58.9,3.01,2583.5
2018-12-20 20:00:00,5.18,68.2,5.62,2724.5
2018-12-20 21:00:00,4.72,72.6,2.39,2810.4
2018-12-20 22:00:00,0.93,69.3,3.14,3044.4
2018-12-20 23:00:00,0.39,59.9,6.3,3208.3
2018-12-21 00:00:00,2.64,64.0,4.09,3352.1
2018-12-21 01:00:00,4.56,68.5,13.85,3341.8
2018-12-21 02:00:00,2.86,75.6,1.08,3253.8
2018-12-21 03:00:00,1.02,59.3,15.78,3100.7
2018-12-21 04:00:00,-0.77,74.7,9.59,3022.0
2018-12-21 05:00:00,0.06,73.7,8.3,2857.2
2018-12-21 06:00:00,-1.71,69.8,9.17,2820.8
2018-12-21 07:00:00,-2.62,69.4,9.04,2804.8
2018-12-21 08:00:00,-0.85,66.8,3.84,2825.7
2018-12-21 09:00:00,3.13,70.6,9.94,2816.6
2018-12-21 10:00:00,3.31,78.4,6.68,2874.1
2018-12-21 11:00:00,1.33,80.5,1.28,2917.1
2018-12-21 12:00:00,5.74,58.4,3.18,2895.2
2018-12-21 13:00:00,5.67,66.0,2.41,2933.9
2018-12-21 14:00:00,3.93,51.3,4.75,2952.8
2018-12-21 15:00:00,6.08,68.0,0.78,2899.3
2018-12-21 16:00:00,6.06,71.9,8.86,2862.2
2018-12-21 17:00:00,4.92,80.6,9.96,2850.7
2018-12-21 18:00:00,8.15,51.2,3.75,2681.5
2018-12-21 19:00:00,0.24,63.1,7.29,2736.6
2018-12-21 20:00:00,-0.93,73.9,14.21,2763.7
2018-12-21 21:00:00,3.01,56.6,4.04,2783.4
2018-12-21 22:00:00,2.21,71.6,4.04,3074.1
2018-12-21 23:00:00,2.01,75.4,4.53,3245.9
2018-12-22 00:00:00,-1.17,62.7,8.37,3132.0
2018-12-22 01:00:00,-2.75,75.3,3.98,3208.4
2018-12-22 02:00:00,-0.87,63.0,4.59,3204.5
2018-12-22 03:00:00,-2.1,84.7,8.16,3060.5
2018-12-22 04:00:00,3.02,71.2,7.83,2917.9
2018-12-22 05:00:00,-1.27,67.9,3.59,2778.1
2018-12-22 06:00:00,0.05,62.1,2.32,2684.4
2018-12-22 07:00:00,7.2,69.4,4.19,2522.0
2018-12-22 08:00:00,1.49,81.7,4.96,2552.0
2018-12-22 09:00:00,4.4,62.3,6.37,2581.3
2018-12-22 10:00:00,5.66,64.0,5.56,2681.8
2018-12-22 11:00:00,6.84,60.5,1.86,2704.0
2018-12-22 12:00:00,6.56,79.2,3.91,2793.4
2018-12-22 13:00:00,6.96,51.2,0.84,2829.4
2018-12-22 14:00:00,7.12,76.6,6.35,2809.0
2018-12-22 15:00:00,5.57,64.5,2.22,2807.6
2018-12-22 16:00:00,7.69,65.3,1.43,2665.0
2018-12-22 17:00:00,11.54,60.0,4.34,2576.9
2018-12-22 18:00:00,8.86,66.8,7.07,2479.0
2018-12-22 19:00:00,5.77,61.5,5.45,2493.3
2018-12-22 20:00:00,6.18,75.5,15.23,2528.9
2018-12-22 21:00:00,0.83,80.1,1.09,2700.2
2018-12-22 22:00:00,1.32,63.1,1.02,2728.3
2018-12-22 23:00:00,3.38,74.6,3.38,2875.3
2018-12-23 00:00:00,3.91,66.0,9.68,2967.5
2018-12-23 01:00:00,-2.37,74.3,3.62,3096.3
2018-12-23 02:00:00,-2.06,85.8,2.58,3020.7
2018-12-23 03:00:00,4.47,63.0,7.4,2751.3
2018-12-23 04:00:00,-0.61,79.9,3.92,2670.1
2018-12-23 05:00:00,4.11,72.4,12.13,2478.6
2018-12-23 06:00:00,0.71,69.9,4.44,2427.6
2018-12-23 07:00:00,1.63,73.6,9.78,2417.4
2018-12-23 08:00:00,1.22,73.0,4.73,2462.1
2018-12-23 09:00:00,5.37,58.4,7.1,2562.7
2018-12-23 10:00:00,7.45,61.2,10.79,2641.3
2018-12-23 11:00:00,2.43,61.7,1.02,2753.0
2018-12-23 12:00:00,4.96,65.8,0.71,2790.7
2018-12-23 13:00:00,8.77,75.7,1.16,2772.9
2018-12-23 14:00:00,6.56,71.4,2.33,2774.7
2018-12-23 15:00:00,5.78,55.9,11.11,2778.8
2018-12-23 16:00:00,9.4,62.3,16.62,2722.3
2018-12-23 17:00:00,9.24,66.5,4.99,2600.8
2018-12-23 18:00:00,4.72,74.2,3.79,2566.0
2018-12-23 19:00:00,5.55,62.4,6.85,2469.5
2018-12-23 20:00:00,1.03,61.3,2.99,2576.2
2018-12-23 21:00:00,0.78,70.9,6.57,2657.0
2018-12-23 22:00:00,2.29,74.7,10.82,2825.3
2018-12-23 23:00:00,1.1,73.0,6.89,3029.7
2018-12-24 00:00:00,-2.22,66.7,2.08,3483.5
2018-12-24 01:00:00,-2.22,87.8,4.86,3414.8
2018-12-24 02:00:00,-3.5,74.0,17.91,3418.4
2018-12-24 03:00:00,0.17,73.4,7.45,3273.4
2018-12-24 04:00:00,-5.75,71.3,3.53,3165.3
2018-12-24 05:00:00,-2.96,83.2,2.92,2958.7
2018-12-24 06:00:00,-4.46,80.1,3.45,2910.1
2018-12-24 07:00:00,2.08,72.9,9.02,2874.3
2018-12-24 08:00:00,-2.51,64.8,6.2,2908.6
2018-12-24 09:00:00,3.11,78.3,2.26,2948.8
2018-12-24 10:00:00,8.16,71.5,10.4,2984.2
2018-12-24 11:00:00,9.21,72.7,17.55,3067.8
2018-12-24 12:00:00,1.34,71.2,6.43,3208.3
2018-12-24 13:00:00,7.24,65.6,11.75,3159.8
2018-12-24 14:00:00,4.42,67.0,1.99,3122.2
2018-12-24 15:00:00,4.05,87.0,4.61,3056.8
2018-12-24 16:00:00,6.61,62.4,1.79,2972.7
2018-12-24 17:00:00,9.56,54.9,9.29,2823.4
2018-12-24 18:00:00,7.36,63.1,5.3,2671.6
2018-12-24 19:00:00,3.24,65.1,0.71,2655.5
2018-12-24 20:00:00,5.83,77.4,2.02,2634.5
2018-12-24 21:00:00,-2.58,63.2,4.83,2866.3
2018-12-24 22:00:00,0.11,67.4,1.17,3060.9
2018-12-24 23:00:00,-1.03,74.3,2.14,3261.7
2018-12-25 00:00:00,0.41,81.8,11.12,3312.2
2018-12-25 01:00:00,-0.93,78.4,2.82,3346.2
2018-12-25 02:00:00,-1.17,85.9,6.37,3242.4
2018-12-25 03:00:00,-1.39,75.9,10.03,3105.7
2018-12-25 04:00:00,-0.76,71.0,8.81,2969.5
2018-12-25 05:00:00,0.93,78.1,14.57,2812.8
2018-12-25 06:00:00,0.59,60.6,10.56,2728.1
2018-12-25 07:00:00,0.33,58.1,6.21,2768.3
2018-12-25 08:00:00,3.01,77.4,1.34,2724.2
2018-12-25 09:00:00,5.11,69.6,5.01,2806.4
2018-12-25 10:00:00,2.69,77.6,8.86,2884.2
2018-12-25 11:00:00,4.9,61.3,2.47,3030.7
2018-12-25 12:00:00,8.78,75.3,11.23,3046.4
2018-12-25 13:00:00,3.75,74.4,5.31,3048.2
2018-12-25 14:00:00,11.42,62.6,8.83,2974.7
2018-12-25 15:00:00,3.7,70.7,8.79,2951.4
2018-12-25 16:00:00,6.05,69.9,9.09,2944.3
2018-12-25 17:00:00,4.13,61.8,3.6,2828.8
2018-12-25 18:00:00,11.34,59.8,14.71,2730.4
2018-12-25 19:00:00,3.79,71.6,12.7,2784.6
2018-12-25 20:00:00,2.83,66.3,5.81,2777.2
2018-12-25 21:00:00,2.12,58.5,1.91,2844.3
2018-12-25 22:00:00,2.25,72.6,3.73,3066.2
2018-12-25 23:00:00,0.22,78.5,3.59,3249.7
2018-12-26 00:00:00,-0.1,80.6,1.25,3377.7
2018-12-26 01:00:00,-9.22,83.6,3.01,3502.5
2018-12-26 02:00:00,-0.66,79.1,0.05,3224.7
2018-12-26 03:00:00,-0.89,80.6,7.72,3092.7
2018-12-26 04:00:00,1.8,71.2,4.63,2952.3
2018-12-26 05:00:00,2.87,52.7,9.19,2726.0
2018-12-26 06:00:00,-0.23,81.5,4.14,2710.1
2018-12-26 07:00:00,3.11,62.4,1.18,2646.2
2018-12-26 08:00:00,-0.72,63.5,1.83,2671.2
2018-12-26 09:00:00,4.98,59.2,5.13,2699.5
2018-12-26 10:00:00,2.67,89.7,5.09,2803.3
2018-12-26 11:00:00,2.1,73.8,2.99,2943.4
2018-12-26 12:00:00,5.43,59.3,2.89,2947.9
2018-12-26 13:00:00,10.03,58.5,9.52,2996.7
2018-12-26 14:00:00,7.38,66.1,0.82,3023.5
2018-12-26 15:00:00,10.81,67.7,6.72,2975.5
2018-12-26 16:00:00,5.06,70.2,4.23,2928.4
2018-12-26 17:00:00,9.15,57.3,9.5,2746.5
2018-12-26 18:00:00,4.26,71.1,18.55,2747.9
2018-12-26 19:00:00,5.63,62.6,1.6,2692.2
2018-12-26 20:00:00,4.64,76.7,8.39,2729.4
2018-12-26 21:00:00,4.72,68.7,8.1,2893.7
2018-12-26 22:00:00,2.66,63.8,2.6,3146.4
2018-12-26 23:00:00,-0.78,78.1,3.5,3323.8
2018-12-27 00:00:00,2.46,73.1,4.49,3471.7
2018-12-27 01:00:00,3.95,65.0,7.86,3434.6
2018-12-27 02:00:00,-2.23,79.6,5.62,3420.1
2018-12-27 03:00:00,-5.5,81.4,13.12,3328.9
2018-12-27 04:00:00,0.47,81.2,2.38,2943.9
2018-12-27 05:00:00,-1.2,78.6,5.01,2779.8
2018-12-27 06:00:00,-0.07,70.3,6.54,2670.0
2018-12-27 07:00:00,2.48,56.5,4.03,2639.3
2018-12-27 08:00:00,0.91,72.8,2.07,2689.4
2018-12-27 09:00:00,2.42,72.8,11.41,2642.1
2018-12-27 10:00:00,3.87,69.3,6.34,2705.8
2018-12-27 11:00:00,8.76,40.9,0.82,2687.1
2018-12-27 12:00:00,5.99,72.6,3.13,2778.7
2018-12-27 13:00:00,3.46,61.9,2.51,2857.6
2018-12-27 14:00:00,3.96,74.3,15.27,2893.8
2018-12-27 15:00:00,7.44,79.7,4.3,2826.4
2018-12-27 16:00:00,4.13,66.7,13.5,2804.3
2018-12-27 17:00:00,2.65,73.4,7.36,2714.7
2018-12-27 18:00:00,7.51,66.3,7.06,2608.6
2018-12-27 19:00:00,6.8,70.8,3.03,2539.0
2018-12-27 20:00:00,3.2,70.3,4.25,2633.7
2018-12-27 21:00:00,3.82,64.8,1.53,2723.3
2018-12-27 22:00:00,2.52,62.7,10.36,2919.1
2018-12-27 23:00:00,2.59,82.6,10.43,3124.9
2018-12-28 00:00:00,1.8,74.1,7.06,3235.9
2018-12-28 01:00:00,-6.86,84.1,5.6,3362.5
2018-12-28 02:00:00,-1.35,76.3,4.74,3234.9
2018-12-28 03:00:00,0.41,79.5,15.2,3167.3
2018-12-28 04:00:00,-1.77,66.3,11.54,3030.5
2018-12-28 05:00:00,-0.26,72.9,6.37,2883.5
2018-12-28 06:00:00,2.16,74.3,3.56,2725.4
2018-12-28 07:00:00,1.32,81.3,3.27,2605.5
2018-12-28 08:00:00,5.85,88.7,14.4,2576.5
2018-12-28 09:00:00,5.93,70.5,2.71,2586.1
2018-12-28 10:00:00,3.85,63.6,5.0,2712.2
2018-12-28 11:00:00,4.62,58.7,8.06,2806.8
2018-12-28 12:00:00,-1.18,65.7,9.8,2949.3
2018-12-28 13:00:00,5.76,61.2,6.77,2929.0
2018-12-28 14:00:00,3.6,45.9,5.75,2933.1
2018-12-28 15:00:00,7.67,60.5,5.48,2842.6
2018-12-28 16:00:00,7.36,71.8,4.54,2802.6
2018-12-28 17:00:00,8.32,65.9,2.09,2784.9
2018-12-28 18:00:00,9.44,62.4,8.98,2693.1
2018-12-28 19:00:00,5.05,55.0,3.63,2711.3
2018-12-28 20:00:00,9.85,72.5,1.74,2777.2
2018-12-28 21:00:00,3.7,73.1,2.28,2947.7
2018-12-28 22:00:00,-1.2,72.9,6.31,3124.2
2018-12-28 23:00:00,-0.29,54.6,8.65,3303.1
2018-12-29 00:00:00,-0.61,68.6,6.15,3238.9
2018-12-29 01:00:00,1.16,74.5,4.88,3267.7
2018-12-29 02:00:00,-3.09,74.2,5.21,3225.4
2018-12-29 03:00:00,-1.6,74.8,2.78,2968.5
2018-12-29 04:00:00,-1.12,78.4,10.56,2725.3
2018-12-29 05:00:00,-1.44,74.4,2.32,2598.2
2018-12-29 06:00:00,2.35,75.3,6.9,2455.5
2018-12-29 07:00:00,2.75,63.1,10.07,2423.3
2018-12-29 08:00:00,5.03,58.2,6.47,2468.9
2018-12-29 09:00:00,2.32,74.0,8.21,2502.1
2018-12-29 10:00:00,7.19,71.7,3.01,2506.6
2018-12-29 11:00:00,1.74,74.8,6.74,2690.0
2018-12-29 12:00:00,2.5,71.1,9.66,2694.1
2018-12-29 13:00:00,3.58,66.5,9.02,2778.5
2018-12-29 14:00:00,7.03,68.1,9.73,2765.7
2018-12-29 15:00:00,10.15,66.9,4.31,2694.2
2018-12-29 16:00:00,5.5,71.1,10.96,2668.1
2018-12-29 17:00:00,5.42,88.5,5.95,2582.8
2018-12-29 18:00:00,5.43,60.3,4.13,2517.1
2018-12-29 19:00:00,6.58,92.5,14.56,2380.1
2018-12-29 20:00:00,2.99,59.6,0.86,2515.8
2018-12-29 21:00:00,1.81,73.6,5.63,2660.3
2018-12-29 22:00:00,-1.25,63.4,3.16,2911.8
2018-12-29 23:00:00,-0.28,74.7,8.98,3088.5
2018-12-30 00:00:00,3.29,77.2,2.95,3252.2
2018-12-30 01:00:00,-0.06,72.3,1.28,3261.2
2018-12-30 02:00:00,-2.53,81.8,3.91,3261.0
2018-12-30 03:00:00,2.27,66.8,4.25,3007.7
2018-12-30 04:00:00,-2.15,57.3,3.44,2885.8
2018-12-30 05:00:00,3.27,74.4,1.78,2708.2
2018-12-30 06:00:00,3.86,69.2,4.84,2588.9
2018-12-30 07:00:00,1.32,67.1,1.03,2490.0
2018-12-30 08:00:00,-1.6,70.0,4.83,2546.4
2018-12-30 09:00:00,8.9,68.1,4.99,2477.5
2018-12-30 10:00:00,5.18,61.3,13.58,2623.0
2018-12-30 11:00:00,4.37,71.5,6.29,2662.2
2018-12-30 12:00:00,8.4,74.8,1.09,2662.5
2018-12-30 13:00:00,8.4,81.8,7.47,2680.3
2018-12-30 14:00:00,10.32,75.0,14.99,2667.2
2018-12-30 15:00:00,5.52,68.9,2.98,2689.2
2018-12-30 16:00:00,7.84,67.8,5.0,2619.6
2018-12-30 17:00:00,3.68,65.9,4.29,2584.0
2018-12-30 18:00:00,7.67,62.1,5.22,2403.7
2018-12-30 19:00:00,5.12,74.9,5.09,2364.4
2018-12-30 20:00:00,4.92,65.6,4.94,2396.9
2018-12-30 21:00:00,2.81,72.7,3.25,2542.0
2018-12-30 22:00:00,1.52,63.1,4.54,2711.6
2018-12-30 23:00:00,-0.99,83.8,5.63,2901.3
2018-12-31 00:00:00,2.36,67.5,6.07,3311.1
2018-12-31 01:00:00,3.48,77.9,6.81,3346.5
2018-12-31 02:00:00,-2.04,68.0,11.85,3287.4
2018-12-31 03:00:00,0.6,65.5,8.17,3139.3
2018-12-31 04:00:00,0.43,82.3,6.09,2957.0
2018-12-31 05:00:00,-0.23,67.2,4.18,2894.8
2018-12-31 06:00:00,-3.43,62.2,19.37,2802.4
2018-12-31 07:00:00,-2.04,65.3,1.05,2738.9
2018-12-31 08:00:00,0.23,78.7,6.76,2731.6
2018-12-31 09:00:00,-2.13,79.8,9.23,2773.2
2018-12-31 10:00:00,7.77,59.7,5.67,2774.8
2018-12-31 11:00:00,6.14,62.0,3.09,2870.7
2018-12-31 12:00:00,5.97,72.6,7.41,2952.1
2018-12-31 13:00:00,1.21,81.6,2.27,3043.6
2018-12-31 14:00:00,2.52,69.4,9.27,3047.2
2018-12-31 15:00:00,7.21,70.7,2.07,3030.9
2018-12-31 16:00:00,12.01,69.4,12.67,2939.6
2018-12-31 17:00:00,4.93,85.3,7.42,2808.0
2018-12-31 18:00:00,8.2,56.2,5.87,2700.8
2018-12-31 19:00:00,4.02,63.4,4.73,2751.5
2018-12-31 20:00:00,4.39,64.4,5.15,2690.3
2018-12-31 21:00:00,6.25,73.6,2.5,2757.7
2018-12-31 22:00:00,1.32,68.9,5.58,3022.6
2018-12-31 23:00:00,-0.51,74.9,3.91,3265.7
2019-01-01 00:00:00,3.98,69.8,3.65,3351.6
2019-01-01 01:00:00,-0.08,72.1,18.56,3435.7
2019-01-01 02:00:00,2.13,71.2,3.98,3390.6
2019-01-01 03:00:00,-2.44,82.2,4.43,3256.5
2019-01-01 04:00:00,2.92,61.9,10.58,2985.0
2019-01-01 05:00:00,0.49,70.4,2.48,2848.8
2019-01-01 06:00:00,1.53,61.1,12.46,2752.3
2019-01-01 07:00:00,1.6,72.5,4.31,2734.8
2019-01-01 08:00:00,0.97,69.7,2.82,2794.5
2019-01-01 09:00:00,3.26,77.9,1.02,2890.1
2019-01-01 10:00:00,3.2,69.4,11.44,2954.9
2019-01-01 11:00:00,7.67,62.3,3.47,2917.9
2019-01-01 12:00:00,5.59,65.6,4.22,2964.8
2019-01-01 13:00:00,2.99,83.4,4.28,3037.9
2019-01-01 14:00:00,2.93,57.1,3.46,3104.4
2019-01-01 15:00:00,2.95,64.6,7.38,3087.2
2019-01-01 16:00:00,8.68,65.3,9.7,2907.1
2019-01-01 17:00:00,3.85,63.8,19.27,2826.0
2019-01-01 18:00:00,6.85,70.4,13.15,2696.5
2019-01-01 19:00:00,5.61,67.1,5.77,2676.9
2019-01-01 20:00:00,4.14,70.7,9.33,2724.9
2019-01-01 21:00:00,4.36,69.5,15.61,2815.8
2019-01-01 22:00:00,2.63,69.1,10.31,2988.8
2019-01-01 23:00:00,-5.51,66.1,6.01,3256.6
2019-01-02 00:00:00,-0.32,73.7,7.47,3345.8
2019-01-02 01:00:00,0.91,57.2,12.56,3328.0
2019-01-02 02:00:00,3.55,63.8,0.75,3251.5
2019-01-02 03:00:00,3.53,73.1,4.7,3184.0
2019-01-02 04:00:00,-3.96,84.7,0.54,3089.0
2019-01-02 05:00:00,-1.03,91.6,1.96,2915.0
2019-01-02 06:00:00,-3.43,71.3,0.31,2783.7
2019-01-02 07:00:00,5.11,61.0,4.41,2701.2
2019-01-02 08:00:00,4.81,72.3,14.72,2703.6
2019-01-02 09:00:00,4.19,83.6,11.57,2812.5
2019-01-02 10:00:00,4.76,80.5,2.82,2946.0
2019-01-02 11:00:00,8.76,56.7,7.43,2935.9
2019-01-02 12:00:00,9.17,63.5,2.36,2958.8
2019-01-02 13:00:00,9.67,71.1,5.8,3012.4
2019-01-02 14:00:00,8.32,72.7,13.52,2976.9
2019-01-02 15:00:00,6.44,71.6,1.73,2967.7
2019-01-02 16:00:00,9.09,61.1,6.65,2855.2
2019-01-02 17:00:00,8.82,69.6,9.11,2758.7
2019-01-02 18:00:00,5.67,74.9,3.33,2624.5
2019-01-02 19:00:00,4.44,61.0,6.61,2634.9
2019-01-02 20:00:00,7.18,76.9,2.74,2758.2
2019-01-02 21:00:00,7.47,74.0,6.03,2857.3
2019-01-02 22:00:00,0.4,65.7,6.03,3045.6
2019-01-02 23:00:00,0.65,78.9,1.49,3259.4
2019-01-03 00:00:00,1.41,77.4,1.22,3340.2
2019-01-03 01:00:00,1.11,77.9,1.02,3376.2
2019-01-03 02:00:00,-1.81,86.1,7.77,3306.7
2019-01-03 03:00:00,4.07,68.7,6.88,3050.3
2019-01-03 04:00:00,0.55,74.2,5.59,2939.2
2019-01-03 05:00:00,1.23,49.9,4.51,2765.2
2019-01-03 06:00:00,4.93,77.0,9.62,2582.9
2019-01-03 07:00:00,0.24,80.0,4.1,2632.7
2019-01-03 08:00:00,2.11,81.2,2.96,2769.2
2019-01-03 09:00:00,0.23,64.3,1.91,2883.0
2019-01-03 10:00:00,3.97,76.5,5.33,2906.8
2019-01-03 11:00:00,1.64,78.8,6.24,3115.6
2019-01-03 12:00:00,8.06,60.3,5.12,3017.8
2019-01-03 13:00:00,7.88,74.1,8.78,3072.9
2019-01-03 14:00:00,6.53,70.5,4.21,3155.2
2019-01-03 15:00:00,7.11,52.7,22.37,3052.8
2019-01-03 16:00:00,9.13,69.4,5.35,2956.7
2019-01-03 17:00:00,3.99,62.7,3.63,2871.8
2019-01-03 18:00:00,6.7,53.2,3.9,2736.6
2019-01-03 19:00:00,7.11,69.2,6.98,2708.5
2019-01-03 20:00:00,-0.06,71.5,19.09,2747.2
2019-01-03 21:00:00,5.07,79.2,2.99,2786.9
2019-01-03 22:00:00,-1.86,74.9,8.22,3047.2
2019-01-03 23:00:00,1.07,77.4,6.65,3135.4
2019-01-04 00:00:00,-2.32,77.9,13.79,3295.7
2019-01-04 01:00:00,3.53,77.3,2.86,3220.6
2019-01-04 02:00:00,-3.34,67.6,7.48,3180.3
2019-01-04 03:00:00,-4.71,77.4,10.51,3111.8
2019-01-04 04:00:00,-0.12,71.0,8.12,2915.2
2019-01-04 05:00:00,-1.08,78.1,9.74,2781.3
2019-01-04 06:00:00,-3.18,76.6,4.06,2704.5
2019-01-04 07:00:00,2.73,64.9,6.36,2643.3
2019-01-04 08:00:00,-2.6,71.4,12.01,2712.6
2019-01-04 09:00:00,0.82,84.5,1.27,2718.2
2019-01-04 10:00:00,3.01,56.0,4.13,2824.9
2019-01-04 11:00:00,7.42,71.7,2.68,2834.2
2019-01-04 12:00:00,9.48,74.3,2.58,2937.7
2019-01-04 13:00:00,9.63,68.9,6.78,2954.2
2019-01-04 14:00:00,6.89,82.3,6.69,3022.5
2019-01-04 15:00:00,1.35,78.4,4.27,3051.9
2019-01-04 16:00:00,8.25,68.5,6.05,2926.3
2019-01-04 17:00:00,10.55,59.8,5.09,2815.3
2019-01-04 18:00:00,9.33,67.8,1.05,2755.7
2019-01-04 19:00:00,6.57,72.2,1.89,2794.4
2019-01-04 20:00:00,1.48,70.8,8.24,2835.8
2019-01-04 21:00:00,2.1,64.4,2.3,3005.0
2019-01-04 22:00:00,7.21,56.6,4.22,3103.3
2019-01-04 23:00:00,-2.13,75.2,7.17,3290.0
2019-01-05 00:00:00,-2.23,61.9,6.63,3191.2
2019-01-05 01:00:00,2.36,66.3,3.15,3200.9
2019-01-05 02:00:00,-1.47,53.7,5.37,3176.2
2019-01-05 03:00:00,-3.49,81.5,4.09,3024.2
2019-01-05 04:00:00,3.43,78.5,4.86,2736.9
2019-01-05 05:00:00,1.16,71.7,13.47,2587.5
2019-01-05 06:00:00,-0.31,86.9,7.43,2517.2
2019-01-05 07:00:00,-1.4,83.9,4.85,2488.7
2019-01-05 08:00:00,7.55,69.8,5.48,2384.6
2019-01-05 09:00:00,3.41,68.4,0.53,2482.2
2019-01-05 10:00:00,8.0,62.8,25.53,2483.9
2019-01-05 11:00:00,7.7,70.3,11.91,2544.4
2019-01-05 12:00:00,5.0,66.9,3.88,2676.7
2019-01-05 13:00:00,5.65,71.9,1.01,2671.4
2019-01-05 14:00:00,10.95,68.2,4.03,2663.0
2019-01-05 15:00:00,11.13,61.3,10.59,2616.9
2019-01-05 16:00:00,2.64,78.7,9.77,2637.2
2019-01-05 17:00:00,8.31,63.5,5.31,2452.8
2019-01-05 18:00:00,5.99,67.4,16.7,2391.7
2019-01-05 19:00:00,2.89,61.9,4.57,2363.5
2019-01-05 20:00:00,5.16,65.7,4.23,2410.9
2019-01-05 21:00:00,0.1,89.2,7.14,2525.1
2019-01-05 22:00:00,1.27,63.8,2.9,2708.4
2019-01-05 23:00:00,-0.53,75.9,3.5,2869.9
2019-01-06 00:00:00,-0.55,68.8,8.35,2989.7
2019-01-06 01:00:00,-0.11,54.4,2.64,3021.8
2019-01-06 02:00:00,-2.87,78.8,7.14,3025.3
2019-01-06 03:00:00,3.46,64.8,10.09,2760.2
2019-01-06 04:00:00,0.9,73.8,3.91,2559.1
2019-01-06 05:00:00,4.55,76.3,4.5,2446.7
2019-01-06 06:00:00,0.3,73.6,5.8,2399.3
2019-01-06 07:00:00,0.16,74.5,2.63,2319.1
2019-01-06 08:00:00,6.89,59.5,3.8,2284.8
2019-01-06 09:00:00,2.08,76.0,1.4,2395.9
2019-01-06 10:00:00,4.12,67.2,2.19,2447.8
2019-01-06 11:00:00,7.33,50.1,4.97,2519.9
2019-01-06 12:00:00,3.26,76.0,6.79,2572.6
2019-01-06 13:00:00,8.77,74.0,6.83,2585.6
2019-01-06 14:00:00,8.85,76.8,3.16,2595.6
2019-01-06 15:00:00,10.7,80.8,3.21,2568.1
2019-01-06 16:00:00,9.62,70.5,3.56,2550.1
2019-01-06 17:00:00,10.24,67.9,5.3,2497.6
2019-01-06 18:00:00,6.08,75.9,2.17,2514.7
2019-01-06 19:00:00,3.37,62.2,1.19,2421.1
2019-01-06 20:00:00,9.84,50.8,5.92,2418.9
2019-01-06 21:00:00,-0.29,68.4,3.31,2678.6
2019-01-06 22:00:00,-1.07,83.1,6.86,2838.4
2019-01-06 23:00:00,2.94,64.4,17.23,2976.6
2019-01-07 00:00:00,4.82,71.9,3.41,3384.5
2019-01-07 01:00:00,0.6,76.1,7.25,3437.8
2019-01-07 02:00:00,2.23,72.2,0.71,3393.8
2019-01-07 03:00:00,-5.4,66.1,3.93,3307.5
2019-01-07 04:00:00,-1.52,76.0,5.67,3103.1
2019-01-07 05:00:00,-4.56,72.3,0.57,3008.4
2019-01-07 06:00:00,2.71,83.5,12.52,2782.1
2019-01-07 07:00:00,-2.28,82.9,2.72,2812.9
2019-01-07 08:00:00,-0.64,69.4,9.13,2793.4
2019-01-07 09:00:00,4.88,82.2,7.67,2840.9
2019-01-07 10:00:00,7.28,68.9,14.44,2865.9
2019-01-07 11:00:00,5.19,54.5,0.72,2938.6
2019-01-07 12:00:00,7.84,65.1,6.33,2936.0
2019-01-07 13:00:00,8.4,78.4,4.83,2971.1
2019-01-07 14:00:00,6.92,59.9,0.51,3017.7
2019-01-07 15:00:00,4.85,67.6,4.53,3005.3
2019-01-07 16:00:00,8.87,54.0,4.15,2976.4
2019-01-07 17:00:00,8.59,55.5,1.73,2847.9
2019-01-07 18:00:00,8.65,58.4,4.3,2714.9
2019-01-07 19:00:00,6.37,57.1,3.99,2692.9
2019-01-07 20:00:00,1.7,65.7,3.43,2794.7
2019-01-07 21:00:00,5.32,81.7,6.48,2829.6
2019-01-07 22:00:00,2.55,69.7,8.51,3092.9
2019-01-07 23:00:00,0.38,78.0,2.75,3279.0
2019-01-08 00:00:00,0.09,80.7,4.65,3470.6
2019-01-08 01:00:00,-1.53,64.4,14.18,3555.1
2019-01-08 02:00:00,2.01,63.7,4.61,3453.5
2019-01-08 03:00:00,-3.89,81.2,2.68,3344.1
2019-01-08 04:00:00,-2.69,69.1,1.98,3101.4
2019-01-08 05:00:00,-0.63,78.1,7.42,2897.1
2019-01-08 06:00:00,4.86,81.5,2.86,2701.4
2019-01-08 07:00:00,4.29,56.9,2.41,2636.5
2019-01-08 08:00:00,-1.48,70.3,7.08,2740.0
2019-01-08 09:00:00,7.03,64.8,1.49,2732.6
2019-01-08 10:00:00,8.06,61.3,6.79,2735.7
2019-01-08 11:00:00,2.72,65.0,2.07,2854.0
2019-01-08 12:00:00,0.18,67.9,2.43,2922.0
2019-01-08 13:00:00,6.94,66.3,1.45,2969.7
2019-01-08 14:00:00,10.33,65.1,2.54,2868.4
2019-01-08 15:00:00,11.63,70.3,10.66,2927.6
2019-01-08 16:00:00,5.34,67.5,24.07,2924.6
2019-01-08 17:00:00,11.5,71.7,4.35,2675.5
2019-01-08 18:00:00,0.91,66.5,3.77,2667.3
2019-01-08 19:00:00,4.74,58.6,8.56,2626.2
2019-01-08 20:00:00,3.65,66.6,6.87,2664.0
2019-01-08 21:00:00,6.54,70.5,9.81,2763.1
2019-01-08 22:00:00,5.87,74.2,6.41,3052.2
2019-01-08 23:00:00,4.04,80.4,10.74,3229.5
2019-01-09 00:00:00,-2.48,76.3,6.15,3374.2
2019-01-09 01:00:00,2.42,76.1,14.2,3395.2
2019-01-09 02:00:00,1.13,82.0,8.39,3277.5
2019-01-09 03:00:00,-4.45,69.3,13.36,3221.7
2019-01-09 04:00:00,-5.31,74.6,3.78,3082.7
2019-01-09 05:00:00,2.86,91.9,4.2,2922.4
2019-01-09 06:00:00,0.45,78.5,5.86,2856.5
2019-01-09 07:00:00,-1.49,77.3,6.1,2824.1
2019-01-09 08:00:00,2.17,77.4,4.82,2801.2
2019-01-09 09:00:00,4.64,57.6,5.19,2912.2
2019-01-09 10:00:00,4.55,63.2,4.1,2968.0
2019-01-09 11:00:00,1.85,62.4,5.83,3041.3
2019-01-09 12:00:00,11.27,66.3,3.5,3005.5
2019-01-09 13:00:00,9.7,61.3,10.46,3057.4
2019-01-09 14:00:00,6.75,67.4,8.07,3067.7
2019-01-09 15:00:00,6.99,63.9,5.88,2981.6
2019-01-09 16:00:00,8.49,52.2,1.18,2863.4
2019-01-09 17:00:00,4.37,75.6,1.02,2773.8
2019-01-09 18:00:00,7.36,52.0,5.2,2658.0
2019-01-09 19:00:00,2.4,64.3,2.27,2654.2
2019-01-09 20:00:00,4.58,57.8,7.37,2678.7
2019-01-09 21:00:00,0.8,64.3,0.55,2845.8
2019-01-09 22:00:00,-0.11,73.7,15.78,3053.1
2019-01-09 23:00:00,5.84,77.2,1.67,3140.0
2019-01-10 00:00:00,1.12,58.6,9.85,3388.8
2019-01-10 01:00:00,0.85,66.9,3.97,3467.1
2019-01-10 02:00:00,-5.09,62.1,1.12,3465.4
2019-01-10 03:00:00,-1.7,68.5,4.21,3302.3
2019-01-10 04:00:00,1.09,71.7,12.45,3042.0
2019-01-10 05:00:00,0.82,77.5,3.92,2866.2
2019-01-10 06:00:00,-4.42,58.6,11.73,2804.6
2019-01-10 07:00:00,2.32,74.6,4.94,2653.2
2019-01-10 08:00:00,3.68,61.3,7.95,2659.3
2019-01-10 09:00:00,7.01,56.7,3.03,2786.1
2019-01-10 10:00:00,3.19,70.0,2.52,2896.4
2019-01-10 11:00:00,0.19,76.9,1.78,3055.3
2019-01-10 12:00:00,4.13,67.9,5.91,3123.2
2019-01-10 13:00:00,4.52,59.6,7.05,3102.8
2019-01-10 14:00:00,9.5,63.6,4.13,3051.3
2019-01-10 15:00:00,1.01,65.4,2.81,3076.4
2019-01-10 16:00:00,6.54,71.6,13.96,2976.8
2019-01-10 17:00:00,10.83,71.9,4.95,2851.5
2019-01-10 18:00:00,6.64,74.8,6.58,2852.0
2019-01-10 19:00:00,8.04,65.4,3.46,2789.5
2019-01-10 20:00:00,0.73,80.4,1.17,2920.5
2019-01-10 21:00:00,-0.21,64.0,2.45,3009.0
2019-01-10 22:00:00,6.36,81.2,4.69,3049.6
2019-01-10 23:00:00,2.05,62.1,1.41,3295.3
2019-01-11 00:00:00,1.3,54.7,7.41,3424.5
2019-01-11 01:00:00,-2.39,84.8,4.8,3503.8
2019-01-11 02:00:00,0.26,66.1,4.39,3450.6
2019-01-11 03:00:00,-2.99,75.3,0.64,3332.3
2019-01-11 04:00:00,2.98,61.4,4.66,3116.2
2019-01-11 05:00:00,7.23,85.1,5.49,2945.6
2019-01-11 06:00:00,2.25,84.8,2.18,2872.9
2019-01-11 07:00:00,0.29,84.1,3.25,2821.1
2019-01-11 08:00:00,-3.5,75.5,5.41,2950.9
2019-01-11 09:00:00,-0.34,80.1,2.34,2971.1
2019-01-11 10:00:00,8.8,64.5,3.19,2942.4
2019-01-11 11:00:00,3.3,78.3,2.64,3010.5
2019-01-11 12:00:00,5.77,64.1,7.15,3046.5
2019-01-11 13:00:00,8.98,77.5,10.09,3057.6
2019-01-11 14:00:00,11.44,59.2,5.52,3007.0
2019-01-11 15:00:00,7.37,63.3,3.8,3024.8
2019-01-11 16:00:00,6.73,62.9,7.96,2937.8
2019-01-11 17:00:00,7.52,67.5,1.13,2737.6
2019-01-11 18:00:00,5.13,64.8,4.58,2661.7
2019-01-11 19:00:00,4.44,72.3,10.47,2681.4
2019-01-11 20:00:00,5.94,63.4,2.86,2677.0
2019-01-11 21:00:00,4.34,74.9,6.55,2923.4
2019-01-11 22:00:00,8.17,77.6,8.35,3075.2
2019-01-11 23:00:00,2.97,70.2,5.36,3385.8
2019-01-12 00:00:00,4.0,86.5,2.38,3182.3
2019-01-12 01:00:00,-2.19,82.8,3.2,3210.9
2019-01-12 02:00:00,1.4,88.0,7.23,3088.2
2019-01-12 03:00:00,-1.86,73.0,7.12,2921.0
2019-01-12 04:00:00,1.08,57.8,5.09,2706.4
2019-01-12 05:00:00,2.21,64.6,0.81,2616.4
2019-01-12 06:00:00,1.25,66.2,1.56,2516.7
2019-01-12 07:00:00,7.97,58.0,4.47,2355.8
2019-01-12 08:00:00,6.49,49.2,2.76,2416.3
2019-01-12 09:00:00,6.9,74.7,1.88,2529.2
2019-01-12 10:00:00,6.9,51.6,1.91,2523.5
2019-01-12 11:00:00,10.36,71.1,18.41,2519.2
2019-01-12 12:00:00,3.19,86.9,5.77,2666.6
2019-01-12 13:00:00,10.84,57.1,7.17,2604.2
2019-01-12 14:00:00,5.34,70.8,3.97,2670.2
2019-01-12 15:00:00,6.54,63.6,9.26,2697.8
2019-01-12 16:00:00,9.22,71.2,6.72,2585.5
2019-01-12 17:00:00,10.5,54.0,5.4,2503.8
2019-01-12 18:00:00,3.9,67.8,5.48,2501.1
2019-01-12 19:00:00,4.67,77.2,2.54,2424.1
2019-01-12 20:00:00,5.23,67.4,2.41,2423.6
2019-01-12 21:00:00,3.49,56.2,5.69,2616.2
2019-01-12 22:00:00,5.05,77.9,8.55,2783.3
2019-01-12 23:00:00,10.54,53.2,10.84,2922.5
2019-01-13 00:00:00,2.25,70.8,7.63,3120.8
2019-01-13 01:00:00,-1.27,77.7,11.69,3177.8
2019-01-13 02:00:00,-3.07,75.4,10.47,3130.0
2019-01-13 03:00:00,-0.78,92.9,4.26,2913.8
2019-01-13 04:00:00,-2.18,79.6,13.57,2775.9
2019-01-13 05:00:00,1.74,69.0,4.89,2549.0
2019-01-13 06:00:00,2.34,75.0,4.65,2549.8
2019-01-13 07:00:00,0.88,73.0,7.2,2552.4
2019-01-13 08:00:00,7.96,66.0,10.83,2507.7
2019-01-13 09:00:00,2.2,72.2,2.91,2570.9
2019-01-13 10:00:00,4.77,64.7,4.88,2659.3
2019-01-13 11:00:00,7.63,67.6,4.23,2675.2
2019-01-13 12:00:00,9.09,60.7,2.19,2742.1
2019-01-13 13:00:00,10.69,48.3,2.91,2739.8
2019-01-13 14:00:00,8.97,73.9,2.28,2679.3
2019-01-13 15:00:00,10.66,58.9,6.95,2705.9
2019-01-13 16:00:00,6.24,68.1,4.08,2689.9
2019-01-13 17:00:00,9.79,58.1,3.58,2535.3
2019-01-13 18:00:00,9.12,58.9,6.4,2531.3
2019-01-13 19:00:00,9.82,55.8,6.52,2473.8
2019-01-13 20:00:00,0.9,78.9,10.47,2643.5
2019-01-13 21:00:00,1.77,80.1,0.76,2678.4
2019-01-13 22:00:00,5.06,68.2,9.1,2806.5
2019-01-13 23:00:00,-4.59,71.4,2.08,3068.1
2019-01-14 00:00:00,2.52,56.4,6.08,3329.8
2019-01-14 01:00:00,3.31,75.7,1.94,3319.2
2019-01-14 02:00:00,-1.18,67.5,7.57,3306.0
2019-01-14 03:00:00,-0.96,63.8,3.09,3156.4
2019-01-14 04:00:00,-2.43,74.2,6.79,2997.1
2019-01-14 05:00:00,-0.65,69.8,2.7,2816.0
2019-01-14 06:00:00,0.06,59.8,1.04,2764.5
2019-01-14 07:00:00,0.41,60.6,2.78,2683.4
2019-01-14 08:00:00,1.24,73.7,6.53,2710.7
2019-01-14 09:00:00,3.44,64.0,4.0,2735.9
2019-01-14 10:00:00,4.45,72.5,8.18,2785.6
2019-01-14 11:00:00,10.81,64.5,4.45,2725.5
2019-01-14 12:00:00,5.96,75.6,5.87,2847.9
2019-01-14 13:00:00,8.44,58.6,1.26,2858.4
2019-01-14 14:00:00,6.54,68.6,6.55,2916.3
2019-01-14 15:00:00,6.65,71.8,8.82,3019.1
2019-01-14 16:00:00,3.72,64.0,0.75,2974.0
2019-01-14 17:00:00,3.66,78.1,1.61,2888.6
2019-01-14 18:00:00,3.93,55.5,14.97,2758.9
2019-01-14 19:00:00,6.58,60.1,5.69,2700.7
2019-01-14 20:00:00,7.85,52.1,4.07,2724.1
2019-01-14 21:00:00,-0.35,66.4,3.67,2896.8
2019-01-14 22:00:00,1.71,69.4,0.3,3021.8
2019-01-14 23:00:00,-1.3,79.7,7.48,3257.9
2019-01-15 00:00:00,0.72,70.2,3.88,3337.2
2019-01-15 01:00:00,3.43,64.5,5.08,3306.6
2019-01-15 02:00:00,-0.77,60.2,8.89,3339.0
2019-01-15 03:00:00,0.09,62.2,4.42,3245.7
2019-01-15 04:00:00,3.98,71.3,10.04,2988.5
2019-01-15 05:00:00,1.89,77.5,1.07,2900.4
2019-01-15 06:00:00,-0.52,69.1,6.26,2757.3
2019-01-15 07:00:00,2.61,79.6,3.17,2662.2
2019-01-15 08:00:00,1.1,63.5,6.45,2661.8
2019-01-15 09:00:00,5.26,64.7,4.02,2673.1
2019-01-15 10:00:00,6.53,64.3,10.51,2747.9
2019-01-15 11:00:00,2.79,82.0,7.83,2820.1
2019-01-15 12:00:00,7.47,67.1,3.27,2836.1
2019-01-15 13:00:00,7.38,51.7,3.05,2858.5
2019-01-15 14:00:00,9.43,72.1,6.2,2876.7
2019-01-15 15:00:00,10.29,78.5,4.23,2858.1
2019-01-15 16:00:00,9.27,62.6,5.58,2858.9
2019-01-15 17:00:00,6.91,59.3,7.06,2716.6
2019-01-15 18:00:00,9.37,71.4,9.04,2662.6
2019-01-15 19:00:00,4.03,84.5,3.77,2729.1
2019-01-15 20:00:00,1.94,77.2,2.38,2768.3
2019-01-15 21:00:00,-3.78,62.0,10.6,2936.8
2019-01-15 22:00:00,3.0,75.6,8.88,3063.2
2019-01-15 23:00:00,0.15,75.1,6.53,3310.7
2019-01-16 00:00:00,2.47,62.4,7.39,3321.5
2019-01-16 01:00:00,-4.09,85.6,4.63,3402.5
2019-01-16 02:00:00,-1.18,76.5,7.23,3325.1
2019-01-16 03:00:00,1.48,81.3,11.81,3158.0
2019-01-16 04:00:00,-2.14,65.2,2.13,3025.0
2019-01-16 05:00:00,1.86,73.7,2.6,2772.2
2019-01-16 06:00:00,0.08,64.8,7.85,2687.6
2019-01-16 07:00:00,2.22,72.2,0.58,2634.2
2019-01-16 08:00:00,4.75,80.0,12.28,2611.2
2019-01-16 09:00:00,6.68,55.2,13.93,2711.2
2019-01-16 10:00:00,5.57,56.6,2.4,2787.1
2019-01-16 11:00:00,4.27,76.2,2.43,2846.5
2019-01-16 12:00:00,5.98,67.1,0.26,2981.8
2019-01-16 13:00:00,9.36,73.9,2.38,3005.6
2019-01-16 14:00:00,5.61,61.1,4.84,3053.9
2019-01-16 15:00:00,7.86,66.1,0.98,2987.8
2019-01-16 16:00:00,7.2,71.7,9.51,2889.0
2019-01-16 17:00:00,7.51,67.7,9.05,2755.2
2019-01-16 18:00:00,4.61,54.0,5.76,2655.9
2019-01-16 19:00:00,1.67,93.2,3.14,2647.6
2019-01-16 20:00:00,6.64,68.4,2.8,2593.1
2019-01-16 21:00:00,6.71,55.9,7.57,2773.7
2019-01-16 22:00:00,-1.22,75.5,10.94,3015.9
2019-01-16 23:00:00,3.22,72.9,3.12,3198.1
2019-01-17 00:00:00,4.27,76.5,11.16,3282.5
2019-01-17 01:00:00,2.42,77.5,6.62,3353.6
2019-01-17 02:00:00,-0.51,70.7,11.36,3258.7
2019-01-17 03:00:00,-1.96,59.8,3.77,3113.4
2019-01-17 04:00:00,0.73,75.1,1.64,2907.4
2019-01-17 05:00:00,1.55,57.6,11.37,2774.9
2019-01-17 06:00:00,1.81,80.3,2.91,2639.8
2019-01-17 07:00:00,1.95,64.6,9.67,2684.6
2019-01-17 08:00:00,0.65,76.6,0.59,2727.5
2019-01-17 09:00:00,5.45,62.4,5.05,2740.5
2019-01-17 10:00:00,6.61,62.8,6.68,2747.9
2019-01-17 11:00:00,6.9,60.1,5.71,2842.2
2019-01-17 12:00:00,7.5,71.7,5.79,2950.7
2019-01-17 13:00:00,12.06,57.4,4.53,2930.5
2019-01-17 14:00:00,6.7,72.8,4.25,2953.9
2019-01-17 15:00:00,11.6,58.0,6.23,2885.3
2019-01-17 16:00:00,6.42,65.0,10.72,2841.9
2019-01-17 17:00:00,10.63,63.8,2.9,2679.0
2019-01-17 18:00:00,10.31,65.0,7.81,2621.1
2019-01-17 19:00:00,5.66,60.1,1.69,2684.2
2019-01-17 20:00:00,9.58,70.0,7.03,2686.4
2019-01-17 21:00:00,5.57,65.4,3.38,2817.3
2019-01-17 22:00:00,1.17,75.4,2.52,3001.6
2019-01-17 23:00:00,1.46,70.7,6.14,3286.3
2019-01-18 00:00:00,4.5,73.1,11.89,3355.9
2019-01-18 01:00:00,3.34,66.0,2.22,3413.3
2019-01-18 02:00:00,-2.02,67.3,1.85,3321.9
2019-01-18 03:00:00,0.15,75.3,5.0,3128.5
2019-01-18 04:00:00,1.14,67.1,2.61,2997.9
2019-01-18 05:00:00,-0.24,83.9,5.13,2827.9
2019-01-18 06:00:00,7.56,66.5,3.73,2629.2
2019-01-18 07:00:00,3.08,58.5,1.87,2669.5
2019-01-18 08:00:00,3.3,64.7,2.93,2672.2
2019-01-18 09:00:00,7.47,58.0,9.75,2720.2
2019-01-18 10:00:00,4.62,76.9,4.08,2799.3
2019-01-18 11:00:00,9.01,71.0,4.85,2831.4
2019-01-18 12:00:00,3.15,69.0,2.53,2985.2
2019-01-18 13:00:00,6.82,68.9,6.11,2973.4
2019-01-18 14:00:00,10.98,62.5,8.05,2904.3
2019-01-18 15:00:00,12.42,68.9,5.43,2864.2
2019-01-18 16:00:00,6.42,71.0,3.94,2797.0
2019-01-18 17:00:00,5.73,73.0,9.04,2701.8
2019-01-18 18:00:00,8.74,63.5,4.98,2601.3
2019-01-18 19:00:00,4.94,63.0,10.55,2617.2
2019-01-18 20:00:00,4.86,73.4,7.33,2709.5
2019-01-18 21:00:00,6.68,79.1,3.87,2790.4
2019-01-18 22:00:00,2.1,79.2,1.31,3022.8
2019-01-18 23:00:00,-2.42,86.6,7.47,3308.9
2019-01-19 00:00:00,-1.49,74.5,10.59,3182.5
2019-01-19 01:00:00,1.16,63.3,2.15,3217.0
2019-01-19 02:00:00,-3.93,68.1,4.63,3182.4
2019-01-19 03:00:00,-0.15,83.2,7.41,3021.5
2019-01-19 04:00:00,-2.75,59.3,3.89,2855.4
2019-01-19 05:00:00,5.23,79.9,5.03,2560.4
2019-01-19 06:00:00,7.18,60.0,13.36,2473.5
2019-01-19 07:00:00,-0.05,87.4,6.05,2528.1
2019-01-19 08:00:00,4.2,68.1,2.61,2506.9
2019-01-19 09:00:00,2.19,76.0,4.97,2542.9
2019-01-19 10:00:00,4.86,87.2,5.03,2652.6
2019-01-19 11:00:00,11.1,60.5,2.18,2697.2
2019-01-19 12:00:00,6.26,64.2,16.79,2759.6
2019-01-19 13:00:00,7.34,60.6,0.44,2840.6
2019-01-19 14:00:00,6.1,59.1,1.33,2902.3
2019-01-19 15:00:00,11.46,60.2,2.14,2801.3
2019-01-19 16:00:00,0.3,67.3,1.34,2772.8
2019-01-19 17:00:00,6.95,56.4,0.91,2618.2
2019-01-19 18:00:00,7.31,64.5,13.38,2509.2
2019-01-19 19:00:00,4.94,71.6,7.74,2596.7
2019-01-19 20:00:00,7.79,58.6,9.32,2547.9
2019-01-19 21:00:00,7.6,64.6,3.69,2725.2
2019-01-19 22:00:00,0.03,83.2,10.92,2942.8
2019-01-19 23:00:00,7.83,54.4,7.47,3019.3
2019-01-20 00:00:00,-1.69,88.8,3.57,3191.2
2019-01-20 01:00:00,4.46,63.0,6.92,3156.6
2019-01-20 02:00:00,1.21,72.6,1.49,3075.0
2019-01-20 03:00:00,-0.56,82.7,6.19,2936.5
2019-01-20 04:00:00,-0.19,84.8,4.32,2710.9
2019-01-20 05:00:00,1.15,74.8,13.28,2476.6
2019-01-20 06:00:00,2.39,64.5,9.8,2380.4
2019-01-20 07:00:00,0.4,65.4,1.47,2441.1
2019-01-20 08:00:00,3.08,64.9,2.34,2456.2
2019-01-20 09:00:00,2.77,84.9,17.28,2515.3
2019-01-20 10:00:00,2.7,66.8,3.68,2697.7
2019-01-20 11:00:00,4.66,70.9,1.43,2645.7
2019-01-20 12:00:00,4.65,59.9,8.0,2722.8
2019-01-20 13:00:00,7.11,57.1,12.01,2705.6
2019-01-20 14:00:00,9.64,64.5,4.18,2696.9
2019-01-20 15:00:00,9.0,62.2,6.75,2643.1
2019-01-20 16:00:00,13.5,59.2,4.66,2539.8
2019-01-20 17:00:00,2.64,58.1,8.07,2537.4
2019-01-20 18:00:00,8.7,64.5,2.61,2390.0
2019-01-20 19:00:00,6.72,79.0,5.85,2352.1
2019-01-20 20:00:00,7.77,59.0,9.62,2342.4
2019-01-20 21:00:00,6.49,74.0,3.57,2528.9
2019-01-20 22:00:00,3.25,41.7,9.14,2740.7
2019-01-20 23:00:00,3.13,63.1,7.8,2881.5
2019-01-21 00:00:00,0.12,56.6,1.83,3231.2
2019-01-21 01:00:00,2.88,79.6,2.68,3265.0
2019-01-21 02:00:00,-3.75,82.0,8.48,3262.9
2019-01-21 03:00:00,2.75,61.5,2.66,3073.9
2019-01-21 04:00:00,0.88,73.6,0.46,3034.0
2019-01-21 05:00:00,0.12,81.5,5.52,2919.8
2019-01-21 06:00:00,1.4,81.7,5.22,2803.1
2019-01-21 07:00:00,2.41,66.8,8.17,2689.5
2019-01-21 08:00:00,7.01,48.7,11.41,2737.4
2019-01-21 09:00:00,12.89,54.5,5.25,2762.6
2019-01-21 10:00:00,8.89,71.0,6.31,2938.0
2019-01-21 11:00:00,5.39,84.5,1.36,2993.0
2019-01-21 12:00:00,9.21,64.2,3.75,2953.1
2019-01-21 13:00:00,9.95,59.2,20.31,3041.8
2019-01-21 14:00:00,6.36,86.1,7.28,3085.3
2019-01-21 15:00:00,5.65,70.7,11.71,3097.5
2019-01-21 16:00:00,8.51,55.4,3.73,2928.1
2019-01-21 17:00:00,10.29,62.8,3.29,2758.3
2019-01-21 18:00:00,3.61,77.1,3.22,2695.3
2019-01-21 19:00:00,5.0,67.4,9.43,2541.3
2019-01-21 20:00:00,7.27,72.5,4.3,2564.2
2019-01-21 21:00:00,4.91,55.2,1.32,2661.4
2019-01-21 22:00:00,7.31,54.7,4.6,2849.6
2019-01-21 23:00:00,-0.72,66.7,3.35,3130.3
2019-01-22 00:00:00,7.97,63.4,9.82,3151.3
2019-01-22 01:00:00,-2.39,76.6,16.61,3326.3
2019-01-22 02:00:00,-4.02,80.3,1.36,3292.0
2019-01-22 03:00:00,0.77,91.1,7.45,3163.0
2019-01-22 04:00:00,-1.78,67.5,10.79,3092.3
2019-01-22 05:00:00,1.36,68.4,8.49,2907.8
2019-01-22 06:00:00,1.9,64.8,3.32,2817.3
2019-01-22 07:00:00,2.43,78.7,3.97,2796.6
2019-01-22 08:00:00,1.78,79.7,5.11,2893.3
2019-01-22 09:00:00,6.0,63.6,2.88,2831.5
2019-01-22 10:00:00,5.16,84.4,5.9,2879.5
2019-01-22 11:00:00,9.68,58.6,12.25,2846.3
2019-01-22 12:00:00,7.29,74.4,7.38,2910.7
2019-01-22 13:00:00,5.97,78.9,1.03,2956.5
2019-01-22 14:00:00,4.56,57.5,4.67,2952.1
2019-01-22 15:00:00,8.49,69.8,15.5,2907.6
2019-01-22 16:00:00,5.61,45.7,2.59,2888.9
2019-01-22 17:00:00,5.01,74.6,8.47,2799.6
2019-01-22 18:00:00,9.06,55.9,1.84,2687.3
2019-01-22 19:00:00,2.47,74.6,7.34,2788.3
2019-01-22 20:00:00,9.48,70.5,3.97,2765.8
2019-01-22 21:00:00,5.32,76.7,13.3,2869.0
2019-01-22 22:00:00,3.77,76.1,13.24,3030.1
2019-01-22 23:00:00,0.33,72.2,1.41,3212.1
2019-01-23 00:00:00,4.11,65.7,4.57,3360.6
2019-01-23 01:00:00,1.56,70.2,3.67,3391.2
2019-01-23 02:00:00,-0.55,63.5,8.31,3298.4
2019-01-23 03:00:00,1.53,69.1,4.36,3091.3
2019-01-23 04:00:00,-3.04,72.1,12.34,2953.5
2019-01-23 05:00:00,-2.52,67.7,4.12,2787.8
2019-01-23 06:00:00,-0.6,58.5,5.65,2659.5
2019-01-23 07:00:00,3.9,58.7,4.42,2638.0
2019-01-23 08:00:00,3.99,43.6,8.35,2660.0
2019-01-23 09:00:00,7.65,63.4,13.87,2688.4
2019-01-23 10:00:00,3.77,71.9,9.58,2838.5
2019-01-23 11:00:00,8.47,43.8,3.89,2899.6
2019-01-23 12:00:00,7.57,67.8,1.81,2943.5
2019-01-23 13:00:00,6.14,66.1,2.87,3048.8
2019-01-23 14:00:00,9.86,54.7,11.64,3013.0
2019-01-23 15:00:00,8.87,61.5,5.8,2960.2
2019-01-23 16:00:00,7.32,74.5,6.23,2936.0
2019-01-23 17:00:00,8.6,57.3,9.2,2834.1
2019-01-23 18:00:00,7.54,66.6,5.2,2761.3
2019-01-23 19:00:00,6.65,69.5,10.05,2710.8
2019-01-23 20:00:00,5.03,61.4,4.46,2765.3
2019-01-23 21:00:00,1.77,78.7,3.75,2890.3
2019-01-23 22:00:00,4.18,71.9,2.03,3037.1
2019-01-23 23:00:00,1.02,69.2,0.6,3232.5
2019-01-24 00:00:00,-0.23,91.1,5.9,3380.2
2019-01-24 01:00:00,1.08,79.2,8.79,3457.3
2019-01-24 02:00:00,3.12,56.0,8.75,3347.9
2019-01-24 03:00:00,1.61,67.6,11.95,3240.8
2019-01-24 04:00:00,-0.04,91.8,4.92,3079.5
2019-01-24 05:00:00,0.25,63.9,11.83,2963.0
2019-01-24 06:00:00,3.91,69.4,5.4,2885.5
2019-01-24 07:00:00,-2.85,84.1,2.0,2880.3
2019-01-24 08:00:00,6.1,72.3,7.21,2730.7
2019-01-24 09:00:00,0.46,78.0,2.12,2791.7
2019-01-24 10:00:00,2.64,75.8,4.92,2885.8
2019-01-24 11:00:00,5.86,67.5,10.54,2936.1
2019-01-24 12:00:00,13.4,54.9,0.34,2913.4
2019-01-24 13:00:00,12.8,65.2,5.61,3020.9
2019-01-24 14:00:00,10.78,60.2,2.94,3008.8
2019-01-24 15:00:00,10.04,60.1,10.58,2955.7
2019-01-24 16:00:00,4.35,80.4,14.72,2923.2
2019-01-24 17:00:00,9.0,61.7,4.2,2828.8
2019-01-24 18:00:00,6.6,80.4,8.05,2727.0
2019-01-24 19:00:00,5.11,70.0,1.43,2754.8
2019-01-24 20:00:00,6.57,65.5,6.44,2796.7
2019-01-24 21:00:00,3.97,54.3,2.29,2991.7
2019-01-24 22:00:00,6.28,83.9,2.56,3160.0
2019-01-24 23:00:00,-1.69,73.3,4.66,3412.8
2019-01-25 00:00:00,2.63,51.7,2.59,3499.7
2019-01-25 01:00:00,-0.4,80.2,6.64,3540.1
2019-01-25 02:00:00,0.38,71.3,5.22,3411.8
2019-01-25 03:00:00,2.03,62.9,3.12,3262.6
2019-01-25 04:00:00,-1.39,80.6,2.92,3106.7
2019-01-25 05:00:00,2.21,49.8,7.44,2959.6
2019-01-25 06:00:00,1.91,64.8,8.7,2900.1
2019-01-25 07:00:00,1.61,68.3,5.6,2874.8
2019-01-25 08:00:00,3.05,76.4,8.23,2902.3
2019-01-25 09:00:00,4.88,86.0,2.07,2937.0
2019-01-25 10:00:00,4.38,66.5,2.36,3010.0
2019-01-25 11:00:00,7.28,69.9,3.22,3004.0
2019-01-25 12:00:00,7.4,88.1,1.91,3058.3
2019-01-25 13:00:00,7.2,66.3,0.4,3103.6
2019-01-25 14:00:00,13.1,65.3,4.3,3082.6
2019-01-25 15:00:00,10.3,53.9,2.77,3043.6
2019-01-25 16:00:00,8.17,81.1,3.75,2979.7
2019-01-25 17:00:00,9.09,59.0,2.53,2940.9
2019-01-25 18:00:00,5.53,69.7,3.6,2869.7
2019-01-25 19:00:00,6.17,69.0,5.18,2834.7
2019-01-25 20:00:00,5.5,68.3,7.96,2863.0
2019-01-25 21:00:00,2.15,66.8,11.3,3016.1
2019-01-25 22:00:00,5.2,69.8,4.14,3111.6
2019-01-25 23:00:00,2.0,84.5,2.73,3288.5
2019-01-26 00:00:00,1.67,88.9,1.02,3138.1
2019-01-26 01:00:00,0.5,70.2,18.21,3119.0
2019-01-26 02:00:00,8.92,61.3,8.58,2972.3
2019-01-26 03:00:00,-0.27,65.7,5.77,2885.5
2019-01-26 04:00:00,-3.65,96.4,1.53,2712.2
2019-01-26 05:00:00,-2.08,74.7,0.49,2646.8
2019-01-26 06:00:00,4.46,77.4,0.98,2532.6
2019-01-26 07:00:00,6.73,72.2,3.32,2555.3
2019-01-26 08:00:00,2.65,87.5,2.84,2599.6
2019-01-26 09:00:00,8.59,63.1,2.66,2571.3
2019-01-26 10:00:00,8.28,56.5,3.01,2651.6
2019-01-26 11:00:00,6.91,81.3,9.55,2741.2
2019-01-26 12:00:00,7.57,73.2,1.51,2770.8
2019-01-26 13:00:00,9.3,68.2,1.99,2756.1
2019-01-26 14:00:00,11.45,75.1,2.05,2778.9
2019-01-26 15:00:00,10.38,67.8,3.24,2676.0
2019-01-26 16:00:00,7.56,78.5,1.01,2653.0
2019-01-26 17:00:00,8.42,67.2,7.07,2534.3
2019-01-26 18:00:00,13.17,68.7,2.7,2464.1
2019-01-26 19:00:00,8.02,69.8,4.35,2487.5
2019-01-26 20:00:00,8.6,62.5,4.99,2539.1
2019-01-26 21:00:00,6.74,65.0,3.71,2625.6
2019-01-26 22:00:00,5.04,64.8,8.68,2758.6
2019-01-26 23:00:00,3.66,71.2,11.08,2894.7
2019-01-27 00:00:00,4.93,64.4,1.66,2998.1
2019-01-27 01:00:00,3.85,72.4,2.59,2992.1
2019-01-27 02:00:00,2.31,73.4,2.17,2952.5
2019-01-27 03:00:00,-0.22,73.8,1.31,2812.1
2019-01-27 04:00:00,2.61,71.7,7.75,2607.8
2019-01-27 05:00:00,1.88,66.0,6.63,2485.0
2019-01-27 06:00:00,1.91,68.2,2.66,2423.3
2019-01-27 07:00:00,10.21,50.5,2.57,2293.2
2019-01-27 08:00:00,0.63,70.5,5.65,2409.4
2019-01-27 09:00:00,7.91,57.8,3.92,2424.1
2019-01-27 10:00:00,4.39,69.3,5.73,2537.3
2019-01-27 11:00:00,7.84,60.0,3.03,2578.5
2019-01-27 12:00:00,14.76,43.8,5.32,2655.1
2019-01-27 13:00:00,6.57,84.8,8.98,2698.1
2019-01-27 14:00:00,7.57,64.1,4.37,2737.8
2019-01-27 15:00:00,9.47,76.0,13.04,2778.1
2019-01-27 16:00:00,7.26,62.0,5.82,2723.9
2019-01-27 17:00:00,11.19,76.6,0.59,2567.9
2019-01-27 18:00:00,7.01,57.2,4.09,2444.7
2019-01-27 19:00:00,9.15,66.1,7.35,2369.0
2019-01-27 20:00:00,3.23,60.7,6.31,2490.8
2019-01-27 21:00:00,1.0,92.0,7.26,2635.9
2019-01-27 22:00:00,3.91,66.9,5.19,2785.5
2019-01-27 23:00:00,-0.41,79.0,12.6,3005.0
2019-01-28 00:00:00,6.61,70.3,7.94,3288.4
2019-01-28 01:00:00,-1.65,73.1,4.88,3400.4
2019-01-28 02:00:00,-0.82,76.8,5.84,3289.8
2019-01-28 03:00:00,2.68,80.7,17.15,3119.3
2019-01-28 04:00:00,0.31,77.1,11.88,2982.0
2019-01-28 05:00:00,-1.62,74.6,4.01,2911.4
2019-01-28 06:00:00,7.91,69.8,5.94,2686.2
2019-01-28 07:00:00,1.14,86.4,12.52,2754.4
2019-01-28 08:00:00,4.12,65.4,1.98,2779.0
2019-01-28 09:00:00,5.12,53.1,3.38,2808.6
2019-01-28 10:00:00,8.45,56.5,9.39,2815.0
2019-01-28 11:00:00,8.8,56.8,2.5,2936.0
2019-01-28 12:00:00,6.4,59.8,3.97,2960.7
2019-01-28 13:00:00,8.29,58.6,5.69,2950.5
2019-01-28 14:00:00,8.94,64.7,8.49,2914.3
2019-01-28 15:00:00,11.51,64.8,1.5,2853.1
2019-01-28 16:00:00,6.58,68.6,8.9,2815.4
2019-01-28 17:00:00,14.15,54.8,5.31,2754.2
2019-01-28 18:00:00,6.57,74.7,5.59,2685.6
2019-01-28 19:00:00,7.62,70.2,1.05,2726.5
2019-01-28 20:00:00,3.78,81.6,4.64,2834.9
2019-01-28 21:00:00,2.4,76.9,1.72,2940.8
2019-01-28 22:00:00,2.42,67.3,13.34,3091.1
2019-01-28 23:00:00,1.21,81.5,3.73,3285.5
2019-01-29 00:00:00,1.91,72.7,11.42,3397.6
2019-01-29 01:00:00,-0.14,78.5,5.48,3393.7
2019-01-29 02:00:00,3.65,74.8,11.54,3255.2
2019-01-29 03:00:00,-0.19,71.2,0.69,3090.4
2019-01-29 04:00:00,-0.33,73.1,2.37,3003.5
2019-01-29 05:00:00,1.33,69.9,10.98,2844.2
2019-01-29 06:00:00,5.43,60.8,15.18,2697.1
2019-01-29 07:00:00,4.31,51.4,4.15,2654.5
2019-01-29 08:00:00,4.49,62.9,3.09,2661.0
2019-01-29 09:00:00,2.19,71.8,1.4,2691.9
2019-01-29 10:00:00,3.95,77.5,0.9,2768.9
2019-01-29 11:00:00,4.58,74.7,0.81,2878.2
2019-01-29 12:00:00,11.87,60.3,4.95,2954.3
2019-01-29 13:00:00,10.56,58.1,4.72,3022.6
2019-01-29 14:00:00,7.48,64.6,1.71,3077.3
2019-01-29 15:00:00,8.36,57.5,2.71,3069.1
2019-01-29 16:00:00,7.57,49.0,3.8,2978.2
2019-01-29 17:00:00,7.02,54.0,0.64,2817.7
2019-01-29 18:00:00,9.75,75.2,5.69,2730.2
2019-01-29 19:00:00,7.05,81.2,6.24,2684.3
2019-01-29 20:00:00,12.01,68.4,7.4,2692.1
2019-01-29 21:00:00,8.9,64.4,6.92,2786.9
2019-01-29 22:00:00,8.01,54.4,4.38,3025.2
2019-01-29 23:00:00,5.45,66.4,13.24,3260.6
2019-01-30 00:00:00,2.02,75.3,3.2,3352.0
2019-01-30 01:00:00,3.94,75.5,6.82,3365.6
2019-01-30 02:00:00,1.17,76.6,1.62,3361.4
2019-01-30 03:00:00,5.98,76.9,1.65,3154.5
2019-01-30 04:00:00,3.05,85.1,6.44,3005.5
2019-01-30 05:00:00,3.1,66.3,2.1,2889.8
2019-01-30 06:00:00,3.39,91.7,6.39,2772.9
2019-01-30 07:00:00,8.26,49.2,6.65,2685.3
2019-01-30 08:00:00,1.29,64.7,14.18,2806.3
2019-01-30 09:00:00,10.5,65.2,1.51,2728.3
2019-01-30 10:00:00,6.47,71.2,1.28,2806.9
2019-01-30 11:00:00,4.39,67.0,5.15,2834.2
2019-01-30 12:00:00,6.85,62.6,10.76,2964.2
2019-01-30 13:00:00,5.24,85.4,4.96,3024.6
2019-01-30 14:00:00,11.4,58.5,24.78,3025.3
2019-01-30 15:00:00,7.31,58.0,6.29,2962.3
2019-01-30 16:00:00,10.19,77.4,5.96,2909.8
2019-01-30 17:00:00,12.2,69.0,3.77,2792.0
2019-01-30 18:00:00,7.05,75.1,7.02,2784.5
2019-01-30 19:00:00,7.23,67.8,10.52,2726.0
2019-01-30 20:00:00,3.68,58.0,5.5,2752.4
2019-01-30 21:00:00,4.93,68.7,9.82,2907.7
2019-01-30 22:00:00,11.3,50.8,5.45,3030.4
2019-01-30 23:00:00,5.85,69.3,1.4,3196.9
2019-01-31 00:00:00,2.55,75.2,1.11,3285.9
2019-01-31 01:00:00,1.05,79.8,8.05,3355.1
2019-01-31 02:00:00,2.07,69.6,5.62,3276.0
2019-01-31 03:00:00,2.37,76.1,10.26,3138.9
2019-01-31 04:00:00,1.13,63.9,8.26,2990.4
2019-01-31 05:00:00,3.9,76.6,1.11,2808.0
2019-01-31 06:00:00,0.83,76.7,3.31,2761.5
2019-01-31 07:00:00,1.64,64.3,2.16,2752.0
2019-01-31 08:00:00,5.93,71.5,4.8,2722.7
2019-01-31 09:00:00,3.12,78.2,4.46,2826.4
2019-01-31 10:00:00,8.9,65.5,0.99,2857.6
2019-01-31 11:00:00,8.01,59.0,3.04,2972.8
2019-01-31 12:00:00,4.3,70.0,3.05,2968.4
2019-01-31 13:00:00,9.78,68.6,6.68,2939.0
2019-01-31 14:00:00,5.69,60.8,4.62,3014.0
2019-01-31 15:00:00,11.77,54.5,2.67,3020.5
2019-01-31 16:00:00,9.28,68.7,2.31,2986.8
2019-01-31 17:00:00,14.13,67.3,0.96,2911.1
2019-01-31 18:00:00,11.55,80.0,8.03,2907.2
2019-01-31 19:00:00,5.39,73.0,8.19,2878.2
2019-01-31 20:00:00,2.02,60.7,10.93,3008.7
2019-01-31 21:00:00,4.15,85.0,2.9,3103.0
2019-01-31 22:00:00,1.95,78.9,13.23,3228.4
2019-01-31 23:00:00,8.61,49.1,8.13,3247.5
2019-02-01 00:00:00,3.33,61.1,8.88,3401.1
2019-02-01 01:00:00,5.05,64.0,3.58,3429.2
2019-02-01 02:00:00,1.6,77.4,3.38,3367.9
2019-02-01 03:00:00,1.73,51.6,7.43,3215.7
2019-02-01 04:00:00,2.23,69.3,11.19,3106.3
2019-02-01 05:00:00,5.48,73.9,13.26,2907.5
2019-02-01 06:00:00,4.13,46.0,12.02,2889.6
2019-02-01 07:00:00,1.54,76.7,6.57,2891.9
2019-02-01 08:00:00,9.2,71.6,1.61,2856.4
2019-02-01 09:00:00,5.45,60.9,8.6,2914.5
2019-02-01 10:00:00,6.08,57.9,2.3,2954.5
2019-02-01 11:00:00,1.11,64.2,16.34,3057.8
2019-02-01 12:00:00,10.59,42.1,11.73,3010.6
2019-02-01 13:00:00,9.9,61.5,4.94,3065.2
2019-02-01 14:00:00,10.29,65.5,5.35,3108.5
2019-02-01 15:00:00,9.17,54.9,7.54,3160.2
2019-02-01 16:00:00,8.61,72.9,5.22,3029.9
2019-02-01 17:00:00,8.72,65.8,7.89,2906.4
2019-02-01 18:00:00,10.17,65.9,4.86,2825.6
2019-02-01 19:00:00,9.78,61.0,3.35,2770.6
2019-02-01 20:00:00,6.64,72.6,2.32,2773.5
2019-02-01 21:00:00,8.55,75.5,3.51,2902.5
2019-02-01 22:00:00,4.95,64.8,5.72,3072.4
2019-02-01 23:00:00,2.92,75.8,2.14,3273.2
2019-02-02 00:00:00,3.99,75.0,9.46,3195.5
2019-02-02 01:00:00,-0.54,75.8,5.75,3280.1
2019-02-02 02:00:00,3.04,83.0,4.08,3177.4
2019-02-02 03:00:00,-1.53,67.4,2.06,3115.8
2019-02-02 04:00:00,-0.11,68.7,10.09,2897.8
2019-02-02 05:00:00,-2.19,67.5,12.85,2761.1
2019-02-02 06:00:00,3.05,75.4,0.37,2587.3
2019-02-02 07:00:00,8.34,63.1,5.41,2520.5
2019-02-02 08:00:00,4.99,62.4,11.36,2507.1
2019-02-02 09:00:00,7.93,79.0,7.6,2492.8
2019-02-02 10:00:00,13.24,75.9,1.12,2544.4
2019-02-02 11:00:00,9.33,61.9,3.88,2646.0
2019-02-02 12:00:00,7.24,55.3,1.84,2800.1
2019-02-02 13:00:00,8.22,80.3,2.12,2780.0
2019-02-02 14:00:00,10.19,67.6,5.05,2759.9
2019-02-02 15:00:00,8.74,68.4,6.96,2742.3
2019-02-02 16:00:00,8.79,65.8,3.01,2613.3
2019-02-02 17:00:00,12.25,55.8,4.68,2473.4
2019-02-02 18:00:00,11.71,59.3,6.95,2319.1
2019-02-02 19:00:00,4.2,74.1,1.16,2377.8
2019-02-02 20:00:00,5.31,64.2,2.09,2387.4
2019-02-02 21:00:00,5.16,71.3,2.43,2576.6
2019-02-02 22:00:00,6.78,66.7,3.57,2759.3
2019-02-02 23:00:00,7.18,57.8,3.94,2926.8
2019-02-03 00:00:00,10.39,76.7,5.14,2990.5
2019-02-03 01:00:00,1.84,75.3,3.02,3120.0
2019-02-03 02:00:00,1.56,73.4,7.32,3040.7
2019-02-03 03:00:00,3.94,73.3,3.24,2894.0
2019-02-03 04:00:00,0.9,56.9,1.63,2796.6
2019-02-03 05:00:00,2.65,65.9,2.72,2591.0
2019-02-03 06:00:00,2.6,57.7,1.83,2477.9
2019-02-03 07:00:00,-2.09,74.7,0.51,2547.5
2019-02-03 08:00:00,5.74,70.0,15.18,2542.5
2019-02-03 09:00:00,6.01,68.3,0.5,2545.1
2019-02-03 10:00:00,10.68,72.9,3.41,2537.4
2019-02-03 11:00:00,8.48,53.2,4.62,2590.3
2019-02-03 12:00:00,6.16,60.7,4.49,2689.4
2019-02-03 13:00:00,9.28,67.9,0.43,2645.9
2019-02-03 14:00:00,5.1,70.0,5.02,2707.7
2019-02-03 15:00:00,7.44,55.5,10.07,2657.1
2019-02-03 16:00:00,11.92,72.0,1.15,2538.9
2019-02-03 17:00:00,9.31,76.9,4.93,2460.7
2019-02-03 18:00:00,11.6,66.1,5.02,2377.6
2019-02-03 19:00:00,3.55,57.1,4.14,2397.4
2019-02-03 20:00:00,6.89,67.8,16.65,2481.8
2019-02-03 21:00:00,5.28,70.5,4.05,2603.5
2019-02-03 22:00:00,7.82,63.6,2.81,2757.5
2019-02-03 23:00:00,6.15,77.9,0.84,2927.8
2019-02-04 00:00:00,5.39,66.8,11.11,3347.2
2019-02-04 01:00:00,7.0,83.2,1.8,3308.9
2019-02-04 02:00:00,1.83,76.8,5.53,3295.8
2019-02-04 03:00:00,5.95,69.4,11.97,3072.4
2019-02-04 04:00:00,0.14,79.3,6.53,2895.4
2019-02-04 05:00:00,0.44,83.9,1.06,2731.4
2019-02-04 06:00:00,5.66,74.7,7.6,2577.0
2019-02-04 07:00:00,0.85,70.7,2.65,2636.0
2019-02-04 08:00:00,7.01,61.1,7.17,2577.8
2019-02-04 09:00:00,6.86,57.5,15.1,2570.2
2019-02-04 10:00:00,10.33,44.2,6.72,2557.3
2019-02-04 11:00:00,8.46,66.6,4.41,2685.0
2019-02-04 12:00:00,9.58,61.2,2.37,2782.0
2019-02-04 13:00:00,11.35,60.2,1.71,2846.5
2019-02-04 14:00:00,8.82,73.2,6.64,2866.0
2019-02-04 15:00:00,8.85,64.0,11.48,2860.7
2019-02-04 16:00:00,11.66,77.8,6.14,2711.9
2019-02-04 17:00:00,10.0,59.4,4.96,2553.9
2019-02-04 18:00:00,8.42,57.5,4.91,2453.9
2019-02-04 19:00:00,8.4,55.2,4.27,2444.6
2019-02-04 20:00:00,11.63,68.5,10.6,2533.4
2019-02-04 21:00:00,5.5,76.8,7.98,2684.7
2019-02-04 22:00:00,4.4,63.7,12.8,2862.5
2019-02-04 23:00:00,0.34,63.2,11.94,3132.6
2019-02-05 00:00:00,3.83,81.2,18.45,3219.2
2019-02-05 01:00:00,4.94,56.4,9.07,3259.8
2019-02-05 02:00:00,4.99,76.1,8.13,3202.7
2019-02-05 03:00:00,3.03,65.0,4.47,3035.4
2019-02-05 04:00:00,5.29,70.9,5.08,2927.7
2019-02-05 05:00:00,5.12,76.5,9.79,2747.0
2019-02-05 06:00:00,6.71,70.4,3.64,2720.7
2019-02-05 07:00:00,7.22,63.9,10.92,2703.4
2019-02-05 08:00:00,9.65,75.4,4.43,2707.3
2019-02-05 09:00:00,6.34,69.2,5.31,2731.1
2019-02-05 10:00:00,4.48,97.9,14.37,2837.8
2019-02-05 11:00:00,10.42,50.0,8.27,2851.1
2019-02-05 12:00:00,11.54,49.0,5.45,2904.0
2019-02-05 13:00:00,14.15,68.6,17.01,2894.4
2019-02-05 14:00:00,13.83,60.7,3.02,2946.6
2019-02-05 15:00:00,15.62,65.8,2.46,2951.7
2019-02-05 16:00:00,12.17,53.5,2.34,2804.2
2019-02-05 17:00:00,10.8,63.8,5.98,2688.7
2019-02-05 18:00:00,6.13,70.8,5.19,2637.9
2019-02-05 19:00:00,9.53,60.0,6.76,2590.8
2019-02-05 20:00:00,6.41,68.7,0.9,2677.3
2019-02-05 21:00:00,7.29,55.3,1.0,2795.9
2019-02-05 22:00:00,5.86,70.5,2.46,3012.4
2019-02-05 23:00:00,5.94,78.8,5.99,3265.6
2019-02-06 00:00:00,3.84,59.0,3.57,3384.3
2019-02-06 01:00:00,5.78,57.0,1.75,3425.5
2019-02-06 02:00:00,-3.76,84.5,2.16,3504.1
2019-02-06 03:00:00,3.39,58.8,8.5,3324.4
2019-02-06 04:00:00,6.05,73.9,12.81,3123.0
2019-02-06 05:00:00,8.12,65.9,3.82,2950.8
2019-02-06 06:00:00,5.91,63.9,1.8,2868.4
2019-02-06 07:00:00,9.12,76.4,6.22,2848.6
2019-02-06 08:00:00,6.3,74.4,15.69,2853.7
2019-02-06 09:00:00,6.92,68.7,5.5,2865.6
2019-02-06 10:00:00,9.27,47.4,5.86,2868.8
2019-02-06 11:00:00,8.9,70.6,4.54,3029.8
2019-02-06 12:00:00,7.78,57.2,7.16,3138.8
2019-02-06 13:00:00,9.09,63.0,5.87,3112.0
2019-02-06 14:00:00,7.99,65.7,7.02,3060.4
2019-02-06 15:00:00,12.23,77.4,5.55,2986.3
2019-02-06 16:00:00,10.8,61.3,1.97,2904.6
2019-02-06 17:00:00,9.47,53.0,2.88,2813.2
2019-02-06 18:00:00,8.32,77.1,1.21,2667.0
2019-02-06 19:00:00,10.17,69.7,7.83,2586.0
2019-02-06 20:00:00,9.9,70.2,9.31,2685.0
2019-02-06 21:00:00,4.08,80.6,6.25,2891.1
2019-02-06 22:00:00,2.66,83.7,3.69,3050.5
2019-02-06 23:00:00,7.3,59.0,5.08,3221.0
2019-02-07 00:00:00,0.8,60.2,6.14,3438.8
2019-02-07 01:00:00,4.97,74.8,6.05,3501.5
2019-02-07 02:00:00,7.24,64.1,8.39,3372.7
2019-02-07 03:00:00,7.11,64.9,2.99,3180.6
2019-02-07 04:00:00,5.05,59.0,5.53,3010.0
2019-02-07 05:00:00,5.37,72.4,2.4,2884.2
2019-02-07 06:00:00,9.87,67.3,7.83,2681.2
2019-02-07 07:00:00,-0.77,71.4,2.61,2754.3
2019-02-07 08:00:00,4.87,57.0,17.03,2720.5
2019-02-07 09:00:00,9.19,74.3,5.17,2785.4
2019-02-07 10:00:00,7.26,68.2,3.65,2844.6
2019-02-07 11:00:00,12.16,71.2,3.1,2877.3
2019-02-07 12:00:00,9.79,47.3,5.11,2957.7
2019-02-07 13:00:00,10.86,63.8,14.51,2965.2
2019-02-07 14:00:00,10.24,58.1,2.03,2939.4
2019-02-07 15:00:00,9.76,64.5,7.93,2985.4
2019-02-07 16:00:00,9.56,71.9,2.49,2925.4
2019-02-07 17:00:00,11.21,66.0,1.75,2860.0
2019-02-07 18:00:00,7.96,65.8,6.79,2805.2
2019-02-07 19:00:00,11.45,62.9,3.76,2725.0
2019-02-07 20:00:00,9.73,51.7,4.84,2731.7
2019-02-07 21:00:00,9.81,56.9,6.38,2824.7
2019-02-07 22:00:00,3.21,78.4,14.5,3035.6
2019-02-07 23:00:00,0.82,67.3,7.74,3209.5
2019-02-08 00:00:00,4.38,77.6,3.75,3267.5
2019-02-08 01:00:00,11.0,69.8,8.39,3278.0
2019-02-08 02:00:00,6.52,73.8,1.52,3202.6
2019-02-08 03:00:00,1.83,73.2,4.26,3165.1
2019-02-08 04:00:00,4.42,65.0,3.31,2994.0
2019-02-08 05:00:00,5.58,66.3,19.1,2852.8
2019-02-08 06:00:00,0.97,76.3,2.44,2804.6
2019-02-08 07:00:00,8.64,48.1,7.69,2705.6
2019-02-08 08:00:00,5.77,77.3,3.13,2731.4
2019-02-08 09:00:00,6.99,62.4,2.3,2737.0
2019-02-08 10:00:00,8.32,64.7,2.71,2777.7
2019-02-08 11:00:00,12.08,61.7,5.47,2782.5
2019-02-08 12:00:00,8.16,65.2,4.67,2890.6
2019-02-08 13:00:00,6.42,56.4,3.72,2914.5
2019-02-08 14:00:00,11.89,63.7,9.58,2923.4
2019-02-08 15:00:00,6.11,71.9,4.04,2960.3
2019-02-08 16:00:00,10.33,47.4,9.05,2856.5
2019-02-08 17:00:00,13.65,50.7,4.93,2735.9
2019-02-08 18:00:00,11.5,70.0,1.97,2616.2
2019-02-08 19:00:00,11.83,68.2,5.32,2557.0
2019-02-08 20:00:00,9.81,66.5,5.28,2575.1
2019-02-08 21:00:00,13.25,55.9,21.72,2712.2
2019-02-08 22:00:00,4.71,74.0,11.91,2951.1
2019-02-08 23:00:00,6.22,57.4,13.4,3201.7
2019-02-09 00:00:00,3.46,68.1,4.66,3171.2
2019-02-09 01:00:00,6.31,56.5,3.1,3217.2
2019-02-09 02:00:00,3.36,68.0,4.11,3143.8
2019-02-09 03:00:00,7.68,57.6,3.92,2879.7
2019-02-09 04:00:00,2.19,76.3,9.25,2762.8
2019-02-09 05:00:00,7.43,69.5,3.27,2544.1
2019-02-09 06:00:00,6.03,62.6,8.48,2461.6
2019-02-09 07:00:00,5.3,76.5,10.24,2453.3
2019-02-09 08:00:00,7.7,58.2,7.15,2476.4
2019-02-09 09:00:00,8.03,65.3,1.64,2451.1
2019-02-09 10:00:00,9.3,59.6,6.81,2565.4
2019-02-09 11:00:00,8.86,70.8,1.47,2674.8
2019-02-09 12:00:00,8.45,70.4,5.19,2707.4
2019-02-09 13:00:00,10.01,74.4,4.19,2763.1
2019-02-09 14:00:00,7.04,67.0,7.42,2780.9
2019-02-09 15:00:00,13.48,37.5,3.54,2711.5
2019-02-09 16:00:00,8.15,62.0,3.2,2642.3
2019-02-09 17:00:00,10.3,76.3,3.58,2491.8
2019-02-09 18:00:00,11.83,59.9,3.82,2354.4
2019-02-09 19:00:00,11.48,47.5,1.44,2435.1
2019-02-09 20:00:00,3.98,72.4,10.56,2554.0
2019-02-09 21:00:00,7.15,70.5,4.01,2641.5
2019-02-09 22:00:00,7.49,60.2,8.49,2878.0
2019-02-09 23:00:00,5.51,65.6,6.66,2989.0
2019-02-10 00:00:00,8.07,58.8,4.16,3066.1
2019-02-10 01:00:00,2.02,74.6,3.4,3124.0
2019-02-10 02:00:00,-1.45,73.6,1.33,3064.1
2019-02-10 03:00:00,5.57,58.2,2.94,2849.7
2019-02-10 04:00:00,2.33,70.1,1.69,2692.6
2019-02-10 05:00:00,-0.32,66.4,2.16,2501.6
2019-02-10 06:00:00,4.32,80.2,8.34,2334.3
2019-02-10 07:00:00,8.62,72.3,3.44,2242.9
2019-02-10 08:00:00,3.35,68.3,2.63,2323.0
2019-02-10 09:00:00,13.38,61.9,3.54,2296.7
2019-02-10 10:00:00,6.48,74.9,1.67,2419.8
2019-02-10 11:00:00,9.76,62.8,1.89,2473.7
2019-02-10 12:00:00,7.32,72.2,9.1,2491.8
2019-02-10 13:00:00,11.11,74.9,12.61,2491.4
2019-02-10 14:00:00,11.07,59.2,4.72,2538.7
2019-02-10 15:00:00,7.82,78.9,0.87,2546.5
2019-02-10 16:00:00,18.47,68.1,12.05,2400.3
2019-02-10 17:00:00,9.77,66.2,16.19,2364.9
2019-02-10 18:00:00,9.13,61.1,5.98,2327.4
2019-02-10 19:00:00,11.96,64.3,2.79,2388.3
2019-02-10 20:00:00,13.11,59.6,8.48,2499.1
2019-02-10 21:00:00,10.36,57.4,4.53,2577.5
2019-02-10 22:00:00,3.5,73.5,7.83,2809.8
2019-02-10 23:00:00,6.07,59.0,1.13,2959.6
2019-02-11 00:00:00,0.17,69.2,3.29,3435.4
2019-02-11 01:00:00,6.49,64.2,1.61,3376.4
2019-02-11 02:00:00,-0.25,61.3,2.18,3415.4
2019-02-11 03:00:00,1.69,75.9,1.08,3244.4
2019-02-11 04:00:00,3.83,67.1,2.19,3003.0
2019-02-11 05:00:00,5.35,78.1,10.43,2782.7
2019-02-11 06:00:00,4.22,66.7,2.44,2740.8
2019-02-11 07:00:00,9.5,61.1,1.05,2691.5
2019-02-11 08:00:00,8.48,58.0,2.42,2759.2
2019-02-11 09:00:00,9.31,64.9,1.14,2690.0
2019-02-11 10:00:00,5.66,67.8,4.88,2795.5
2019-02-11 11:00:00,13.95,66.8,2.5,2876.8
2019-02-11 12:00:00,8.52,65.7,3.87,2890.6
2019-02-11 13:00:00,15.51,76.3,2.81,2943.4
2019-02-11 14:00:00,16.62,62.4,3.86,2929.3
2019-02-11 15:00:00,12.98,53.7,0.99,2860.6
2019-02-11 16:00:00,14.15,52.1,2.3,2764.3
2019-02-11 17:00:00,3.46,73.5,6.81,2805.5
2019-02-11 18:00:00,10.04,55.8,7.25,2688.3
2019-02-11 19:00:00,12.46,66.8,4.04,2641.7
2019-02-11 20:00:00,11.05,70.3,4.29,2769.2
2019-02-11 21:00:00,4.65,75.6,0.73,2860.1
2019-02-11 22:00:00,5.93,60.3,5.86,2997.0
2019-02-11 23:00:00,-0.64,79.9,10.35,3306.4
2019-02-12 00:00:00,6.07,69.7,1.15,3343.0
2019-02-12 01:00:00,-0.3,67.4,8.05,3418.7
2019-02-12 02:00:00,6.83,65.3,1.11,3263.8
2019-02-12 03:00:00,6.82,70.3,4.79,3094.4
2019-02-12 04:00:00,2.82,64.4,0.96,2998.0
2019-02-12 05:00:00,5.71,69.8,1.3,2780.0
2019-02-12 06:00:00,4.5,80.0,2.14,2805.3
2019-02-12 07:00:00,6.47,74.5,1.83,2683.3
2019-02-12 08:00:00,3.96,69.5,9.63,2795.2
2019-02-12 09:00:00,9.42,66.3,5.06,2817.1
2019-02-12 10:00:00,4.8,63.9,1.92,2890.7
2019-02-12 11:00:00,5.29,63.7,6.84,2957.2
2019-02-12 12:00:00,10.39,51.4,7.69,2994.8
2019-02-12 13:00:00,10.8,65.4,6.09,3046.5
2019-02-12 14:00:00,12.41,67.5,5.49,2962.6
2019-02-12 15:00:00,10.24,63.2,5.52,2941.7
2019-02-12 16:00:00,16.45,51.8,1.82,2806.4
2019-02-12 17:00:00,11.73,63.1,4.75,2754.2
2019-02-12 18:00:00,11.28,73.7,9.67,2707.0
2019-02-12 19:00:00,10.36,70.9,13.88,2607.1
2019-02-12 20:00:00,11.41,62.6,4.27,2572.4
2019-02-12 21:00:00,9.31,80.9,2.66,2705.4
2019-02-12 22:00:00,7.94,87.2,2.09,2900.6
2019-02-12 23:00:00,7.71,62.0,9.16,3094.0
2019-02-13 00:00:00,0.64,69.5,2.1,3311.2
2019-02-13 01:00:00,0.1,77.5,3.74,3343.3
2019-02-13 02:00:00,3.98,61.5,3.68,3240.3
2019-02-13 03:00:00,3.54,76.0,7.5,3067.7
2019-02-13 04:00:00,5.62,68.3,5.8,2840.7
2019-02-13 05:00:00,4.62,71.3,16.12,2737.8
2019-02-13 06:00:00,6.66,62.1,5.68,2651.4
2019-02-13 07:00:00,2.92,63.4,9.38,2648.3
2019-02-13 08:00:00,6.97,50.5,3.05,2595.1
2019-02-13 09:00:00,4.68,80.1,5.71,2748.6
2019-02-13 10:00:00,10.04,71.5,9.78,2835.5
2019-02-13 11:00:00,5.34,73.1,8.89,2989.0
2019-02-13 12:00:00,11.73,65.4,1.37,3013.4
2019-02-13 13:00:00,7.83,47.3,1.88,3015.0
2019-02-13 14:00:00,10.94,57.2,5.86,3044.3
2019-02-13 15:00:00,14.27,58.5,3.81,3018.5
2019-02-13 16:00:00,12.47,53.4,4.58,2885.9
2019-02-13 17:00:00,7.38,52.5,3.67,2833.9
2019-02-13 18:00:00,9.18,56.8,8.42,2697.0
2019-02-13 19:00:00,6.28,67.4,5.24,2716.5
2019-02-13 20:00:00,4.83,68.5,4.05,2809.8
2019-02-13 21:00:00,8.33,72.6,19.77,2905.7
2019-02-13 22:00:00,8.4,81.8,9.64,3033.8
2019-02-13 23:00:00,7.14,71.8,11.15,3240.9
2019-02-14 00:00:00,6.88,65.1,1.71,3374.1
2019-02-14 01:00:00,4.71,82.6,20.76,3381.4
2019-02-14 02:00:00,3.66,56.4,19.06,3296.9
2019-02-14 03:00:00,1.52,54.2,8.31,3242.4
2019-02-14 04:00:00,3.24,62.3,5.12,3102.8
2019-02-14 05:00:00,1.44,77.3,2.54,2925.8
2019-02-14 06:00:00,3.26,70.7,8.94,2716.1
2019-02-14 07:00:00,6.43,57.8,16.53,2712.6
2019-02-14 08:00:00,6.87,60.7,5.27,2807.0
2019-02-14 09:00:00,15.87,49.4,1.88,2875.3
2019-02-14 10:00:00,5.87,57.4,4.68,2946.6
2019-02-14 11:00:00,9.89,76.5,3.19,2983.7
2019-02-14 12:00:00,7.47,64.9,2.16,3010.2
2019-02-14 13:00:00,10.7,77.6,1.04,3055.5
2019-02-14 14:00:00,11.2,55.9,15.23,3022.3
2019-02-14 15:00:00,14.32,64.5,11.83,2950.8
2019-02-14 16:00:00,10.94,65.1,3.55,2865.6
2019-02-14 17:00:00,11.19,70.1,0.43,2739.5
2019-02-14 18:00:00,9.96,66.1,6.62,2680.7
2019-02-14 19:00:00,6.7,74.5,12.56,2637.3
2019-02-14 20:00:00,7.61,70.3,16.31,2775.7
2019-02-14 21:00:00,7.25,57.5,6.54,2911.9
2019-02-14 22:00:00,7.35,72.0,2.57,3059.4
2019-02-14 23:00:00,7.6,65.1,5.86,3185.0
2019-02-15 00:00:00,4.96,61.8,4.19,3314.4
2019-02-15 01:00:00,4.28,74.1,3.72,3338.0
2019-02-15 02:00:00,0.21,79.2,10.75,3293.2
2019-02-15 03:00:00,5.72,63.6,6.8,3071.5
2019-02-15 04:00:00,2.77,67.0,1.43,2898.4
2019-02-15 05:00:00,6.78,55.5,10.83,2752.5
2019-02-15 06:00:00,8.84,50.5,15.26,2695.4
2019-02-15 07:00:00,5.9,65.3,2.42,2653.4
2019-02-15 08:00:00,4.78,74.5,6.65,2686.1
2019-02-15 09:00:00,8.33,60.7,4.09,2636.0
2019-02-15 10:00:00,10.28,75.2,0.94,2679.8
2019-02-15 11:00:00,9.59,62.7,5.85,2846.6
2019-02-15 12:00:00,9.79,62.6,8.62,2952.4
2019-02-15 13:00:00,13.25,59.1,5.88,3007.3
2019-02-15 14:00:00,13.48,69.1,12.13,2958.0
2019-02-15 15:00:00,11.51,55.1,5.58,2893.3
2019-02-15 16:00:00,8.1,64.5,0.96,2818.0
2019-02-15 17:00:00,12.98,57.2,2.77,2745.8
2019-02-15 18:00:00,9.28,60.1,9.98,2715.1
2019-02-15 19:00:00,10.91,63.6,0.23,2661.9
2019-02-15 20:00:00,9.79,63.3,2.93,2735.3
2019-02-15 21:00:00,3.65,77.5,5.72,2880.7
2019-02-15 22:00:00,7.54,65.9,10.07,3027.2
2019-02-15 23:00:00,7.66,70.3,13.05,3239.7
2019-02-16 00:00:00,7.31,67.5,4.02,3164.0
2019-02-16 01:00:00,5.38,78.9,4.87,3143.7
2019-02-16 02:00:00,-0.26,69.8,3.11,3173.6
2019-02-16 03:00:00,7.74,63.4,5.18,3024.6
2019-02-16 04:00:00,5.71,73.4,1.65,2785.1
2019-02-16 05:00:00,2.08,67.8,6.94,2591.3
2019-02-16 06:00:00,3.75,73.0,0.31,2540.8
2019-02-16 07:00:00,7.13,85.0,6.44,2449.0
2019-02-16 08:00:00,9.21,56.8,4.15,2436.4
2019-02-16 09:00:00,7.33,78.4,10.28,2555.8
2019-02-16 10:00:00,11.65,58.7,8.47,2554.5
2019-02-16 11:00:00,6.07,77.8,3.59,2672.4
2019-02-16 12:00:00,8.77,70.5,8.08,2647.4
2019-02-16 13:00:00,6.85,71.3,1.79,2746.2
2019-02-16 14:00:00,10.17,62.7,1.1,2755.5
2019-02-16 15:00:00,16.32,56.9,6.33,2721.6
2019-02-16 16:00:00,17.56,52.2,1.01,2639.9
2019-02-16 17:00:00,12.6,62.0,13.87,2534.8
2019-02-16 18:00:00,9.78,62.7,0.72,2437.6
2019-02-16 19:00:00,9.99,65.5,9.69,2392.8
2019-02-16 20:00:00,10.77,52.1,4.14,2468.6
2019-02-16 21:00:00,4.64,68.5,7.14,2569.2
2019-02-16 22:00:00,6.08,77.2,5.27,2811.4
2019-02-16 23:00:00,10.14,71.4,2.95,2951.2
2019-02-17 00:00:00,3.28,69.6,2.55,3220.5
2019-02-17 01:00:00,3.39,89.8,7.51,3236.5
2019-02-17 02:00:00,4.89,63.5,10.39,3129.1
2019-02-17 03:00:00,5.43,67.0,5.83,2984.9
2019-02-17 04:00:00,3.3,57.8,6.95,2765.3
2019-02-17 05:00:00,5.45,64.4,5.53,2543.3
2019-02-17 06:00:00,7.41,80.4,1.43,2421.3
2019-02-17 07:00:00,11.63,59.8,1.56,2370.1
2019-02-17 08:00:00,7.37,53.9,13.02,2462.7
2019-02-17 09:00:00,8.62,72.1,4.15,2505.7
2019-02-17 10:00:00,13.58,64.3,9.44,2616.6
2019-02-17 11:00:00,9.35,71.2,3.41,2574.7
2019-02-17 12:00:00,8.24,63.0,2.28,2724.4
2019-02-17 13:00:00,12.81,53.7,3.34,2724.3
2019-02-17 14:00:00,15.28,58.3,7.89,2756.3
2019-02-17 15:00:00,13.63,65.5,2.51,2762.9
2019-02-17 16:00:00,12.34,61.5,5.56,2621.5
2019-02-17 17:00:00,8.57,68.3,7.01,2591.4
2019-02-17 18:00:00,11.41,58.6,4.85,2507.8
2019-02-17 19:00:00,13.81,64.4,5.47,2527.7
2019-02-17 20:00:00,6.67,66.6,5.57,2584.4
2019-02-17 21:00:00,8.11,59.9,2.46,2675.5
2019-02-17 22:00:00,6.72,67.7,3.85,2821.2
2019-02-17 23:00:00,4.98,64.9,2.32,2979.1
2019-02-18 00:00:00,6.69,71.6,3.69,3324.2
2019-02-18 01:00:00,6.54,73.8,8.38,3372.4
2019-02-18 02:00:00,6.12,71.1,8.31,3325.8
2019-02-18 03:00:00,2.46,57.0,5.64,3163.8
2019-02-18 04:00:00,0.92,63.5,4.71,2998.8
2019-02-18 05:00:00,6.09,62.0,6.69,2803.9
2019-02-18 06:00:00,4.81,61.8,5.45,2633.2
2019-02-18 07:00:00,11.5,58.5,3.66,2596.5
2019-02-18 08:00:00,12.58,69.3,4.53,2614.1
2019-02-18 09:00:00,13.88,66.5,1.84,2677.2
2019-02-18 10:00:00,7.58,62.5,1.63,2835.3
2019-02-18 11:00:00,12.32,66.9,11.83,2837.6
2019-02-18 12:00:00,13.91,63.5,7.85,2865.5
2019-02-18 13:00:00,14.26,60.3,3.06,2820.8
2019-02-18 14:00:00,11.88,71.7,4.53,2844.6
2019-02-18 15:00:00,16.1,53.8,3.46,2870.2
2019-02-18 16:00:00,12.76,62.2,4.46,2717.3
2019-02-18 17:00:00,12.68,53.4,7.96,2595.6
2019-02-18 18:00:00,7.88,57.7,0.31,2557.5
2019-02-18 19:00:00,12.51,51.1,6.44,2498.7
2019-02-18 20:00:00,9.28,56.7,1.43,2548.6
2019-02-18 21:00:00,10.06,64.6,26.87,2690.9
2019-02-18 22:00:00,8.45,62.8,9.27,2972.4
2019-02-18 23:00:00,7.35,64.0,1.22,3164.6
2019-02-19 00:00:00,6.14,64.7,1.27,3306.0
2019-02-19 01:00:00,7.58,80.1,2.69,3336.5
2019-02-19 02:00:00,4.72,59.1,4.46,3208.8
2019-02-19 03:00:00,1.44,60.9,2.52,3114.8
2019-02-19 04:00:00,6.64,59.9,2.84,2832.4
2019-02-19 05:00:00,3.59,68.6,0.43,2726.9
2019-02-19 06:00:00,2.94,73.8,19.78,2693.8
2019-02-19 07:00:00,4.52,73.3,4.36,2634.6
2019-02-19 08:00:00,8.75,72.6,14.36,2664.6
2019-02-19 09:00:00,8.84,64.1,2.82,2650.4
2019-02-19 10:00:00,4.78,65.0,18.09,2782.4
2019-02-19 11:00:00,10.12,77.0,6.96,2819.3
2019-02-19 12:00:00,14.83,37.9,4.75,2775.8
2019-02-19 13:00:00,11.41,63.4,12.78,2855.6
2019-02-19 14:00:00,12.53,65.4,1.29,2756.8
2019-02-19 15:00:00,15.69,74.4,4.57,2757.9
2019-02-19 16:00:00,14.93,46.8,3.82,2723.3
2019-02-19 17:00:00,15.1,56.6,9.32,2624.4
2019-02-19 18:00:00,4.98,57.2,0.7,2610.4
2019-02-19 19:00:00,15.41,45.3,3.19,2627.4
2019-02-19 20:00:00,11.7,61.0,0.44,2646.4
2019-02-19 21:00:00,15.23,66.5,3.35,2726.4
2019-02-19 22:00:00,6.09,76.8,11.25,3033.8
2019-02-19 23:00:00,2.67,65.6,3.36,3248.9
2019-02-20 00:00:00,6.45,72.2,2.24,3370.5
2019-02-20 01:00:00,5.11,66.3,7.76,3332.8
2019-02-20 02:00:00,7.03,70.8,2.4,3139.4
2019-02-20 03:00:00,7.95,74.9,10.26,2960.8
2019-02-20 04:00:00,5.18,66.3,13.96,2824.2
2019-02-20 05:00:00,5.19,76.5,4.99,2667.7
2019-02-20 06:00:00,7.74,56.1,6.79,2542.5
2019-02-20 07:00:00,6.62,72.0,10.89,2465.6
2019-02-20 08:00:00,7.37,74.4,4.87,2516.4
2019-02-20 09:00:00,11.85,70.0,0.99,2557.7
2019-02-20 10:00:00,13.44,51.8,11.68,2560.1
2019-02-20 11:00:00,13.97,59.2,6.9,2648.5
2019-02-20 12:00:00,11.67,65.1,3.63,2731.0
2019-02-20 13:00:00,7.37,69.6,1.44,2863.6
2019-02-20 14:00:00,12.75,62.7,3.36,2837.1
2019-02-20 15:00:00,11.36,74.3,5.96,2856.2
2019-02-20 16:00:00,12.8,51.4,6.53,2821.3
2019-02-20 17:00:00,11.05,61.2,8.44,2689.8
2019-02-20 18:00:00,12.04,48.9,12.21,2634.0
2019-02-20 19:00:00,8.66,70.0,8.12,2656.6
2019-02-20 20:00:00,7.09,70.8,4.79,2752.4
2019-02-20 21:00:00,12.32,88.9,2.84,2850.6
2019-02-20 22:00:00,5.8,75.6,2.14,3054.1
2019-02-20 23:00:00,7.26,68.8,8.96,3153.1
2019-02-21 00:00:00,9.0,66.8,4.55,3301.5
2019-02-21 01:00:00,8.26,62.9,1.74,3269.3
2019-02-21 02:00:00,7.56,67.0,6.57,3197.2
2019-02-21 03:00:00,6.2,69.3,6.32,3108.8
2019-02-21 04:00:00,7.39,50.4,19.3,2878.8
2019-02-21 05:00:00,9.41,66.0,0.49,2709.9
2019-02-21 06:00:00,7.68,66.7,1.08,2571.3
2019-02-21 07:00:00,2.85,83.8,0.56,2586.2
2019-02-21 08:00:00,7.08,65.3,2.24,2539.6
2019-02-21 09:00:00,11.18,56.9,4.47,2552.6
2019-02-21 10:00:00,8.91,67.0,3.61,2676.4
2019-02-21 11:00:00,15.49,60.2,13.08,2775.6
2019-02-21 12:00:00,12.11,61.3,3.72,2820.2
2019-02-21 13:00:00,13.12,51.3,0.65,2880.5
2019-02-21 14:00:00,16.12,57.9,17.22,2875.8
2019-02-21 15:00:00,12.98,57.0,9.0,2834.8
2019-02-21 16:00:00,13.75,59.3,8.63,2721.5
2019-02-21 17:00:00,15.15,65.7,1.44,2615.9
2019-02-21 18:00:00,8.59,59.7,5.19,2478.5
2019-02-21 19:00:00,10.73,61.6,11.42,2536.5
2019-02-21 20:00:00,12.55,66.3,9.95,2636.1
2019-02-21 21:00:00,9.6,62.2,2.43,2863.4
2019-02-21 22:00:00,12.07,83.2,4.49,3068.3
2019-02-21 23:00:00,3.5,71.2,9.98,3304.8
2019-02-22 00:00:00,2.57,60.0,5.21,3327.1
2019-02-22 01:00:00,8.08,58.8,3.55,3337.7
2019-02-22 02:00:00,7.93,58.1,1.68,3310.4
2019-02-22 03:00:00,5.14,61.3,4.48,3129.3
2019-02-22 04:00:00,6.76,70.9,12.38,2955.5
2019-02-22 05:00:00,8.02,56.7,11.27,2789.8
2019-02-22 06:00:00,4.76,65.5,6.19,2716.6
2019-02-22 07:00:00,5.86,76.5,5.66,2691.3
2019-02-22 08:00:00,9.06,60.6,8.27,2693.2
2019-02-22 09:00:00,11.88,67.9,5.81,2691.6
2019-02-22 10:00:00,7.75,52.3,5.81,2821.9
2019-02-22 11:00:00,11.13,60.1,1.05,2804.5
2019-02-22 12:00:00,11.84,55.4,1.82,2887.1
2019-02-22 13:00:00,14.13,63.1,7.55,2938.0
2019-02-22 14:00:00,13.47,52.9,5.37,2912.8
2019-02-22 15:00:00,12.26,78.7,4.85,2930.2
2019-02-22 16:00:00,16.61,45.6,3.5,2772.8
2019-02-22 17:00:00,11.74,71.7,12.3,2690.8
2019-02-22 18:00:00,11.72,69.6,7.7,2614.5
2019-02-22 19:00:00,7.65,68.4,6.69,2666.4
2019-02-22 20:00:00,8.88,65.3,1.69,2715.6
2019-02-22 21:00:00,10.91,78.1,6.68,2730.2
2019-02-22 22:00:00,9.39,84.3,22.3,2900.3
2019-02-22 23:00:00,9.12,63.0,0.79,3152.5
2019-02-23 00:00:00,8.36,66.6,8.94,3018.0
2019-02-23 01:00:00,11.57,58.3,4.86,2980.7
2019-02-23 02:00:00,4.08,59.4,4.77,2967.3
2019-02-23 03:00:00,1.76,74.3,10.57,2912.9
2019-02-23 04:00:00,3.32,71.3,2.4,2682.4
2019-02-23 05:00:00,4.59,55.4,3.49,2476.3
2019-02-23 06:00:00,4.55,72.0,4.07,2378.3
2019-02-23 07:00:00,8.04,67.8,2.23,2293.5
2019-02-23 08:00:00,11.91,57.7,3.94,2336.6
2019-02-23 09:00:00,13.66,55.7,2.51,2383.5
2019-02-23 10:00:00,12.11,65.7,4.99,2474.3
2019-02-23 11:00:00,17.16,71.1,9.14,2613.2
2019-02-23 12:00:00,11.75,65.8,2.15,2628.5
2019-02-23 13:00:00,9.19,70.9,5.48,2717.5
2019-02-23 14:00:00,16.31,52.3,4.64,2746.3
2019-02-23 15:00:00,9.21,61.3,4.49,2658.4
2019-02-23 16:00:00,11.79,67.4,2.02,2627.4
2019-02-23 17:00:00,14.57,49.5,10.67,2468.8
2019-02-23 18:00:00,12.38,63.8,10.67,2321.2
2019-02-23 19:00:00,11.33,66.9,4.4,2258.3
2019-02-23 20:00:00,7.89,65.4,8.54,2301.6
2019-02-23 21:00:00,9.78,66.7,2.83,2408.8
2019-02-23 22:00:00,11.28,63.4,9.24,2555.1
2019-02-23 23:00:00,7.86,60.7,2.1,2796.6
2019-02-24 00:00:00,5.09,58.5,1.8,2950.3
2019-02-24 01:00:00,3.41,68.5,5.17,3012.5
2019-02-24 02:00:00,4.11,79.1,15.53,2966.7
2019-02-24 03:00:00,6.98,74.6,1.67,2853.9
2019-02-24 04:00:00,6.99,63.6,0.85,2656.0
2019-02-24 05:00:00,4.53,65.4,9.13,2502.4
2019-02-24 06:00:00,1.64,67.2,5.39,2469.7
2019-02-24 07:00:00,9.05,61.2,5.84,2412.1
2019-02-24 08:00:00,6.72,68.9,3.6,2452.0
2019-02-24 09:00:00,11.72,71.1,7.2,2470.2
2019-02-24 10:00:00,9.14,82.8,8.56,2533.5
2019-02-24 11:00:00,9.53,57.7,1.3,2570.6
2019-02-24 12:00:00,13.21,66.6,1.04,2610.0
2019-02-24 13:00:00,19.36,60.9,1.87,2648.5
2019-02-24 14:00:00,15.73,56.8,2.73,2684.3
2019-02-24 15:00:00,14.34,52.3,4.11,2680.5
2019-02-24 16:00:00,14.76,62.4,5.28,2560.7
2019-02-24 17:00:00,9.08,81.7,7.69,2472.6
2019-02-24 18:00:00,10.02,66.1,2.71,2345.7
2019-02-24 19:00:00,5.72,61.1,8.83,2344.7
2019-02-24 20:00:00,15.36,58.5,5.36,2354.5
2019-02-24 21:00:00,13.82,51.8,6.06,2521.3
2019-02-24 22:00:00,9.94,64.2,1.3,2691.3
2019-02-24 23:00:00,8.33,70.8,2.23,2901.7
2019-02-25 00:00:00,3.48,63.7,3.41,3271.7
2019-02-25 01:00:00,6.17,41.0,27.46,3228.6
2019-02-25 02:00:00,10.8,65.6,8.69,3114.5
2019-02-25 03:00:00,6.51,62.8,4.32,3143.7
2019-02-25 04:00:00,4.91,62.1,2.92,2942.1
2019-02-25 05:00:00,2.33,64.1,16.06,2817.6
2019-02-25 06:00:00,10.81,66.6,5.6,2656.6
2019-02-25 07:00:00,8.01,62.3,2.29,2640.6
2019-02-25 08:00:00,4.76,75.6,1.8,2666.9
2019-02-25 09:00:00,7.87,73.3,6.85,2713.8
2019-02-25 10:00:00,8.03,63.4,4.28,2742.7
2019-02-25 11:00:00,11.86,58.3,10.12,2811.1
2019-02-25 12:00:00,13.53,62.2,1.63,2847.9
2019-02-25 13:00:00,12.39,60.9,8.91,2930.8
2019-02-25 14:00:00,15.99,45.2,9.48,2863.2
2019-02-25 15:00:00,14.38,75.8,11.69,2831.7
2019-02-25 16:00:00,16.7,64.4,2.55,2718.1
2019-02-25 17:00:00,12.76,58.1,8.93,2664.7
2019-02-25 18:00:00,20.63,40.2,3.51,2616.1
2019-02-25 19:00:00,10.77,61.9,2.04,2473.9
2019-02-25 20:00:00,8.96,60.1,4.37,2493.3
2019-02-25 21:00:00,7.62,65.4,0.55,2690.1
2019-02-25 22:00:00,8.62,47.8,6.05,2865.0
2019-02-25 23:00:00,3.89,65.1,4.51,3126.3
2019-02-26 00:00:00,8.28,62.1,1.18,3205.7
2019-02-26 01:00:00,2.15,68.7,6.16,3304.9
2019-02-26 02:00:00,6.92,64.6,8.57,3225.3
2019-02-26 03:00:00,3.0,70.0,4.1,3065.2
2019-02-26 04:00:00,5.56,79.7,3.19,2852.3
2019-02-26 05:00:00,8.42,61.1,7.03,2637.8
2019-02-26 06:00:00,13.31,54.1,12.75,2549.6
2019-02-26 07:00:00,5.68,53.6,3.93,2518.8
2019-02-26 08:00:00,8.96,60.7,17.22,2561.8
2019-02-26 09:00:00,8.57,53.9,10.61,2609.2
2019-02-26 10:00:00,9.24,72.3,3.33,2704.0
2019-02-26 11:00:00,10.59,62.8,2.35,2743.1
2019-02-26 12:00:00,15.26,67.3,7.22,2845.2
2019-02-26 13:00:00,12.62,73.6,1.67,2935.7
2019-02-26 14:00:00,19.86,49.2,1.67,2968.8
2019-02-26 15:00:00,15.41,56.9,3.49,2890.1
2019-02-26 16:00:00,11.71,73.3,3.3,2870.3
2019-02-26 17:00:00,12.92,63.2,15.02,2788.2
2019-02-26 18:00:00,11.2,67.2,9.34,2661.5
2019-02-26 19:00:00,14.38,68.8,9.6,2628.3
2019-02-26 20:00:00,7.31,73.3,7.03,2751.6
2019-02-26 21:00:00,7.02,69.7,3.48,2828.0
2019-02-26 22:00:00,7.86,76.9,4.04,2952.7
2019-02-26 23:00:00,10.08,63.4,6.57,3103.1
2019-02-27 00:00:00,10.82,67.5,2.01,3164.9
2019-02-27 01:00:00,10.55,62.1,2.0,3203.8
2019-02-27 02:00:00,8.03,73.7,8.67,3184.1
2019-02-27 03:00:00,6.36,61.3,7.59,3060.0
2019-02-27 04:00:00,8.69,51.6,1.86,2833.3
2019-02-27 05:00:00,4.24,73.8,1.8,2767.3
2019-02-27 06:00:00,3.13,61.3,1.9,2674.7
2019-02-27 07:00:00,9.66,55.3,8.53,2547.1
2019-02-27 08:00:00,7.02,76.5,10.32,2612.0
2019-02-27 09:00:00,10.4,71.4,2.06,2690.1
2019-02-27 10:00:00,11.9,59.7,5.5,2733.1
2019-02-27 11:00:00,13.19,37.1,1.98,2867.5
2019-02-27 12:00:00,15.74,63.7,11.97,2921.2
2019-02-27 13:00:00,16.11,64.4,0.93,2957.3
2019-02-27 14:00:00,14.92,64.2,6.04,2960.9
2019-02-27 15:00:00,13.46,65.0,3.45,2896.0
2019-02-27 16:00:00,14.7,58.8,2.05,2765.7
2019-02-27 17:00:00,12.54,58.7,1.26,2749.4
2019-02-27 18:00:00,12.9,52.8,1.67,2606.2
2019-02-27 19:00:00,19.11,51.1,4.02,2619.3
2019-02-27 20:00:00,12.06,64.9,2.73,2724.3
2019-02-27 21:00:00,11.69,65.3,5.34,2804.6
2019-02-27 22:00:00,7.77,72.1,15.54,3020.3
2019-02-27 23:00:00,11.12,51.9,9.1,3192.0
2019-02-28 00:00:00,9.83,50.9,8.62,3325.3
2019-02-28 01:00:00,9.21,61.6,8.43,3316.4
2019-02-28 02:00:00,7.43,57.9,6.83,3233.9
2019-02-28 03:00:00,9.34,66.0,10.22,3092.2
2019-02-28 04:00:00,10.07,53.5,3.08,2835.8
2019-02-28 05:00:00,8.0,75.0,6.83,2626.1
2019-02-28 06:00:00,7.64,59.3,0.85,2551.9
2019-02-28 07:00:00,11.0,75.9,8.51,2503.6
2019-02-28 08:00:00,7.46,70.2,5.22,2569.0
2019-02-28 09:00:00,8.96,56.4,4.59,2590.0
2019-02-28 10:00:00,11.66,79.4,1.87,2693.3
2019-02-28 11:00:00,8.41,67.4,1.4,2819.0
2019-02-28 12:00:00,15.66,60.8,3.29,2869.4
2019-02-28 13:00:00,11.82,62.0,5.21,2854.8
2019-02-28 14:00:00,13.44,65.0,9.23,2910.2
2019-02-28 15:00:00,14.23,64.8,10.24,2804.2
2019-02-28 16:00:00,14.72,53.3,9.43,2687.5
2019-02-28 17:00:00,13.36,59.6,7.18,2634.4
2019-02-28 18:00:00,13.42,62.2,1.34,2510.1
2019-02-28 19:00:00,12.61,66.6,4.61,2458.0
2019-02-28 20:00:00,10.68,68.3,12.87,2522.8
2019-02-28 21:00:00,8.83,66.3,15.57,2709.9
2019-02-28 22:00:00,12.43,57.7,1.31,2905.5
2019-02-28 23:00:00,3.5,64.4,3.45,3203.1
2019-03-01 00:00:00,7.61,56.4,13.41,3255.4
2019-03-01 01:00:00,6.32,71.7,10.42,3257.1
2019-03-01 02:00:00,8.14,60.6,4.96,3115.5
2019-03-01 03:00:00,3.32,67.8,6.13,3029.6
2019-03-01 04:00:00,5.84,69.2,6.91,2849.0
2019-03-01 05:00:00,7.23,66.2,10.66,2787.1
2019-03-01 06:00:00,10.8,63.3,10.46,2678.5
2019-03-01 07:00:00,9.78,56.9,3.78,2569.5
2019-03-01 08:00:00,6.96,68.6,12.84,2667.3
2019-03-01 09:00:00,9.73,61.7,13.88,2656.2
2019-03-01 10:00:00,14.2,59.9,4.23,2671.6
2019-03-01 11:00:00,9.95,73.3,13.37,2792.1
2019-03-01 12:00:00,13.58,65.2,4.18,2886.2
2019-03-01 13:00:00,14.39,55.9,8.31,2965.0
2019-03-01 14:00:00,13.85,59.7,14.74,2936.7
2019-03-01 15:00:00,21.69,67.4,11.55,2985.5
2019-03-01 16:00:00,13.78,58.5,2.74,2928.1
2019-03-01 17:00:00,15.54,59.9,6.82,2770.0
2019-03-01 18:00:00,11.87,67.8,7.68,2758.6
2019-03-01 19:00:00,14.27,62.3,6.02,2721.2
2019-03-01 20:00:00,14.16,57.7,2.97,2740.0
2019-03-01 21:00:00,9.48,58.5,2.81,2828.3
2019-03-01 22:00:00,9.78,64.1,4.38,2861.5
2019-03-01 23:00:00,6.71,71.9,1.38,3108.9
2019-03-02 00:00:00,5.46,78.2,7.51,2966.8
2019-03-02 01:00:00,10.28,52.1,16.46,2943.8
2019-03-02 02:00:00,5.9,81.4,4.83,2912.2
2019-03-02 03:00:00,1.11,68.8,2.82,2782.8
2019-03-02 04:00:00,11.7,70.0,1.7,2550.6
2019-03-02 05:00:00,5.68,61.6,10.97,2414.7
2019-03-02 06:00:00,7.7,53.0,6.87,2245.0
2019-03-02 07:00:00,13.25,50.9,6.0,2212.5
2019-03-02 08:00:00,9.76,61.5,6.93,2230.4
2019-03-02 09:00:00,10.74,67.6,7.02,2223.4
2019-03-02 10:00:00,9.11,65.0,7.56,2280.2
2019-03-02 11:00:00,9.06,62.7,6.56,2387.9
2019-03-02 12:00:00,13.56,70.1,8.46,2469.0
2019-03-02 13:00:00,15.52,59.6,7.2,2584.4
2019-03-02 14:00:00,15.77,61.6,0.81,2647.1
2019-03-02 15:00:00,13.94,85.7,2.62,2629.9
2019-03-02 16:00:00,15.06,59.9,2.62,2522.9
2019-03-02 17:00:00,10.02,58.4,2.84,2403.8
2019-03-02 18:00:00,15.13,63.7,1.89,2338.1
2019-03-02 19:00:00,13.55,67.0,6.39,2342.3
2019-03-02 20:00:00,17.12,60.7,8.71,2402.3
2019-03-02 21:00:00,11.17,64.3,1.08,2501.6
2019-03-02 22:00:00,7.76,77.7,2.12,2707.3
2019-03-02 23:00:00,9.02,75.6,1.3,2858.7
2019-03-03 00:00:00,7.7,64.9,0.62,2903.5
2019-03-03 01:00:00,8.97,59.7,5.24,2919.8
2019-03-03 02:00:00,7.55,69.4,0.78,2853.4
2019-03-03 03:00:00,4.19,63.5,5.04,2781.8
2019-03-03 04:00:00,3.39,76.4,6.02,2576.6
2019-03-03 05:00:00,8.54,68.6,4.85,2345.6
2019-03-03 06:00:00,11.97,83.8,4.92,2293.5
2019-03-03 07:00:00,9.54,76.2,4.39,2237.7
2019-03-03 08:00:00,12.34,53.5,9.23,2240.7
2019-03-03 09:00:00,13.88,56.7,13.97,2331.8
2019-03-03 10:00:00,13.05,46.3,6.38,2440.6
2019-03-03 11:00:00,11.31,45.9,2.71,2571.1
2019-03-03 12:00:00,14.66,61.2,2.1,2612.3
2019-03-03 13:00:00,17.83,48.2,0.73,2638.1
2019-03-03 14:00:00,16.53,71.9,12.09,2638.7
2019-03-03 15:00:00,17.21,67.5,3.98,2580.5
2019-03-03 16:00:00,14.05,58.6,4.21,2526.0
2019-03-03 17:00:00,14.3,57.9,5.15,2414.5
2019-03-03 18:00:00,13.87,72.8,3.3,2280.2
2019-03-03 19:00:00,13.22,75.1,5.91,2182.2
2019-03-03 20:00:00,15.3,52.3,6.16,2238.9
2019-03-03 21:00:00,5.48,59.1,6.8,2451.0
2019-03-03 22:00:00,10.38,61.3,1.29,2567.0
2019-03-03 23:00:00,9.14,68.1,0.45,2714.7
2019-03-04 00:00:00,5.28,63.7,8.96,3201.6
2019-03-04 01:00:00,9.76,67.8,4.1,3176.0
2019-03-04 02:00:00,5.87,82.9,2.41,3184.1
2019-03-04 03:00:00,6.65,55.4,9.73,3071.3
2019-03-04 04:00:00,12.3,58.6,2.5,2918.9
2019-03-04 05:00:00,10.6,52.4,2.27,2752.3
2019-03-04 06:00:00,10.15,57.2,3.09,2589.1
2019-03-04 07:00:00,10.49,61.2,2.67,2481.7
2019-03-04 08:00:00,10.09,58.1,2.73,2505.9
2019-03-04 09:00:00,16.54,62.9,8.3,2642.2
2019-03-04 10:00:00,14.58,61.5,12.67,2715.8
2019-03-04 11:00:00,11.67,65.1,1.96,2840.3
2019-03-04 12:00:00,10.87,60.9,4.99,2853.4
2019-03-04 13:00:00,16.42,57.1,2.78,2950.0
2019-03-04 14:00:00,15.26,57.0,10.39,2974.3
2019-03-04 15:00:00,11.97,60.4,6.35,2932.0
2019-03-04 16:00:00,16.48,62.2,5.08,2881.9
2019-03-04 17:00:00,14.33,45.1,8.02,2744.4
2019-03-04 18:00:00,15.7,61.7,9.66,2664.9
2019-03-04 19:00:00,14.64,53.3,7.88,2583.0
2019-03-04 20:00:00,11.06,60.4,7.68,2597.1
2019-03-04 21:00:00,13.12,49.0,13.76,2685.6
2019-03-04 22:00:00,9.26,61.7,6.69,2841.0
2019-03-04 23:00:00,8.46,67.5,2.34,2967.9
2019-03-05 00:00:00,7.58,69.6,5.52,3204.5
2019-03-05 01:00:00,11.1,53.6,3.45,3161.1
2019-03-05 02:00:00,7.17,69.5,13.14,3165.2
2019-03-05 03:00:00,11.17,72.2,3.7,2922.6
2019-03-05 04:00:00,12.33,58.2,3.81,2736.9
2019-03-05 05:00:00,6.43,66.9,4.34,2620.7
2019-03-05 06:00:00,1.61,54.2,5.98,2644.3
2019-03-05 07:00:00,12.35,54.9,2.9,2546.5
2019-03-05 08:00:00,9.85,66.3,2.91,2529.6
2019-03-05 09:00:00,9.57,72.0,2.31,2587.0
2019-03-05 10:00:00,11.3,58.2,12.24,2709.2
2019-03-05 11:00:00,12.7,83.2,7.37,2821.9
2019-03-05 12:00:00,17.81,60.3,4.1,2849.3
2019-03-05 13:00:00,15.6,49.3,3.25,2829.0
2019-03-05 14:00:00,18.81,67.2,2.21,2818.2
2019-03-05 15:00:00,16.97,48.4,3.65,2820.7
2019-03-05 16:00:00,14.83,62.8,4.13,2678.9
2019-03-05 17:00:00,14.23,53.2,10.54,2587.1
2019-03-05 18:00:00,15.97,48.4,2.11,2463.4
2019-03-05 19:00:00,15.79,67.1,5.8,2425.5
2019-03-05 20:00:00,15.27,57.7,7.17,2507.5
2019-03-05 21:00:00,11.08,76.9,2.65,2643.0
2019-03-05 22:00:00,11.14,54.9,1.0,2860.4
2019-03-05 23:00:00,11.2,50.6,5.65,3093.1
2019-03-06 00:00:00,8.15,61.6,2.18,3375.9
2019-03-06 01:00:00,5.64,90.6,6.26,3439.1
2019-03-06 02:00:00,6.06,73.8,5.71,3357.7
2019-03-06 03:00:00,7.34,70.6,9.05,3144.1
2019-03-06 04:00:00,9.73,68.9,9.57,2963.6
2019-03-06 05:00:00,11.62,58.8,1.19,2851.7
2019-03-06 06:00:00,5.72,89.3,7.19,2745.4
2019-03-06 07:00:00,8.44,68.9,6.21,2646.6
2019-03-06 08:00:00,10.01,66.9,6.06,2616.4
2019-03-06 09:00:00,13.92,68.7,9.71,2614.1
2019-03-06 10:00:00,11.65,52.5,2.29,2687.2
2019-03-06 11:00:00,12.86,54.7,9.6,2706.7
2019-03-06 12:00:00,11.24,61.0,7.16,2773.6
2019-03-06 13:00:00,16.61,66.6,1.0,2835.6
2019-03-06 14:00:00,15.4,49.3,3.12,2860.2
2019-03-06 15:00:00,14.3,60.0,4.95,2808.9
2019-03-06 16:00:00,15.15,58.2,1.14,2676.5
2019-03-06 17:00:00,18.22,44.8,7.04,2640.2
2019-03-06 18:00:00,12.25,58.1,9.67,2486.0
2019-03-06 19:00:00,11.83,66.9,8.49,2468.2
2019-03-06 20:00:00,16.1,47.3,7.87,2582.2
2019-03-06 21:00:00,12.13,73.6,3.39,2712.2
2019-03-06 22:00:00,12.58,65.7,7.01,2941.9
2019-03-06 23:00:00,10.94,66.0,13.39,3133.3
2019-03-07 00:00:00,9.22,64.7,1.71,3193.8
2019-03-07 01:00:00,7.8,57.0,1.49,3287.2
2019-03-07 02:00:00,10.35,58.5,2.24,3159.4
2019-03-07 03:00:00,11.04,66.1,4.7,2990.9
2019-03-07 04:00:00,10.98,58.0,2.11,2844.3
2019-03-07 05:00:00,5.71,68.9,8.07,2694.4
2019-03-07 06:00:00,12.57,54.8,5.06,2596.4
2019-03-07 07:00:00,9.24,68.2,4.93,2587.1
2019-03-07 08:00:00,9.21,68.8,9.69,2671.9
2019-03-07 09:00:00,11.71,49.6,1.24,2752.9
2019-03-07 10:00:00,15.25,60.3,6.11,2797.0
2019-03-07 11:00:00,15.49,47.4,6.34,2836.7
2019-03-07 12:00:00,14.33,45.6,11.92,2858.2
2019-03-07 13:00:00,17.7,53.1,18.32,2884.2
2019-03-07 14:00:00,16.35,81.3,1.61,2853.5
2019-03-07 15:00:00,14.71,66.4,3.25,2810.0
2019-03-07 16:00:00,14.23,71.8,0.73,2688.3
2019-03-07 17:00:00,16.63,63.6,2.01,2561.8
2019-03-07 18:00:00,14.76,61.8,12.5,2544.2
2019-03-07 19:00:00,10.7,70.6,8.39,2458.8
2019-03-07 20:00:00,15.29,54.7,4.04,2457.1
2019-03-07 21:00:00,10.94,67.0,4.61,2572.6
2019-03-07 22:00:00,15.08,69.4,1.58,2826.1
2019-03-07 23:00:00,6.63,72.3,1.8,3009.9
2019-03-08 00:00:00,9.06,74.7,4.81,3104.6
2019-03-08 01:00:00,7.12,67.8,3.0,3175.0
2019-03-08 02:00:00,6.04,80.7,8.11,3141.9
2019-03-08 03:00:00,7.12,64.6,9.26,2983.3
2019-03-08 04:00:00,12.9,78.6,3.23,2800.8
2019-03-08 05:00:00,9.23,69.2,6.35,2698.0
2019-03-08 06:00:00,7.53,62.9,4.61,2564.4
2019-03-08 07:00:00,5.77,58.0,4.49,2528.9
2019-03-08 08:00:00,7.0,59.9,12.17,2514.6
2019-03-08 09:00:00,11.0,55.5,1.34,2539.0
2019-03-08 10:00:00,11.79,61.9,11.92,2672.4
2019-03-08 11:00:00,13.78,50.8,8.62,2785.7
2019-03-08 12:00:00,9.49,74.8,6.11,2845.2
2019-03-08 13:00:00,15.57,60.4,7.96,2910.3
2019-03-08 14:00:00,18.77,57.5,4.38,2995.9
2019-03-08 15:00:00,20.4,46.4,3.12,2892.9
2019-03-08 16:00:00,11.47,56.7,2.26,2782.2
2019-03-08 17:00:00,13.8,43.2,8.8,2669.1
2019-03-08 18:00:00,13.03,74.5,5.68,2595.2
2019-03-08 19:00:00,14.7,48.9,14.76,2575.8
2019-03-08 20:00:00,10.32,53.0,8.25,2570.6
2019-03-08 21:00:00,16.54,70.1,6.11,2704.6
2019-03-08 22:00:00,11.41,66.0,3.0,2916.9
2019-03-08 23:00:00,10.03,64.9,3.44,3041.6
2019-03-09 00:00:00,13.69,63.8,2.78,2918.5
2019-03-09 01:00:00,9.04,72.4,6.77,2931.8
2019-03-09 02:00:00,9.68,65.1,4.28,2798.1
2019-03-09 03:00:00,6.66,54.3,3.09,2732.2
2019-03-09 04:00:00,5.25,73.7,15.58,2596.1
2019-03-09 05:00:00,7.55,69.3,10.39,2387.9
2019-03-09 06:00:00,15.18,69.2,4.92,2311.9
2019-03-09 07:00:00,12.12,52.3,5.26,2366.9
2019-03-09 08:00:00,12.19,56.4,8.54,2382.7
2019-03-09 09:00:00,10.1,67.1,4.38,2373.8
2019-03-09 10:00:00,15.85,51.8,1.63,2432.2
2019-03-09 11:00:00,11.15,44.3,2.87,2427.0
2019-03-09 12:00:00,11.45,64.4,5.33,2495.7
2019-03-09 13:00:00,14.61,67.5,5.28,2532.0
2019-03-09 14:00:00,21.29,53.9,1.06,2582.8
2019-03-09 15:00:00,21.29,59.4,8.47,2529.7
2019-03-09 16:00:00,15.28,63.0,1.13,2497.7
2019-03-09 17:00:00,14.32,60.6,2.06,2368.1
2019-03-09 18:00:00,11.27,64.1,8.98,2281.4
2019-03-09 19:00:00,14.74,71.0,4.15,2194.1
2019-03-09 20:00:00,13.98,53.1,11.05,2207.7
2019-03-09 21:00:00,14.51,66.6,9.79,2382.3
2019-03-09 22:00:00,13.78,51.5,1.6,2613.8
2019-03-09 23:00:00,10.05,57.6,3.63,2768.5
2019-03-10 00:00:00,11.3,72.5,3.02,2913.0
2019-03-10 01:00:00,7.53,56.3,3.3,2997.4
2019-03-10 02:00:00,10.22,61.9,2.92,2852.2
2019-03-10 03:00:00,7.47,84.9,1.97,2750.9
2019-03-10 04:00:00,10.03,72.2,10.36,2552.6
2019-03-10 05:00:00,10.22,57.9,2.15,2416.2
2019-03-10 06:00:00,10.09,59.4,4.02,2314.6
2019-03-10 07:00:00,12.73,60.5,2.02,2198.6
2019-03-10 08:00:00,7.78,76.3,5.49,2263.7
2019-03-10 09:00:00,10.08,55.9,3.91,2301.9
2019-03-10 10:00:00,13.1,53.0,3.15,2369.2
2019-03-10 11:00:00,11.13,68.8,10.3,2384.7
2019-03-10 12:00:00,14.55,46.9,4.35,2504.0
2019-03-10 13:00:00,15.27,52.5,4.67,2555.4
2019-03-10 14:00:00,19.88,55.4,1.05,2489.9
2019-03-10 15:00:00,17.1,58.1,5.27,2528.4
2019-03-10 16:00:00,19.18,45.7,8.16,2477.3
2019-03-10 17:00:00,16.96,61.3,2.49,2419.0
2019-03-10 18:00:00,14.23,65.0,3.9,2316.9
2019-03-10 19:00:00,15.08,54.6,11.73,2279.4
2019-03-10 20:00:00,15.6,72.8,3.1,2365.0
2019-03-10 21:00:00,15.73,62.1,7.3,2501.3
2019-03-10 22:00:00,11.38,54.9,4.1,2666.1
2019-03-10 23:00:00,6.62,79.7,10.44,2846.8
2019-03-11 00:00:00,5.82,63.2,6.01,3118.6
2019-03-11 01:00:00,8.67,66.5,2.74,3167.5
2019-03-11 02:00:00,3.24,65.5,1.52,3191.5
2019-03-11 03:00:00,13.43,66.2,13.41,3005.3
2019-03-11 04:00:00,10.57,59.7,6.79,2872.4
2019-03-11 05:00:00,7.89,62.3,5.9,2694.8
2019-03-11 06:00:00,7.34,64.8,3.48,2588.0
2019-03-11 07:00:00,13.52,57.2,1.25,2511.5
2019-03-11 08:00:00,9.13,73.3,6.24,2468.1
2019-03-11 09:00:00,10.4,53.6,6.04,2506.7
2019-03-11 10:00:00,12.07,62.0,7.25,2600.2
2019-03-11 11:00:00,15.23,60.5,11.1,2725.5
2019-03-11 12:00:00,17.33,57.1,5.64,2811.3
2019-03-11 13:00:00,19.39,64.2,1.1,2826.7
2019-03-11 14:00:00,19.42,44.4,7.63,2876.6
2019-03-11 15:00:00,16.95,63.0,13.72,2851.8
2019-03-11 16:00:00,19.36,46.6,4.53,2706.7
2019-03-11 17:00:00,14.73,56.1,4.36,2622.4
2019-03-11 18:00:00,11.22,52.2,4.06,2571.2
2019-03-11 19:00:00,13.27,58.7,5.08,2555.5
2019-03-11 20:00:00,11.97,57.8,6.22,2548.2
2019-03-11 21:00:00,11.37,76.0,7.2,2640.2
2019-03-11 22:00:00,9.51,66.3,3.05,2915.5
2019-03-11 23:00:00,9.79,67.7,3.21,3050.5
2019-03-12 00:00:00,11.87,53.6,0.25,3170.0
2019-03-12 01:00:00,13.97,66.7,1.1,3096.7
2019-03-12 02:00:00,4.97,81.1,3.73,3140.8
2019-03-12 03:00:00,5.93,74.2,6.3,3020.3
2019-03-12 04:00:00,7.31,55.7,3.54,2901.7
2019-03-12 05:00:00,11.6,59.0,8.1,2671.6
2019-03-12 06:00:00,9.81,65.0,2.86,2625.1
2019-03-12 07:00:00,9.34,59.9,3.0,2548.8
2019-03-12 08:00:00,13.91,81.1,9.84,2626.6
2019-03-12 09:00:00,15.54,55.7,6.15,2577.2
2019-03-12 10:00:00,14.14,60.3,8.94,2696.0
2019-03-12 11:00:00,13.11,56.7,6.36,2767.4
2019-03-12 12:00:00,16.65,60.5,5.27,2854.3
2019-03-12 13:00:00,16.03,70.2,6.22,2911.9
2019-03-12 14:00:00,16.41,59.8,1.83,2929.9
2019-03-12 15:00:00,15.87,57.6,0.64,2983.0
2019-03-12 16:00:00,19.33,47.9,1.67,2958.0
2019-03-12 17:00:00,17.24,67.9,1.07,2851.9
2019-03-12 18:00:00,18.57,56.0,6.05,2743.3
2019-03-12 19:00:00,18.49,55.7,9.97,2739.9
2019-03-12 20:00:00,15.33,41.0,1.78,2814.3
2019-03-12 21:00:00,11.88,61.5,5.78,2908.8
2019-03-12 22:00:00,14.72,57.0,12.48,3058.9
2019-03-12 23:00:00,12.31,47.5,8.6,3172.6
2019-03-13 00:00:00,17.03,66.3,6.52,3286.0
2019-03-13 01:00:00,10.66,59.2,4.91,3305.3
2019-03-13 02:00:00,11.23,78.2,6.15,3255.0
2019-03-13 03:00:00,10.08,75.3,5.43,3160.4
2019-03-13 04:00:00,9.24,58.8,4.35,3016.6
2019-03-13 05:00:00,9.24,75.6,2.08,2877.9
2019-03-13 06:00:00,11.26,75.9,2.98,2734.4
2019-03-13 07:00:00,12.66,57.4,5.84,2662.4
2019-03-13 08:00:00,15.2,51.6,9.43,2696.9
2019-03-13 09:00:00,14.13,43.5,1.83,2756.8
2019-03-13 10:00:00,13.23,64.5,16.5,2835.2
2019-03-13 11:00:00,14.54,52.6,0.99,2845.1
2019-03-13 12:00:00,12.87,65.0,2.36,2853.7
2019-03-13 13:00:00,20.97,50.7,6.02,2868.2
2019-03-13 14:00:00,15.86,53.1,7.63,2903.0
2019-03-13 15:00:00,19.77,51.7,3.02,2862.7
2019-03-13 16:00:00,17.91,47.3,5.02,2843.1
2019-03-13 17:00:00,17.58,53.4,4.34,2689.8
2019-03-13 18:00:00,15.89,53.4,3.78,2556.3
2019-03-13 19:00:00,13.38,61.2,2.33,2511.7
2019-03-13 20:00:00,11.97,63.3,5.92,2534.7
2019-03-13 21:00:00,17.67,49.3,6.14,2632.3
2019-03-13 22:00:00,12.6,70.7,4.89,2822.6
2019-03-13 23:00:00,14.17,59.4,8.11,3012.6
2019-03-14 00:00:00,14.19,72.7,5.91,3084.6
2019-03-14 01:00:00,9.07,66.7,2.69,3108.4
2019-03-14 02:00:00,10.75,63.9,12.57,3066.6
2019-03-14 03:00:00,9.67,60.3,7.0,2917.7
2019-03-14 04:00:00,6.8,71.5,3.87,2747.0
2019-03-14 05:00:00,9.63,64.6,3.44,2564.8
2019-03-14 06:00:00,12.2,69.1,3.39,2428.9
2019-03-14 07:00:00,10.31,76.6,1.97,2487.5
2019-03-14 08:00:00,11.71,56.8,2.91,2550.9
2019-03-14 09:00:00,13.13,66.4,5.43,2704.8
2019-03-14 10:00:00,19.87,60.8,7.16,2764.0
2019-03-14 11:00:00,10.97,66.9,11.57,2807.0
2019-03-14 12:00:00,17.64,54.4,3.93,2823.5
2019-03-14 13:00:00,16.39,55.6,5.79,2878.6
2019-03-14 14:00:00,15.82,54.7,5.7,2862.6
2019-03-14 15:00:00,16.86,53.7,2.88,2787.4
2019-03-14 16:00:00,19.09,50.0,6.7,2768.2
2019-03-14 17:00:00,18.83,56.1,1.49,2666.0
2019-03-14 18:00:00,16.85,52.5,4.54,2584.2
2019-03-14 19:00:00,18.29,60.9,3.9,2550.8
2019-03-14 20:00:00,17.77,58.2,3.05,2604.6
2019-03-14 21:00:00,15.6,60.9,6.14,2652.6
2019-03-14 22:00:00,11.16,60.9,11.61,2789.1
2019-03-14 23:00:00,12.79,62.3,8.81,3051.7
2019-03-15 00:00:00,12.18,60.3,5.61,3165.2
2019-03-15 01:00:00,8.26,71.6,8.36,3224.0
2019-03-15 02:00:00,5.98,63.7,13.92,3200.2
2019-03-15 03:00:00,4.71,71.2,2.72,3041.5
2019-03-15 04:00:00,10.07,53.5,4.51,2767.1
2019-03-15 05:00:00,11.04,68.9,6.59,2564.1
2019-03-15 06:00:00,7.98,61.1,6.96,2459.4
2019-03-15 07:00:00,14.38,53.2,3.95,2396.5
2019-03-15 08:00:00,13.11,52.4,5.68,2406.8
2019-03-15 09:00:00,17.14,48.5,4.11,2431.8
2019-03-15 10:00:00,15.73,55.6,4.74,2564.1
2019-03-15 11:00:00,13.1,73.5,1.1,2709.2
2019-03-15 12:00:00,17.74,52.7,11.6,2736.7
2019-03-15 13:00:00,18.9,39.2,0.88,2717.5
2019-03-15 14:00:00,16.26,61.9,3.25,2745.3
2019-03-15 15:00:00,14.16,51.8,7.16,2785.9
2019-03-15 16:00:00,17.88,64.2,9.53,2660.2
2019-03-15 17:00:00,14.73,56.9,4.07,2519.8
2019-03-15 18:00:00,19.39,54.3,7.75,2354.1
2019-03-15 19:00:00,14.75,69.8,4.58,2356.1
2019-03-15 20:00:00,19.11,61.7,6.06,2381.9
2019-03-15 21:00:00,8.45,55.3,3.38,2583.3
2019-03-15 22:00:00,13.07,52.8,7.24,2791.4
2019-03-15 23:00:00,15.34,45.5,1.77,3039.2
2019-03-16 00:00:00,8.91,85.7,16.15,2960.3
2019-03-16 01:00:00,10.11,57.0,2.92,2905.2
2019-03-16 02:00:00,9.1,74.1,1.96,2831.6
2019-03-16 03:00:00,8.26,61.1,4.81,2741.6
2019-03-16 04:00:00,10.72,54.8,3.76,2492.3
2019-03-16 05:00:00,7.27,66.4,11.48,2359.2
2019-03-16 06:00:00,10.86,60.7,14.42,2246.8
2019-03-16 07:00:00,13.26,67.8,3.01,2220.3
2019-03-16 08:00:00,12.4,68.6,6.57,2261.2
2019-03-16 09:00:00,11.47,58.1,6.09,2294.2
2019-03-16 10:00:00,17.58,46.4,6.42,2334.7
2019-03-16 11:00:00,17.79,48.2,2.34,2435.2
2019-03-16 12:00:00,14.19,42.4,2.28,2495.9
2019-03-16 13:00:00,14.2,58.4,5.17,2627.6
2019-03-16 14:00:00,15.45,59.5,6.21,2583.9
2019-03-16 15:00:00,19.33,47.4,1.6,2547.7
2019-03-16 16:00:00,18.52,47.1,3.27,2419.8
2019-03-16 17:00:00,19.41,56.3,4.39,2344.0
2019-03-16 18:00:00,15.98,54.2,9.84,2252.9
2019-03-16 19:00:00,13.66,59.4,8.19,2242.6
2019-03-16 20:00:00,17.3,55.2,11.3,2258.7
2019-03-16 21:00:00,12.59,63.9,4.79,2316.2
2019-03-16 22:00:00,13.4,56.8,3.56,2561.4
2019-03-16 23:00:00,8.09,61.6,10.84,2800.7
2019-03-17 00:00:00,9.92,49.0,4.67,2937.1
2019-03-17 01:00:00,13.23,61.0,7.21,2992.3
2019-03-17 02:00:00,8.52,65.9,0.82,2925.9
2019-03-17 03:00:00,12.21,60.8,4.53,2777.6
2019-03-17 04:00:00,4.48,83.7,4.72,2610.7
2019-03-17 05:00:00,9.31,65.9,4.63,2390.3
2019-03-17 06:00:00,10.92,62.0,5.1,2332.5
2019-03-17 07:00:00,16.53,62.8,10.63,2375.7
2019-03-17 08:00:00,10.22,80.7,3.34,2393.9
2019-03-17 09:00:00,15.85,61.3,8.13,2301.3
2019-03-17 10:00:00,17.85,39.9,1.41,2391.7
2019-03-17 11:00:00,14.37,64.0,1.57,2521.7
2019-03-17 12:00:00,16.07,52.1,2.4,2563.7
2019-03-17 13:00:00,17.99,42.2,2.88,2559.9
2019-03-17 14:00:00,14.33,74.1,8.07,2608.5
2019-03-17 15:00:00,17.04,70.2,5.17,2556.1
2019-03-17 16:00:00,21.23,47.8,1.12,2464.8
2019-03-17 17:00:00,18.95,49.7,5.54,2300.2
2019-03-17 18:00:00,16.61,60.0,5.53,2157.3
2019-03-17 19:00:00,16.46,51.8,0.17,2173.1
2019-03-17 20:00:00,16.66,57.6,11.29,2178.1
2019-03-17 21:00:00,16.11,53.4,2.61,2391.3
2019-03-17 22:00:00,11.75,59.4,8.04,2653.3
2019-03-17 23:00:00,16.01,48.0,6.89,2781.4
2019-03-18 00:00:00,14.84,66.7,1.91,3120.0
2019-03-18 01:00:00,12.61,71.5,9.94,3177.9
2019-03-18 02:00:00,8.41,64.5,6.18,3178.7
2019-03-18 03:00:00,7.83,65.4,9.89,3032.4
2019-03-18 04:00:00,9.7,69.3,13.21,2803.6
2019-03-18 05:00:00,11.07,63.2,2.33,2629.8
2019-03-18 06:00:00,7.13,80.1,5.87,2566.5
2019-03-18 07:00:00,13.62,50.6,1.43,2484.4
2019-03-18 08:00:00,16.56,65.6,9.83,2558.8
2019-03-18 09:00:00,15.82,58.4,1.08,2582.7
2019-03-18 10:00:00,13.73,52.0,1.77,2671.9
2019-03-18 11:00:00,14.39,78.5,3.16,2770.4
2019-03-18 12:00:00,17.96,76.7,4.69,2824.5
2019-03-18 13:00:00,17.46,56.4,8.28,2849.5
2019-03-18 14:00:00,19.35,60.1,1.2,2852.1
2019-03-18 15:00:00,19.89,52.3,5.81,2779.3
2019-03-18 16:00:00,20.97,52.7,3.03,2736.8
2019-03-18 17:00:00,15.01,50.9,4.56,2629.8
2019-03-18 18:00:00,17.76,47.5,11.05,2530.2
2019-03-18 19:00:00,15.47,74.4,5.1,2449.7
2019-03-18 20:00:00,15.17,59.6,6.83,2577.4
2019-03-18 21:00:00,16.54,59.2,0.79,2731.1
2019-03-18 22:00:00,15.78,52.9,2.6,2840.8
2019-03-18 23:00:00,15.88,60.8,4.71,3041.9
2019-03-19 00:00:00,12.82,49.7,1.48,3131.5
2019-03-19 01:00:00,10.85,57.1,1.02,3122.4
2019-03-19 02:00:00,10.09,54.3,2.66,3024.6
2019-03-19 03:00:00,6.25,77.3,4.71,2944.0
2019-03-19 04:00:00,14.07,47.5,7.95,2731.7
2019-03-19 05:00:00,10.32,54.3,7.98,2584.0
2019-03-19 06:00:00,13.02,45.2,4.27,2505.1
2019-03-19 07:00:00,14.28,53.5,5.15,2514.9
2019-03-19 08:00:00,10.44,60.0,1.3,2627.7
2019-03-19 09:00:00,12.28,70.0,15.21,2657.9
2019-03-19 10:00:00,19.49,54.6,11.94,2699.7
2019-03-19 11:00:00,17.31,54.9,6.09,2767.2
2019-03-19 12:00:00,15.96,61.6,3.79,2848.9
2019-03-19 13:00:00,17.74,54.3,9.62,2922.5
2019-03-19 14:00:00,21.17,74.3,15.4,2874.6
2019-03-19 15:00:00,20.92,50.5,6.69,2929.6
2019-03-19 16:00:00,14.79,63.5,8.05,2785.7
2019-03-19 17:00:00,22.14,60.9,3.12,2712.2
2019-03-19 18:00:00,19.83,51.2,1.57,2639.2
2019-03-19 19:00:00,16.21,60.4,4.38,2529.4
2019-03-19 20:00:00,12.64,57.9,7.27,2577.3
2019-03-19 21:00:00,17.22,60.4,1.26,2626.2
2019-03-19 22:00:00,14.74,61.0,14.57,2776.2
2019-03-19 23:00:00,8.94,63.7,6.9,2971.6
2019-03-20 00:00:00,11.38,53.6,8.01,3092.0
2019-03-20 01:00:00,19.14,71.6,0.78,3174.4
2019-03-20 02:00:00,10.97,67.9,3.3,3069.6
2019-03-20 03:00:00,8.94,52.1,5.18,2948.5
2019-03-20 04:00:00,8.41,61.9,1.86,2816.4
2019-03-20 05:00:00,15.76,46.8,18.58,2641.5
2019-03-20 06:00:00,14.08,66.8,11.41,2541.7
2019-03-20 07:00:00,16.31,58.8,5.38,2449.5
2019-03-20 08:00:00,14.38,60.5,8.75,2414.3
2019-03-20 09:00:00,17.93,50.9,3.8,2452.6
2019-03-20 10:00:00,13.71,58.5,10.15,2597.3
2019-03-20 11:00:00,17.2,64.5,4.41,2731.0
2019-03-20 12:00:00,18.34,65.8,13.96,2839.1
2019-03-20 13:00:00,21.71,61.4,2.95,2884.5
2019-03-20 14:00:00,19.45,44.0,1.5,2902.3
2019-03-20 15:00:00,17.23,56.7,4.77,2839.1
2019-03-20 16:00:00,18.82,59.0,2.72,2740.3
2019-03-20 17:00:00,14.07,54.9,6.73,2555.3
2019-03-20 18:00:00,11.82,49.3,2.32,2484.0
2019-03-20 19:00:00,18.87,46.6,18.62,2471.7
2019-03-20 20:00:00,14.89,72.1,1.44,2492.1
2019-03-20 21:00:00,14.14,51.2,6.95,2659.5
2019-03-20 22:00:00,15.84,59.7,3.74,2886.1
2019-03-20 23:00:00,16.29,57.7,12.63,3011.5
2019-03-21 00:00:00,13.51,60.0,3.92,3221.0
2019-03-21 01:00:00,16.36,56.4,3.9,3255.2
2019-03-21 02:00:00,12.39,68.4,3.64,3227.4
2019-03-21 03:00:00,11.76,62.9,7.11,3029.3
2019-03-21 04:00:00,11.74,57.6,3.59,2898.5
2019-03-21 05:00:00,8.32,65.8,3.18,2769.6
2019-03-21 06:00:00,14.56,50.1,1.4,2624.2
2019-03-21 07:00:00,6.89,70.3,2.48,2564.3
2019-03-21 08:00:00,12.5,56.6,8.57,2549.8
2019-03-21 09:00:00,15.06,55.0,2.75,2632.0
2019-03-21 10:00:00,14.06,64.9,5.57,2696.4
2019-03-21 11:00:00,15.87,56.0,0.86,2762.3
2019-03-21 12:00:00,22.43,51.3,8.29,2798.3
2019-03-21 13:00:00,21.22,64.4,21.29,2779.0
2019-03-21 14:00:00,17.15,50.5,1.8,2798.2
2019-03-21 15:00:00,17.83,61.7,2.24,2729.1
2019-03-21 16:00:00,15.67,67.1,4.02,2699.1
2019-03-21 17:00:00,20.23,65.2,1.05,2634.5
2019-03-21 18:00:00,17.2,75.6,1.97,2609.0
2019-03-21 19:00:00,12.08,57.2,7.95,2543.3
2019-03-21 20:00:00,16.29,52.0,4.87,2575.3
2019-03-21 21:00:00,16.1,65.7,4.89,2634.1
2019-03-21 22:00:00,16.37,66.4,0.86,2792.5
2019-03-21 23:00:00,12.82,55.4,1.41,2975.9
2019-03-22 00:00:00,11.45,66.7,3.34,3100.7
2019-03-22 01:00:00,16.71,80.4,11.37,3115.3
2019-03-22 02:00:00,11.36,63.7,3.21,3020.7
2019-03-22 03:00:00,13.01,69.0,5.71,2890.1
2019-03-22 04:00:00,9.99,76.6,2.74,2709.6
2019-03-22 05:00:00,13.47,81.3,4.84,2617.5
2019-03-22 06:00:00,8.74,67.0,15.09,2542.8
2019-03-22 07:00:00,12.05,72.4,6.41,2475.3
2019-03-22 08:00:00,11.15,56.8,3.96,2542.9
2019-03-22 09:00:00,13.69,61.2,7.6,2553.9
2019-03-22 10:00:00,19.37,52.9,7.45,2610.6
2019-03-22 11:00:00,15.68,44.4,6.91,2643.2
2019-03-22 12:00:00,19.83,43.3,3.26,2703.0
2019-03-22 13:00:00,22.46,57.5,1.19,2810.4
2019-03-22 14:00:00,19.0,60.4,4.37,2822.1
2019-03-22 15:00:00,21.69,46.3,2.01,2716.8
2019-03-22 16:00:00,20.4,68.1,1.79,2634.5
2019-03-22 17:00:00,18.96,48.0,5.63,2556.0
2019-03-22 18:00:00,19.91,58.1,4.72,2486.4
2019-03-22 19:00:00,21.81,51.2,7.59,2446.5
2019-03-22 20:00:00,14.65,61.1,6.83,2524.8
2019-03-22 21:00:00,12.81,68.9,7.46,2672.8
2019-03-22 22:00:00,11.63,68.8,19.38,2840.8
2019-03-22 23:00:00,15.69,65.1,3.29,3026.0
2019-03-23 00:00:00,15.41,64.3,6.55,2883.8
2019-03-23 01:00:00,10.61,53.3,5.53,2910.2
2019-03-23 02:00:00,6.21,76.1,0.81,2878.7
2019-03-23 03:00:00,9.73,55.7,4.3,2732.7
2019-03-23 04:00:00,12.92,60.8,1.82,2566.0
2019-03-23 05:00:00,11.78,59.8,8.53,2405.0
2019-03-23 06:00:00,13.04,64.4,3.11,2285.1
2019-03-23 07:00:00,12.1,58.4,2.47,2276.6
2019-03-23 08:00:00,16.91,57.2,11.05,2305.1
2019-03-23 09:00:00,16.27,71.9,6.02,2350.1
2019-03-23 10:00:00,17.91,47.3,7.03,2402.6
2019-03-23 11:00:00,17.81,57.7,5.67,2472.7
2019-03-23 12:00:00,19.55,47.4,1.97,2503.4
2019-03-23 13:00:00,20.02,61.4,1.37,2487.0
2019-03-23 14:00:00,16.96,52.6,6.99,2566.9
2019-03-23 15:00:00,20.35,56.0,10.29,2594.9
2019-03-23 16:00:00,21.26,44.4,3.92,2514.1
2019-03-23 17:00:00,21.76,64.9,10.51,2426.3
2019-03-23 18:00:00,19.28,57.2,3.96,2317.8
2019-03-23 19:00:00,15.0,61.1,3.4,2292.9
2019-03-23 20:00:00,14.42,67.1,5.33,2330.2
2019-03-23 21:00:00,14.32,50.5,2.33,2454.2
2019-03-23 22:00:00,14.85,55.2,7.9,2584.3
2019-03-23 23:00:00,13.11,62.9,10.91,2832.5
2019-03-24 00:00:00,9.98,49.9,2.0,2893.3
2019-03-24 01:00:00,9.33,51.3,3.25,2956.4
2019-03-24 02:00:00,6.51,60.2,10.88,2869.9
2019-03-24 03:00:00,3.82,59.8,2.7,2667.5
2019-03-24 04:00:00,11.43,60.1,2.61,2479.6
2019-03-24 05:00:00,17.96,61.8,13.64,2338.4
2019-03-24 06:00:00,17.28,64.2,15.54,2190.6
2019-03-24 07:00:00,11.17,77.5,5.75,2196.8
2019-03-24 08:00:00,14.96,59.9,5.4,2210.7
2019-03-24 09:00:00,11.96,63.7,15.87,2347.0
2019-03-24 10:00:00,13.37,61.1,11.29,2356.5
2019-03-24 11:00:00,14.63,62.9,16.22,2406.3
2019-03-24 12:00:00,17.88,60.9,3.05,2507.1
2019-03-24 13:00:00,18.63,64.5,3.72,2531.4
2019-03-24 14:00:00,20.11,63.3,0.73,2509.7
2019-03-24 15:00:00,21.28,59.1,0.9,2491.9
2019-03-24 16:00:00,18.64,69.2,1.05,2465.1
2019-03-24 17:00:00,19.17,56.9,3.8,2361.7
2019-03-24 18:00:00,15.71,54.5,2.34,2263.6
2019-03-24 19:00:00,14.26,57.0,5.66,2196.2
2019-03-24 20:00:00,12.91,60.8,2.88,2225.6
2019-03-24 21:00:00,17.24,49.5,12.6,2312.8
2019-03-24 22:00:00,13.74,56.1,2.17,2552.2
2019-03-24 23:00:00,8.94,55.7,0.65,2772.6
2019-03-25 00:00:00,12.84,64.5,1.36,3075.8
2019-03-25 01:00:00,9.24,67.4,11.47,3093.3
2019-03-25 02:00:00,16.11,45.0,2.19,3049.6
2019-03-25 03:00:00,10.38,58.5,8.29,2930.2
2019-03-25 04:00:00,13.67,75.7,5.56,2750.7
2019-03-25 05:00:00,15.08,65.0,10.34,2589.1
2019-03-25 06:00:00,10.61,67.1,13.56,2494.9
2019-03-25 07:00:00,14.02,55.5,5.93,2447.8
2019-03-25 08:00:00,16.17,61.4,6.05,2518.2
2019-03-25 09:00:00,16.11,59.0,0.37,2600.3
2019-03-25 10:00:00,17.76,51.4,5.21,2676.3
2019-03-25 11:00:00,14.5,56.4,3.3,2696.3
2019-03-25 12:00:00,20.04,52.2,7.56,2732.8
2019-03-25 13:00:00,18.07,45.6,8.31,2751.8
2019-03-25 14:00:00,20.56,45.0,1.53,2751.7
2019-03-25 15:00:00,22.13,52.7,4.32,2732.7
2019-03-25 16:00:00,21.36,48.1,12.05,2725.1
2019-03-25 17:00:00,20.16,53.5,8.33,2628.3
2019-03-25 18:00:00,20.26,42.9,6.49,2480.1
2019-03-25 19:00:00,19.55,62.8,7.19,2474.3
2019-03-25 20:00:00,20.6,72.2,0.29,2462.6
2019-03-25 21:00:00,15.74,67.6,4.94,2613.5
2019-03-25 22:00:00,15.2,68.9,2.79,2777.9
2019-03-25 23:00:00,16.16,64.1,13.5,2984.9
2019-03-26 00:00:00,11.98,64.5,19.32,3124.3
2019-03-26 01:00:00,9.23,65.3,2.83,3163.3
2019-03-26 02:00:00,13.4,54.0,14.76,3036.3
2019-03-26 03:00:00,11.52,68.3,7.94,2866.9
2019-03-26 04:00:00,9.15,69.7,0.31,2728.7
2019-03-26 05:00:00,13.82,57.2,12.24,2579.4
2019-03-26 06:00:00,16.78,62.8,10.24,2558.6
2019-03-26 07:00:00,9.96,58.5,4.96,2524.8
2019-03-26 08:00:00,17.55,52.9,7.94,2570.3
2019-03-26 09:00:00,9.69,70.5,8.62,2602.6
2019-03-26 10:00:00,16.07,62.6,13.45,2628.7
2019-03-26 11:00:00,22.63,52.0,13.63,2748.6
2019-03-26 12:00:00,18.04,54.8,3.53,2768.1
2019-03-26 13:00:00,19.72,57.6,2.55,2748.5
2019-03-26 14:00:00,21.8,39.9,2.79,2708.6
2019-03-26 15:00:00,15.74,53.3,2.48,2701.3
2019-03-26 16:00:00,20.07,45.8,3.67,2607.2
2019-03-26 17:00:00,19.66,56.4,3.79,2458.8
2019-03-26 18:00:00,23.52,61.9,2.3,2480.0
2019-03-26 19:00:00,14.94,63.9,4.34,2346.2
2019-03-26 20:00:00,16.11,55.0,12.17,2389.5
2019-03-26 21:00:00,13.71,55.4,5.19,2596.4
2019-03-26 22:00:00,12.41,56.0,1.53,2781.5
2019-03-26 23:00:00,16.85,74.5,2.94,3061.8
2019-03-27 00:00:00,13.47,61.8,15.98,3198.1
2019-03-27 01:00:00,11.38,64.5,11.73,3162.6
2019-03-27 02:00:00,11.08,46.2,2.32,3112.4
2019-03-27 03:00:00,10.83,53.9,13.54,2932.1
2019-03-27 04:00:00,11.19,62.7,8.82,2743.4
2019-03-27 05:00:00,9.61,60.3,15.03,2554.0
2019-03-27 06:00:00,12.76,62.9,1.0,2433.1
2019-03-27 07:00:00,13.34,62.3,3.07,2439.6
2019-03-27 08:00:00,13.31,66.2,9.23,2429.3
2019-03-27 09:00:00,16.62,43.7,6.97,2416.7
2019-03-27 10:00:00,17.87,48.9,14.12,2522.4
2019-03-27 11:00:00,16.84,57.7,10.42,2596.8
2019-03-27 12:00:00,18.7,51.9,0.89,2707.0
2019-03-27 13:00:00,25.1,49.4,7.76,2756.4
2019-03-27 14:00:00,25.4,52.6,10.91,2818.2
2019-03-27 15:00:00,17.6,52.0,1.94,2774.2
2019-03-27 16:00:00,17.81,59.3,5.7,2715.8
2019-03-27 17:00:00,17.05,62.7,2.2,2556.8
2019-03-27 18:00:00,21.71,55.2,6.7,2469.5
2019-03-27 19:00:00,17.24,64.0,4.27,2471.7
2019-03-27 20:00:00,17.87,40.3,5.14,2489.7
2019-03-27 21:00:00,21.23,50.3,10.92,2532.0
2019-03-27 22:00:00,15.17,67.0,3.47,2696.5
2019-03-27 23:00:00,16.0,52.3,3.9,2852.4
2019-03-28 00:00:00,14.91,52.1,4.13,2963.8
2019-03-28 01:00:00,11.51,61.8,6.19,2952.1
2019-03-28 02:00:00,15.23,59.7,3.54,2933.7
2019-03-28 03:00:00,10.32,59.5,2.59,2826.4
2019-03-28 04:00:00,15.93,74.0,9.36,2626.7
2019-03-28 05:00:00,11.51,65.1,3.88,2473.1
2019-03-28 06:00:00,12.42,54.8,4.69,2358.1
2019-03-28 07:00:00,11.72,51.1,8.19,2365.5
2019-03-28 08:00:00,13.1,64.8,3.18,2361.8
2019-03-28 09:00:00,15.37,52.3,1.48,2401.7
2019-03-28 10:00:00,11.4,80.1,13.27,2496.6
2019-03-28 11:00:00,17.86,61.1,6.9,2550.0
2019-03-28 12:00:00,18.0,62.1,5.1,2696.8
2019-03-28 13:00:00,21.88,56.5,5.48,2714.1
2019-03-28 14:00:00,21.36,63.9,15.17,2760.2
2019-03-28 15:00:00,18.67,37.9,8.28,2764.3
2019-03-28 16:00:00,19.16,47.0,0.25,2629.8
2019-03-28 17:00:00,19.32,64.8,5.02,2526.5
2019-03-28 18:00:00,22.98,65.6,5.5,2418.4
2019-03-28 19:00:00,16.39,49.0,5.12,2421.0
2019-03-28 20:00:00,15.68,44.9,0.72,2464.9
2019-03-28 21:00:00,13.62,62.4,1.83,2629.7
2019-03-28 22:00:00,11.7,66.5,0.97,2871.2
2019-03-28 23:00:00,15.21,61.0,16.81,3107.2
2019-03-29 00:00:00,14.33,60.1,5.19,3161.0
2019-03-29 01:00:00,16.39,44.1,5.87,3129.5
2019-03-29 02:00:00,15.39,56.7,4.39,3005.5
2019-03-29 03:00:00,18.64,55.3,2.3,2907.9
2019-03-29 04:00:00,12.6,57.5,2.58,2761.6
2019-03-29 05:00:00,12.53,46.6,16.87,2631.5
2019-03-29 06:00:00,10.57,68.2,4.48,2548.9
2019-03-29 07:00:00,16.39,65.8,3.12,2491.1
2019-03-29 08:00:00,15.91,52.9,10.51,2511.5
2019-03-29 09:00:00,18.27,55.9,3.93,2575.9
2019-03-29 10:00:00,14.83,56.2,1.53,2644.5
2019-03-29 11:00:00,19.53,52.5,2.25,2682.9
2019-03-29 12:00:00,19.99,60.0,10.44,2806.3
2019-03-29 13:00:00,20.46,59.8,3.3,2787.3
2019-03-29 14:00:00,18.8,65.6,6.27,2775.7
2019-03-29 15:00:00,23.62,61.5,4.47,2814.8
2019-03-29 16:00:00,25.64,50.1,8.67,2795.5
2019-03-29 17:00:00,17.33,80.9,3.97,2589.9
2019-03-29 18:00:00,21.28,67.4,2.62,2410.9
2019-03-29 19:00:00,11.45,57.6,2.2,2343.1
2019-03-29 20:00:00,19.35,57.5,9.28,2405.8
2019-03-29 21:00:00,11.97,46.5,3.13,2545.6
2019-03-29 22:00:00,14.3,60.8,6.01,2732.4
2019-03-29 23:00:00,11.36,76.3,11.63,2942.4
2019-03-30 00:00:00,13.48,83.5,5.13,2814.1
2019-03-30 01:00:00,15.48,58.6,6.8,2881.8
2019-03-30 02:00:00,8.34,68.0,3.19,2850.9
2019-03-30 03:00:00,11.95,67.3,3.96,2592.3
2019-03-30 04:00:00,11.7,78.5,11.83,2428.6
2019-03-30 05:00:00,17.34,50.3,8.59,2274.4
2019-03-30 06:00:00,15.1,81.2,4.34,2196.2
2019-03-30 07:00:00,11.91,59.9,5.18,2159.8
2019-03-30 08:00:00,14.64,50.9,4.18,2123.6
2019-03-30 09:00:00,20.74,52.9,7.89,2212.9
2019-03-30 10:00:00,19.67,49.8,3.04,2320.9
2019-03-30 11:00:00,16.55,62.1,7.88,2321.8
2019-03-30 12:00:00,19.01,43.6,14.78,2465.8
2019-03-30 13:00:00,19.73,57.4,5.61,2545.2
2019-03-30 14:00:00,19.37,61.8,1.65,2512.5
2019-03-30 15:00:00,16.57,70.6,4.6,2435.5
2019-03-30 16:00:00,19.02,62.2,13.95,2375.6
2019-03-30 17:00:00,23.79,64.3,5.16,2304.1
2019-03-30 18:00:00,18.73,52.2,2.03,2227.7
2019-03-30 19:00:00,18.59,60.3,4.44,2210.0
2019-03-30 20:00:00,18.24,39.6,12.47,2273.2
2019-03-30 21:00:00,22.4,53.2,3.05,2350.1
2019-03-30 22:00:00,15.84,62.4,12.62,2521.7
2019-03-30 23:00:00,17.59,61.7,4.17,2715.8
2019-03-31 00:00:00,12.73,49.2,21.69,2822.7
2019-03-31 01:00:00,12.94,58.5,3.31,2876.1
2019-03-31 02:00:00,13.22,59.4,2.44,2841.5
2019-03-31 03:00:00,11.12,59.7,0.34,2650.9
2019-03-31 04:00:00,12.68,67.7,4.73,2472.7
2019-03-31 05:00:00,15.81,57.6,4.09,2298.6
2019-03-31 06:00:00,12.22,63.0,13.88,2188.1
2019-03-31 07:00:00,15.05,56.0,9.45,2096.1
2019-03-31 08:00:00,17.79,66.3,12.22,2149.7
2019-03-31 09:00:00,14.99,69.1,10.41,2330.6
2019-03-31 10:00:00,20.83,52.9,4.87,2409.2
2019-03-31 11:00:00,19.24,79.4,45.04,2561.4
2019-03-31 12:00:00,19.47,50.3,4.55,2651.3
2019-03-31 13:00:00,15.5,67.7,6.78,2634.5
2019-03-31 14:00:00,19.98,48.4,16.93,2640.5
2019-03-31 15:00:00,21.98,60.6,9.67,2618.9
2019-03-31 16:00:00,25.28,57.3,5.61,2589.5
2019-03-31 17:00:00,21.94,46.4,7.66,2402.3
2019-03-31 18:00:00,22.7,52.8,3.02,2313.6
2019-03-31 19:00:00,16.03,74.1,3.74,2325.2
2019-03-31 20:00:00,17.77,51.3,6.77,2284.7
2019-03-31 21:00:00,20.11,59.1,2.04,2442.6
2019-03-31 22:00:00,13.8,63.6,2.81,2654.5
2019-03-31 23:00:00,17.47,57.7,0.79,2745.6
2019-04-01 00:00:00,16.26,45.1,5.03,3081.6
2019-04-01 01:00:00,14.48,67.0,5.59,3096.0
2019-04-01 02:00:00,12.57,62.0,10.73,3057.1
2019-04-01 03:00:00,10.79,72.2,2.41,2904.4
2019-04-01 04:00:00,17.83,59.6,3.77,2704.3
2019-04-01 05:00:00,15.37,60.2,8.86,2556.5
2019-04-01 06:00:00,15.28,62.8,10.02,2478.4
2019-04-01 07:00:00,14.23,52.7,9.69,2438.9
2019-04-01 08:00:00,16.32,71.4,2.6,2526.3
2019-04-01 09:00:00,17.67,54.9,1.01,2574.2
2019-04-01 10:00:00,19.29,53.7,5.5,2665.9
2019-04-01 11:00:00,21.09,65.5,4.89,2682.5
2019-04-01 12:00:00,18.13,59.5,5.8,2753.9
2019-04-01 13:00:00,17.05,56.5,6.57,2768.2
2019-04-01 14:00:00,21.33,58.2,7.39,2753.8
2019-04-01 15:00:00,16.89,63.5,7.45,2782.2
2019-04-01 16:00:00,20.31,54.8,3.84,2671.9
2019-04-01 17:00:00,19.45,63.8,4.35,2549.3
2019-04-01 18:00:00,21.31,44.8,3.34,2392.7
2019-04-01 19:00:00,24.21,54.7,9.05,2353.6
2019-04-01 20:00:00,13.43,67.7,2.01,2320.8
2019-04-01 21:00:00,22.94,58.6,16.15,2523.2
2019-04-01 22:00:00,15.64,41.6,4.99,2720.9
2019-04-01 23:00:00,16.13,58.1,4.95,2939.6
2019-04-02 00:00:00,11.09,53.4,4.27,3077.0
2019-04-02 01:00:00,16.49,69.1,9.26,3064.0
2019-04-02 02:00:00,13.7,57.9,5.35,3026.8
2019-04-02 03:00:00,13.31,70.8,3.5,2869.8
2019-04-02 04:00:00,8.75,55.3,8.94,2731.9
2019-04-02 05:00:00,14.18,63.8,3.0,2456.2
2019-04-02 06:00:00,16.75,58.7,9.4,2327.3
2019-04-02 07:00:00,14.87,82.2,1.32,2287.9
2019-04-02 08:00:00,19.36,65.9,12.31,2344.5
2019-04-02 09:00:00,20.29,64.7,2.89,2354.6
2019-04-02 10:00:00,16.89,74.7,1.74,2539.8
2019-04-02 11:00:00,23.45,55.5,4.05,2680.3
2019-04-02 12:00:00,20.4,54.9,3.61,2777.8
2019-04-02 13:00:00,21.05,53.5,6.61,2865.6
2019-04-02 14:00:00,21.57,57.4,1.65,2877.8
2019-04-02 15:00:00,21.63,32.5,6.46,2780.1
2019-04-02 16:00:00,14.75,60.2,4.02,2714.0
2019-04-02 17:00:00,20.46,57.4,5.33,2585.2
2019-04-02 18:00:00,16.88,57.3,2.0,2482.3
2019-04-02 19:00:00,23.53,40.9,5.07,2490.1
2019-04-02 20:00:00,22.46,52.8,2.93,2491.6
2019-04-02 21:00:00,19.59,44.1,1.12,2586.0
2019-04-02 22:00:00,15.83,73.5,7.87,2803.6
2019-04-02 23:00:00,12.94,59.6,2.5,2944.1
2019-04-03 00:00:00,13.19,44.9,6.48,3049.1
2019-04-03 01:00:00,19.05,55.1,2.53,3074.5
2019-04-03 02:00:00,12.07,69.5,4.96,3025.5
2019-04-03 03:00:00,7.77,67.2,20.11,2927.3
2019-04-03 04:00:00,16.37,51.6,10.48,2698.8
2019-04-03 05:00:00,17.95,52.2,15.03,2480.2
2019-04-03 06:00:00,18.98,54.5,10.89,2445.9
2019-04-03 07:00:00,18.26,53.9,4.85,2326.2
2019-04-03 08:00:00,19.63,46.2,9.26,2380.2
2019-04-03 09:00:00,17.79,57.2,4.38,2445.3
2019-04-03 10:00:00,13.51,50.5,1.63,2535.7
2019-04-03 11:00:00,19.73,63.8,5.97,2625.0
2019-04-03 12:00:00,22.04,62.9,1.21,2679.6
2019-04-03 13:00:00,20.79,47.3,4.26,2720.4
2019-04-03 14:00:00,21.07,49.4,11.54,2745.1
2019-04-03 15:00:00,19.25,53.2,10.06,2722.4
2019-04-03 16:00:00,19.02,56.5,4.3,2534.7
2019-04-03 17:00:00,25.72,53.5,14.98,2493.1
2019-04-03 18:00:00,25.18,55.6,7.14,2442.9
2019-04-03 19:00:00,19.65,59.8,8.19,2348.4
2019-04-03 20:00:00,19.4,68.9,3.6,2420.3
2019-04-03 21:00:00,15.21,60.3,9.08,2592.6
2019-04-03 22:00:00,18.23,47.0,4.53,2773.7
2019-04-03 23:00:00,20.06,43.1,2.22,2955.7
2019-04-04 00:00:00,11.21,76.1,7.19,3016.3
2019-04-04 01:00:00,15.56,63.6,5.1,3045.5
2019-04-04 02:00:00,15.35,61.4,4.84,2996.8
2019-04-04 03:00:00,15.18,63.4,7.65,2833.1
2019-04-04 04:00:00,18.11,58.8,1.25,2648.0
2019-04-04 05:00:00,19.49,59.9,3.09,2524.0
2019-04-04 06:00:00,14.45,57.5,6.56,2445.4
2019-04-04 07:00:00,17.55,66.4,2.03,2433.7
2019-04-04 08:00:00,17.04,54.2,2.68,2391.8
2019-04-04 09:00:00,16.28,51.7,9.06,2473.2
2019-04-04 10:00:00,19.57,42.8,1.65,2484.1
2019-04-04 11:00:00,21.54,52.9,10.46,2557.3
2019-04-04 12:00:00,21.23,65.2,7.77,2708.2
2019-04-04 13:00:00,19.12,53.0,8.32,2770.1
2019-04-04 14:00:00,20.57,44.5,1.86,2786.4
2019-04-04 15:00:00,20.72,57.7,10.74,2712.5
2019-04-04 16:00:00,19.62,51.1,5.83,2698.4
2019-04-04 17:00:00,22.11,66.7,15.18,2603.0
2019-04-04 18:00:00,21.74,63.2,7.9,2412.0
2019-04-04 19:00:00,22.31,44.0,4.79,2355.3
2019-04-04 20:00:00,16.75,57.2,1.35,2416.4
2019-04-04 21:00:00,16.42,52.8,6.76,2538.7
2019-04-04 22:00:00,20.71,46.1,9.81,2766.7
2019-04-04 23:00:00,15.45,59.2,8.96,2898.9
2019-04-05 00:00:00,15.31,66.3,2.14,3028.4
2019-04-05 01:00:00,14.16,60.0,14.74,3033.7
2019-04-05 02:00:00,17.03,54.2,3.18,2972.4
2019-04-05 03:00:00,16.99,40.8,10.33,2807.0
2019-04-05 04:00:00,16.98,53.1,2.45,2642.9
2019-04-05 05:00:00,14.66,64.7,2.43,2558.6
2019-04-05 06:00:00,13.05,50.8,2.56,2396.6
2019-04-05 07:00:00,20.88,65.6,2.6,2455.1
2019-04-05 08:00:00,19.17,52.0,1.59,2611.2
2019-04-05 09:00:00,16.92,60.0,2.11,2621.9
2019-04-05 10:00:00,22.66,50.7,0.51,2734.4
2019-04-05 11:00:00,18.72,47.6,0.84,2812.0
2019-04-05 12:00:00,24.42,56.0,17.16,2902.4
2019-04-05 13:00:00,25.22,47.0,6.36,2896.4
2019-04-05 14:00:00,19.62,49.6,4.95,2811.0
2019-04-05 15:00:00,23.52,34.2,6.29,2760.8
2019-04-05 16:00:00,23.88,63.3,3.52,2666.5
2019-04-05 17:00:00,28.06,49.6,4.71,2580.9
2019-04-05 18:00:00,19.03,65.6,3.8,2383.3
2019-04-05 19:00:00,23.64,58.0,7.25,2411.2
2019-04-05 20:00:00,19.14,65.5,9.49,2502.5
2019-04-05 21:00:00,14.96,55.5,2.74,2583.8
2019-04-05 22:00:00,16.73,47.6,2.05,2858.6
2019-04-05 23:00:00,16.07,65.2,3.23,2964.0
2019-04-06 00:00:00,12.79,62.8,2.82,2778.6
2019-04-06 01:00:00,15.58,55.8,7.35,2732.7
2019-04-06 02:00:00,16.79,64.5,5.02,2599.7
2019-04-06 03:00:00,14.86,62.6,2.27,2519.7
2019-04-06 04:00:00,13.04,66.7,0.81,2338.8
2019-04-06 05:00:00,14.43,52.3,8.27,2199.5
2019-04-06 06:00:00,15.42,67.5,2.75,2101.7
2019-04-06 07:00:00,16.8,58.5,3.72,2030.2
2019-04-06 08:00:00,20.0,64.7,6.69,2001.2
2019-04-06 09:00:00,18.94,64.6,6.79,1993.9
2019-04-06 10:00:00,15.79,64.9,9.17,2086.7
2019-04-06 11:00:00,18.86,56.0,10.97,2203.9
2019-04-06 12:00:00,21.5,60.5,2.56,2248.5
2019-04-06 13:00:00,24.54,61.3,8.29,2248.4
2019-04-06 14:00:00,25.37,56.6,9.94,2338.2
2019-04-06 15:00:00,26.7,52.3,9.67,2389.6
2019-04-06 16:00:00,22.45,59.7,5.72,2212.8
2019-04-06 17:00:00,23.63,48.9,11.3,2096.7
2019-04-06 18:00:00,17.45,70.1,19.58,2047.7
2019-04-06 19:00:00,21.34,41.5,4.83,1948.1
2019-04-06 20:00:00,16.61,59.0,2.71,1960.3
2019-04-06 21:00:00,18.1,54.3,5.95,2172.9
2019-04-06 22:00:00,24.8,47.0,3.52,2376.4
2019-04-06 23:00:00,17.02,60.8,3.18,2542.6
2019-04-07 00:00:00,13.47,52.2,15.43,2625.9
2019-04-07 01:00:00,16.01,76.4,3.91,2717.3
2019-04-07 02:00:00,13.3,50.5,3.8,2648.4
2019-04-07 03:00:00,12.06,54.7,3.22,2548.8
2019-04-07 04:00:00,19.85,47.8,6.53,2354.4
2019-04-07 05:00:00,17.66,59.5,7.77,2161.4
2019-04-07 06:00:00,16.49,66.9,12.41,2071.6
2019-04-07 07:00:00,15.48,63.8,2.02,2016.8
2019-04-07 08:00:00,16.65,70.5,12.16,2032.7
2019-04-07 09:00:00,22.32,47.5,2.42,2072.1
2019-04-07 10:00:00,20.26,61.1,1.97,2108.0
2019-04-07 11:00:00,12.75,59.4,4.4,2232.7
2019-04-07 12:00:00,27.34,52.0,2.18,2397.5
2019-04-07 13:00:00,22.38,63.0,6.56,2338.5
2019-04-07 14:00:00,23.18,39.9,3.13,2439.0
2019-04-07 15:00:00,25.18,67.8,9.25,2401.7
2019-04-07 16:00:00,23.49,52.0,7.33,2342.2
2019-04-07 17:00:00,23.79,40.1,7.84,2141.3
2019-04-07 18:00:00,20.23,50.3,6.14,2039.7
2019-04-07 19:00:00,17.38,58.9,5.95,1943.1
2019-04-07 20:00:00,20.2,50.3,2.92,1974.9
2019-04-07 21:00:00,22.04,38.0,3.23,2142.1
2019-04-07 22:00:00,15.8,60.1,3.35,2351.2
2019-04-07 23:00:00,14.64,54.5,8.77,2513.3
2019-04-08 00:00:00,18.88,62.1,6.51,2898.6
2019-04-08 01:00:00,14.05,52.2,3.33,2951.3
2019-04-08 02:00:00,13.77,79.1,5.1,2861.2
2019-04-08 03:00:00,13.72,65.1,11.91,2752.2
2019-04-08 04:00:00,14.63,61.9,0.06,2590.2
2019-04-08 05:00:00,11.26,68.0,4.63,2422.4
2019-04-08 06:00:00,14.48,45.8,5.23,2407.8
2019-04-08 07:00:00,17.23,54.2,3.14,2357.0
2019-04-08 08:00:00,18.18,71.7,1.36,2336.5
2019-04-08 09:00:00,21.55,52.2,2.95,2438.7
2019-04-08 10:00:00,24.29,52.1,2.51,2557.2
2019-04-08 11:00:00,24.44,48.7,5.34,2544.4
2019-04-08 12:00:00,23.77,64.7,2.67,2525.7
2019-04-08 13:00:00,21.75,52.6,5.11,2587.0
2019-04-08 14:00:00,20.96,45.2,13.91,2579.4
2019-04-08 15:00:00,22.7,74.5,2.05,2577.2
2019-04-08 16:00:00,23.98,41.8,9.83,2510.9
2019-04-08 17:00:00,24.18,51.9,4.33,2447.2
2019-04-08 18:00:00,23.04,46.8,0.52,2382.8
2019-04-08 19:00:00,20.35,50.1,9.34,2263.5
2019-04-08 20:00:00,21.66,46.2,9.19,2278.5
2019-04-08 21:00:00,21.81,50.2,2.02,2484.3
2019-04-08 22:00:00,19.82,64.0,6.6,2684.7
2019-04-08 23:00:00,16.58,43.5,4.2,2892.1
2019-04-09 00:00:00,13.94,70.9,5.71,3098.5
2019-04-09 01:00:00,13.24,70.1,2.87,3155.9
2019-04-09 02:00:00,13.29,65.4,2.22,3064.7
2019-04-09 03:00:00,15.5,60.6,1.81,2852.5
2019-04-09 04:00:00,16.29,61.2,11.11,2724.1
2019-04-09 05:00:00,11.85,73.9,2.06,2613.2
2019-04-09 06:00:00,14.76,46.2,6.53,2508.4
2019-04-09 07:00:00,17.46,63.8,2.11,2539.0
2019-04-09 08:00:00,15.57,53.6,19.77,2551.7
2019-04-09 09:00:00,19.94,62.7,2.06,2591.0
2019-04-09 10:00:00,19.12,51.8,2.0,2692.5
2019-04-09 11:00:00,19.04,62.4,12.27,2761.1
2019-04-09 12:00:00,21.81,42.2,3.93,2830.6
2019-04-09 13:00:00,23.3,39.8,1.61,2772.9
2019-04-09 14:00:00,20.6,54.6,4.56,2776.7
2019-04-09 15:00:00,22.25,65.7,2.37,2715.2
2019-04-09 16:00:00,23.89,57.2,22.06,2629.7
2019-04-09 17:00:00,20.41,59.9,0.89,2502.9
2019-04-09 18:00:00,17.54,64.9,7.62,2388.4
2019-04-09 19:00:00,17.01,55.2,12.57,2385.6
2019-04-09 20:00:00,18.84,61.8,8.32,2380.4
2019-04-09 21:00:00,15.56,54.9,2.77,2440.7
2019-04-09 22:00:00,16.95,55.9,10.15,2630.1
2019-04-09 23:00:00,21.02,53.7,5.42,2877.3
2019-04-10 00:00:00,12.77,57.4,7.39,2978.0
2019-04-10 01:00:00,14.88,59.6,8.54,3001.2
2019-04-10 02:00:00,20.51,53.6,1.95,2922.8
2019-04-10 03:00:00,16.07,53.5,7.07,2883.6
2019-04-10 04:00:00,14.26,59.5,8.15,2739.3
2019-04-10 05:00:00,15.19,61.1,4.63,2552.2
2019-04-10 06:00:00,17.29,49.4,2.74,2442.0
2019-04-10 07:00:00,21.29,58.3,4.37,2376.0
2019-04-10 08:00:00,16.69,54.7,15.17,2475.3
2019-04-10 09:00:00,17.15,59.9,6.52,2461.0
2019-04-10 10:00:00,16.64,53.4,4.97,2493.9
2019-04-10 11:00:00,21.31,63.4,2.02,2607.2
2019-04-10 12:00:00,18.36,65.0,10.02,2736.4
2019-04-10 13:00:00,21.35,46.5,7.01,2766.0
2019-04-10 14:00:00,20.64,59.7,3.46,2754.1
2019-04-10 15:00:00,25.73,63.0,2.97,2759.7
2019-04-10 16:00:00,21.64,47.1,1.74,2637.5
2019-04-10 17:00:00,23.5,46.2,7.23,2631.3
2019-04-10 18:00:00,17.87,63.6,0.82,2530.6
2019-04-10 19:00:00,21.38,44.4,7.42,2462.1
2019-04-10 20:00:00,17.07,52.1,0.9,2509.1
2019-04-10 21:00:00,17.98,49.5,4.1,2659.3
2019-04-10 22:00:00,23.54,59.1,10.24,2797.5
2019-04-10 23:00:00,19.38,51.0,0.65,2963.9
2019-04-11 00:00:00,16.09,56.8,11.88,3073.0
2019-04-11 01:00:00,23.77,47.0,2.91,3062.9
2019-04-11 02:00:00,13.09,70.7,4.33,2955.0
2019-04-11 03:00:00,18.15,50.6,2.92,2790.4
2019-04-11 04:00:00,11.55,51.5,3.21,2601.9
2019-04-11 05:00:00,15.17,48.3,2.23,2533.6
2019-04-11 06:00:00,13.04,67.1,9.58,2434.7
2019-04-11 07:00:00,17.88,63.8,7.92,2414.4
2019-04-11 08:00:00,18.35,67.3,2.04,2459.2
2019-04-11 09:00:00,18.47,47.1,6.59,2505.5
2019-04-11 10:00:00,23.01,51.7,5.6,2560.6
2019-04-11 11:00:00,19.82,75.6,3.59,2680.4
2019-04-11 12:00:00,22.89,51.3,6.89,2796.7
2019-04-11 13:00:00,24.76,47.7,4.22,2877.7
2019-04-11 14:00:00,19.4,56.3,8.76,2829.6
2019-04-11 15:00:00,21.37,59.1,2.31,2791.4
2019-04-11 16:00:00,23.24,57.5,8.15,2676.4
2019-04-11 17:00:00,24.28,47.7,0.81,2584.4
2019-04-11 18:00:00,25.62,46.8,5.26,2459.8
2019-04-11 19:00:00,20.7,53.1,4.77,2411.6
2019-04-11 20:00:00,19.49,50.6,2.41,2515.3
2019-04-11 21:00:00,17.06,48.5,7.04,2581.3
2019-04-11 22:00:00,19.03,71.2,7.49,2824.4
2019-04-11 23:00:00,16.5,55.5,2.88,3012.8
2019-04-12 00:00:00,15.92,56.5,3.59,3081.7
2019-04-12 01:00:00,15.73,56.9,6.15,3109.0
2019-04-12 02:00:00,16.95,57.8,1.05,3086.3
2019-04-12 03:00:00,14.02,64.3,3.0,2970.0
2019-04-12 04:00:00,13.64,57.4,3.19,2822.1
2019-04-12 05:00:00,17.05,67.5,3.81,2630.2
2019-04-12 06:00:00,9.04,69.5,8.39,2487.4
2019-04-12 07:00:00,15.92,57.7,8.02,2436.3
2019-04-12 08:00:00,15.52,54.3,2.23,2455.6
2019-04-12 09:00:00,22.44,62.7,5.09,2498.5
2019-04-12 10:00:00,19.37,55.2,5.93,2536.8
2019-04-12 11:00:00,20.03,46.0,6.76,2566.3
2019-04-12 12:00:00,22.14,62.5,1.65,2661.3
2019-04-12 13:00:00,21.41,49.1,0.47,2672.6
2019-04-12 14:00:00,22.29,61.1,16.61,2718.2
2019-04-12 15:00:00,23.68,32.9,2.6,2684.2
2019-04-12 16:00:00,22.24,51.3,4.49,2590.6
2019-04-12 17:00:00,21.82,63.8,6.05,2444.1
2019-04-12 18:00:00,19.74,56.3,4.37,2380.1
2019-04-12 19:00:00,18.55,61.9,4.62,2336.4
2019-04-12 20:00:00,20.62,48.3,5.85,2341.7
2019-04-12 21:00:00,20.2,58.6,2.43,2468.9
2019-04-12 22:00:00,14.83,60.2,2.47,2623.4
2019-04-12 23:00:00,19.33,58.5,2.6,2753.1
2019-04-13 00:00:00,18.71,73.3,6.44,2671.5
2019-04-13 01:00:00,18.6,67.6,7.57,2665.9
2019-04-13 02:00:00,16.51,65.1,2.21,2628.0
2019-04-13 03:00:00,17.22,64.7,2.42,2584.1
2019-04-13 04:00:00,21.22,47.7,7.01,2369.8
2019-04-13 05:00:00,15.41,55.9,8.41,2241.1
2019-04-13 06:00:00,14.18,48.4,9.16,2130.0
2019-04-13 07:00:00,13.79,50.8,2.69,2112.5
2019-04-13 08:00:00,22.98,46.5,6.55,2074.1
2019-04-13 09:00:00,24.05,52.5,13.87,2171.9
2019-04-13 10:00:00,18.35,47.5,3.21,2234.6
2019-04-13 11:00:00,19.81,55.8,7.93,2408.0
2019-04-13 12:00:00,21.64,53.5,5.27,2377.6
2019-04-13 13:00:00,26.15,42.0,18.46,2453.5
2019-04-13 14:00:00,20.27,68.0,0.52,2434.9
2019-04-13 15:00:00,18.71,46.4,5.82,2438.1
2019-04-13 16:00:00,28.91,57.8,11.65,2452.8
2019-04-13 17:00:00,23.87,34.9,2.07,2321.7
2019-04-13 18:00:00,23.59,52.0,8.09,2223.5
2019-04-13 19:00:00,21.11,45.5,3.32,2169.2
2019-04-13 20:00:00,21.82,49.3,0.89,2135.0
2019-04-13 21:00:00,15.84,73.8,3.24,2287.5
2019-04-13 22:00:00,16.49,56.0,2.22,2526.2
2019-04-13 23:00:00,17.89,48.9,9.83,2655.6
2019-04-14 00:00:00,11.31,66.9,18.66,2752.5
2019-04-14 01:00:00,15.59,56.7,3.45,2723.2
2019-04-14 02:00:00,15.04,61.2,3.26,2676.3
2019-04-14 03:00:00,15.06,52.6,0.64,2526.5
2019-04-14 04:00:00,14.57,53.4,9.23,2390.1
2019-04-14 05:00:00,13.86,54.6,12.97,2235.8
2019-04-14 06:00:00,12.43,68.4,7.1,2137.1
2019-04-14 07:00:00,18.18,55.6,3.15,2105.3
2019-04-14 08:00:00,18.03,49.2,6.02,2137.1
2019-04-14 09:00:00,16.38,60.2,9.01,2195.5
2019-04-14 10:00:00,21.01,55.8,4.36,2284.0
2019-04-14 11:00:00,21.08,59.7,7.58,2409.9
2019-04-14 12:00:00,21.49,51.0,3.6,2499.2
2019-04-14 13:00:00,17.89,57.1,1.45,2594.8
2019-04-14 14:00:00,25.39,55.1,8.7,2571.4
2019-04-14 15:00:00,20.73,47.3,5.46,2454.7
2019-04-14 16:00:00,23.84,60.0,6.06,2434.4
2019-04-14 17:00:00,21.26,55.1,9.58,2265.1
2019-04-14 18:00:00,21.67,45.9,2.29,2237.6
2019-04-14 19:00:00,24.7,43.4,3.27,2196.0
2019-04-14 20:00:00,22.18,53.5,12.82,2196.7
2019-04-14 21:00:00,22.64,49.5,5.86,2304.7
2019-04-14 22:00:00,19.61,62.4,8.99,2476.0
2019-04-14 23:00:00,18.81,54.7,5.01,2718.1
2019-04-15 00:00:00,12.72,64.2,7.45,3125.2
2019-04-15 01:00:00,15.75,52.6,7.67,3211.7
2019-04-15 02:00:00,15.58,59.4,2.88,3201.0
2019-04-15 03:00:00,19.06,67.3,19.59,2997.3
2019-04-15 04:00:00,14.87,58.9,6.01,2754.2
2019-04-15 05:00:00,17.2,53.8,1.11,2591.6
2019-04-15 06:00:00,17.74,50.9,1.38,2493.2
2019-04-15 07:00:00,20.9,55.1,3.42,2388.3
2019-04-15 08:00:00,18.63,68.4,0.83,2439.3
2019-04-15 09:00:00,22.07,43.4,11.6,2446.9
2019-04-15 10:00:00,16.78,58.2,2.93,2500.7
2019-04-15 11:00:00,17.97,43.9,1.78,2603.5
2019-04-15 12:00:00,17.12,55.0,6.3,2680.5
2019-04-15 13:00:00,25.43,53.8,7.53,2758.1
2019-04-15 14:00:00,25.55,38.9,3.62,2772.2
2019-04-15 15:00:00,26.25,47.4,7.61,2768.8
2019-04-15 16:00:00,22.17,56.6,8.9,2608.3
2019-04-15 17:00:00,22.06,55.4,3.54,2517.7
2019-04-15 18:00:00,22.53,56.7,1.59,2427.4
2019-04-15 19:00:00,25.61,43.7,3.2,2430.5
2019-04-15 20:00:00,25.27,54.1,4.13,2510.0
2019-04-15 21:00:00,21.99,49.6,5.08,2598.5
2019-04-15 22:00:00,19.8,61.9,9.06,2822.7
2019-04-15 23:00:00,21.34,36.4,4.25,2963.4
2019-04-16 00:00:00,16.72,56.3,2.54,3064.1
2019-04-16 01:00:00,15.75,60.2,3.12,3019.8
2019-04-16 02:00:00,16.0,70.0,5.71,2907.3
2019-04-16 03:00:00,13.74,61.7,6.12,2750.3
2019-04-16 04:00:00,15.89,60.8,14.46,2602.9
2019-04-16 05:00:00,13.93,63.9,4.09,2435.7
2019-04-16 06:00:00,19.92,66.1,2.55,2303.2
2019-04-16 07:00:00,19.55,53.3,0.57,2298.8
2019-04-16 08:00:00,22.73,42.6,0.92,2269.4
2019-04-16 09:00:00,16.12,46.4,6.97,2273.3
2019-04-16 10:00:00,25.98,56.5,2.99,2384.4
2019-04-16 11:00:00,18.26,59.2,10.81,2449.0
2019-04-16 12:00:00,20.02,53.9,0.76,2494.5
2019-04-16 13:00:00,22.1,49.6,3.35,2560.8
2019-04-16 14:00:00,27.32,51.6,8.77,2686.2
2019-04-16 15:00:00,24.75,53.9,11.77,2640.6
2019-04-16 16:00:00,23.44,57.1,7.39,2623.0
2019-04-16 17:00:00,21.67,45.8,9.43,2512.4
2019-04-16 18:00:00,19.58,42.2,2.44,2476.0
2019-04-16 19:00:00,25.02,44.7,3.86,2484.6
2019-04-16 20:00:00,23.22,42.6,12.27,2473.6
2019-04-16 21:00:00,23.57,41.9,2.27,2554.3
2019-04-16 22:00:00,20.15,68.4,4.94,2721.7
2019-04-16 23:00:00,11.58,44.6,7.92,2844.6
2019-04-17 00:00:00,14.44,64.2,11.21,2957.3
2019-04-17 01:00:00,18.07,64.8,4.5,2983.3
2019-04-17 02:00:00,15.59,67.4,3.72,2961.2
2019-04-17 03:00:00,14.98,62.2,6.57,2781.9
2019-04-17 04:00:00,13.75,71.6,15.11,2627.7
2019-04-17 05:00:00,19.28,70.8,6.52,2437.1
2019-04-17 06:00:00,18.69,54.6,6.74,2382.0
2019-04-17 07:00:00,19.63,59.9,4.49,2411.7
2019-04-17 08:00:00,17.76,68.0,2.41,2392.7
2019-04-17 09:00:00,20.82,48.5,3.79,2452.8
2019-04-17 10:00:00,18.07,55.6,4.43,2624.5
2019-04-17 11:00:00,22.05,49.4,3.74,2648.0
2019-04-17 12:00:00,16.88,62.2,4.83,2639.5
2019-04-17 13:00:00,19.92,40.9,6.93,2688.0
2019-04-17 14:00:00,23.43,64.7,3.03,2663.7
2019-04-17 15:00:00,30.31,52.0,9.13,2761.4
2019-04-17 16:00:00,19.74,60.9,6.57,2596.4
2019-04-17 17:00:00,20.73,36.5,5.19,2452.4
2019-04-17 18:00:00,23.75,44.7,4.2,2324.9
2019-04-17 19:00:00,26.8,62.5,2.28,2385.2
2019-04-17 20:00:00,21.92,53.0,7.0,2439.4
2019-04-17 21:00:00,22.13,40.5,19.74,2545.7
2019-04-17 22:00:00,18.5,59.0,11.49,2774.2
2019-04-17 23:00:00,17.1,63.8,7.67,3011.1
2019-04-18 00:00:00,17.94,61.9,12.47,3135.2
2019-04-18 01:00:00,15.45,58.4,3.23,3145.2
2019-04-18 02:00:00,18.51,66.3,2.71,3078.0
2019-04-18 03:00:00,12.54,56.3,4.83,2943.6
2019-04-18 04:00:00,18.92,61.2,5.07,2656.9
2019-04-18 05:00:00,17.19,59.3,10.71,2495.3
2019-04-18 06:00:00,17.19,57.2,8.96,2343.6
2019-04-18 07:00:00,14.45,57.4,0.71,2281.6
2019-04-18 08:00:00,17.07,55.6,9.11,2327.4
2019-04-18 09:00:00,23.56,53.4,4.25,2401.2
2019-04-18 10:00:00,21.07,52.8,6.29,2465.4
2019-04-18 11:00:00,23.26,59.3,4.63,2546.9
2019-04-18 12:00:00,21.19,50.8,2.98,2594.5
2019-04-18 13:00:00,23.95,65.4,6.24,2658.6
2019-04-18 14:00:00,20.99,50.6,2.81,2714.1
2019-04-18 15:00:00,24.81,59.5,4.32,2730.3
2019-04-18 16:00:00,25.35,59.4,2.43,2616.1
2019-04-18 17:00:00,24.82,53.5,1.8,2489.8
2019-04-18 18:00:00,21.13,55.7,19.07,2399.5
2019-04-18 19:00:00,21.7,48.8,3.38,2348.6
2019-04-18 20:00:00,22.94,49.5,4.32,2418.3
2019-04-18 21:00:00,20.03,57.7,11.36,2531.4
2019-04-18 22:00:00,18.81,56.6,5.46,2714.9
2019-04-18 23:00:00,23.32,62.8,2.34,2951.7
2019-04-19 00:00:00,15.54,55.9,2.36,3061.8
2019-04-19 01:00:00,19.98,52.9,2.2,3153.9
2019-04-19 02:00:00,13.99,47.5,15.02,3031.0
2019-04-19 03:00:00,18.38,62.4,0.61,2831.4
2019-04-19 04:00:00,18.65,61.5,1.96,2666.4
2019-04-19 05:00:00,16.0,67.0,3.46,2498.8
2019-04-19 06:00:00,14.87,68.4,3.45,2403.5
2019-04-19 07:00:00,13.82,67.3,3.16,2382.2
2019-04-19 08:00:00,18.17,64.1,7.09,2347.7
2019-04-19 09:00:00,22.06,59.2,5.88,2320.3
2019-04-19 10:00:00,19.08,62.8,2.69,2435.3
2019-04-19 11:00:00,22.98,38.9,3.29,2465.5
2019-04-19 12:00:00,19.88,47.3,22.82,2514.1
2019-04-19 13:00:00,23.62,43.0,6.05,2578.9
2019-04-19 14:00:00,21.74,64.8,0.19,2583.2
2019-04-19 15:00:00,24.55,46.1,2.36,2620.0
2019-04-19 16:00:00,23.35,48.3,3.18,2562.1
2019-04-19 17:00:00,21.23,55.1,18.75,2462.2
2019-04-19 18:00:00,21.92,44.5,3.36,2396.7
2019-04-19 19:00:00,20.41,58.7,3.56,2315.1
2019-04-19 20:00:00,18.49,40.2,0.95,2331.2
2019-04-19 21:00:00,23.45,43.8,5.02,2620.6
2019-04-19 22:00:00,18.81,58.5,8.4,2776.5
2019-04-19 23:00:00,13.24,51.5,4.75,2976.1
2019-04-20 00:00:00,16.53,69.2,3.33,2779.5
2019-04-20 01:00:00,19.74,56.6,4.16,2827.6
2019-04-20 02:00:00,15.15,68.9,8.14,2731.7
2019-04-20 03:00:00,20.67,58.3,3.86,2554.1
2019-04-20 04:00:00,14.92,60.0,3.92,2446.8
2019-04-20 05:00:00,18.72,49.1,6.57,2344.1
2019-04-20 06:00:00,20.68,62.9,2.87,2227.3
2019-04-20 07:00:00,20.05,59.5,2.19,2189.7
2019-04-20 08:00:00,16.45,75.5,1.0,2182.3
2019-04-20 09:00:00,18.57,63.8,4.35,2182.8
2019-04-20 10:00:00,24.88,48.9,2.8,2286.9
2019-04-20 11:00:00,20.91,57.6,9.12,2333.7
2019-04-20 12:00:00,26.19,54.4,3.92,2484.4
2019-04-20 13:00:00,23.31,62.7,8.37,2498.9
2019-04-20 14:00:00,25.14,62.5,7.29,2479.4
2019-04-20 15:00:00,21.46,53.5,0.88,2323.6
2019-04-20 16:00:00,23.26,43.7,1.67,2254.7
2019-04-20 17:00:00,22.2,39.4,15.87,2103.9
2019-04-20 18:00:00,24.31,43.4,2.91,2050.3
2019-04-20 19:00:00,23.15,48.7,6.21,2031.2
2019-04-20 20:00:00,23.11,65.5,4.31,2096.2
2019-04-20 21:00:00,19.7,68.4,0.91,2200.4
2019-04-20 22:00:00,17.56,65.6,2.35,2402.9
2019-04-20 23:00:00,19.38,66.3,1.96,2641.6
2019-04-21 00:00:00,15.7,53.8,7.9,2769.7
2019-04-21 01:00:00,20.33,43.6,2.34,2804.5
2019-04-21 02:00:00,16.95,50.4,6.7,2700.7
2019-04-21 03:00:00,16.28,42.7,1.44,2555.7
2019-04-21 04:00:00,18.39,48.4,0.32,2439.1
2019-04-21 05:00:00,17.45,54.0,5.1,2273.7
2019-04-21 06:00:00,14.13,62.0,6.42,2156.0
2019-04-21 07:00:00,16.45,59.9,3.46,2168.3
2019-04-21 08:00:00,22.71,48.3,4.93,2178.4
2019-04-21 09:00:00,21.31,59.5,1.19,2245.3
2019-04-21 10:00:00,17.93,52.3,3.67,2314.0
2019-04-21 11:00:00,23.98,52.9,9.13,2414.8
2019-04-21 12:00:00,22.53,45.1,16.23,2481.2
2019-04-21 13:00:00,22.38,62.8,4.45,2556.0
2019-04-21 14:00:00,22.1,54.5,5.99,2583.5
2019-04-21 15:00:00,27.6,55.4,9.33,2658.0
2019-04-21 16:00:00,20.05,46.2,5.24,2467.8
2019-04-21 17:00:00,22.47,55.4,6.28,2300.3
2019-04-21 18:00:00,24.23,57.2,12.9,2213.2
2019-04-21 19:00:00,27.05,34.0,6.07,2324.5
2019-04-21 20:00:00,23.52,62.5,3.55,2286.4
2019-04-21 21:00:00,18.99,46.8,12.74,2302.4
2019-04-21 22:00:00,23.89,54.6,5.64,2598.8
2019-04-21 23:00:00,15.71,73.7,1.59,2745.5
2019-04-22 00:00:00,19.11,64.3,3.89,3059.3
2019-04-22 01:00:00,19.03,44.9,17.53,3027.7
2019-04-22 02:00:00,15.21,58.4,9.83,2956.2
2019-04-22 03:00:00,19.02,66.7,2.97,2835.0
2019-04-22 04:00:00,16.13,52.6,10.71,2681.1
2019-04-22 05:00:00,19.55,53.5,3.85,2556.3
2019-04-22 06:00:00,13.85,57.8,2.41,2387.8
2019-04-22 07:00:00,20.11,60.5,9.27,2307.9
2019-04-22 08:00:00,19.21,44.3,1.65,2336.2
2019-04-22 09:00:00,24.15,57.7,2.46,2464.9
2019-04-22 10:00:00,22.2,49.3,5.16,2495.2
2019-04-22 11:00:00,26.4,50.8,5.85,2528.8
2019-04-22 12:00:00,25.37,49.9,8.29,2621.5
2019-04-22 13:00:00,24.42,57.3,2.01,2543.9
2019-04-22 14:00:00,27.11,50.1,5.23,2595.1
2019-04-22 15:00:00,27.26,61.7,0.48,2616.2
2019-04-22 16:00:00,26.32,58.9,0.61,2568.4
2019-04-22 17:00:00,19.01,50.4,2.56,2356.5
2019-04-22 18:00:00,21.65,65.6,8.28,2320.5
2019-04-22 19:00:00,26.74,53.2,6.88,2407.1
2019-04-22 20:00:00,19.17,58.0,3.84,2414.7
2019-04-22 21:00:00,23.48,60.0,0.83,2538.8
2019-04-22 22:00:00,22.01,46.1,5.8,2719.6
2019-04-22 23:00:00,17.46,47.0,26.07,2863.4
2019-04-23 00:00:00,13.64,61.3,4.64,3023.2
2019-04-23 01:00:00,16.57,53.9,1.66,3104.0
2019-04-23 02:00:00,22.78,70.4,4.37,3003.5
2019-04-23 03:00:00,15.29,53.7,1.01,2870.6
2019-04-23 04:00:00,15.6,59.8,2.94,2724.1
2019-04-23 05:00:00,15.49,61.1,7.82,2546.9
2019-04-23 06:00:00,21.66,64.5,12.13,2347.0
2019-04-23 07:00:00,18.84,49.0,3.63,2325.3
2019-04-23 08:00:00,18.85,44.0,1.38,2226.4
2019-04-23 09:00:00,24.99,63.2,8.18,2401.5
2019-04-23 10:00:00,23.94,53.5,5.58,2490.0
2019-04-23 11:00:00,21.15,61.6,4.3,2534.7
2019-04-23 12:00:00,21.22,61.9,4.98,2637.5
2019-04-23 13:00:00,27.81,58.0,3.76,2706.8
2019-04-23 14:00:00,25.36,48.7,4.63,2724.7
2019-04-23 15:00:00,21.58,49.5,5.31,2657.5
2019-04-23 16:00:00,20.86,39.3,5.74,2587.4
2019-04-23 17:00:00,22.13,46.3,4.9,2466.9
2019-04-23 18:00:00,21.18,55.6,2.2,2364.2
2019-04-23 19:00:00,18.34,51.7,15.62,2349.4
2019-04-23 20:00:00,19.74,47.1,4.46,2352.1
2019-04-23 21:00:00,19.15,57.1,0.77,2429.3
2019-04-23 22:00:00,19.26,67.3,3.92,2659.5
2019-04-23 23:00:00,23.68,52.6,4.11,2875.7
2019-04-24 00:00:00,18.13,48.4,2.44,2935.6
2019-04-24 01:00:00,17.74,68.0,1.79,2969.8
2019-04-24 02:00:00,19.03,50.6,5.3,2899.2
2019-04-24 03:00:00,17.03,70.2,5.25,2723.6
2019-04-24 04:00:00,18.76,54.9,1.59,2563.8
2019-04-24 05:00:00,18.86,57.7,5.35,2415.3
2019-04-24 06:00:00,19.1,69.2,6.39,2359.5
2019-04-24 07:00:00,26.54,40.0,1.43,2400.6
2019-04-24 08:00:00,22.87,45.3,3.8,2347.7
2019-04-24 09:00:00,18.92,54.3,15.49,2375.2
2019-04-24 10:00:00,23.59,52.0,7.43,2481.5
2019-04-24 11:00:00,21.65,75.8,7.45,2466.2
2019-04-24 12:00:00,25.57,44.4,7.53,2534.7
2019-04-24 13:00:00,21.65,44.2,10.42,2541.6
2019-04-24 14:00:00,22.72,46.3,2.51,2563.7
2019-04-24 15:00:00,26.48,52.7,0.92,2632.8
2019-04-24 16:00:00,27.98,53.5,3.72,2531.0
2019-04-24 17:00:00,26.35,45.3,3.05,2399.0
2019-04-24 18:00:00,26.59,50.9,3.33,2328.2
2019-04-24 19:00:00,24.56,67.9,7.87,2259.1
2019-04-24 20:00:00,23.09,53.8,2.58,2265.8
2019-04-24 21:00:00,20.37,58.3,15.99,2371.2
2019-04-24 22:00:00,22.62,69.0,0.65,2580.1
2019-04-24 23:00:00,22.19,48.7,11.13,2756.4
2019-04-25 00:00:00,18.81,50.8,1.12,2869.0
2019-04-25 01:00:00,18.04,53.8,7.64,2860.8
2019-04-25 02:00:00,21.91,50.2,7.34,2895.2
2019-04-25 03:00:00,17.75,43.2,3.82,2753.9
2019-04-25 04:00:00,18.12,58.6,8.24,2643.0
2019-04-25 05:00:00,19.54,58.1,2.33,2471.7
2019-04-25 06:00:00,18.72,55.5,1.97,2375.4
2019-04-25 07:00:00,17.75,59.8,7.76,2359.7
2019-04-25 08:00:00,21.71,56.7,3.08,2370.7
2019-04-25 09:00:00,21.7,44.1,14.76,2427.0
2019-04-25 10:00:00,27.44,52.4,7.75,2574.5
2019-04-25 11:00:00,25.77,55.9,6.09,2603.5
2019-04-25 12:00:00,23.14,40.7,3.3,2621.1
2019-04-25 13:00:00,27.08,62.0,1.62,2756.8
2019-04-25 14:00:00,26.43,41.0,9.78,2706.1
2019-04-25 15:00:00,29.07,39.6,9.7,2786.1
2019-04-25 16:00:00,24.35,54.1,2.57,2644.3
2019-04-25 17:00:00,25.73,55.7,1.39,2540.2
2019-04-25 18:00:00,24.38,58.7,5.01,2459.1
2019-04-25 19:00:00,23.94,57.3,4.77,2436.4
2019-04-25 20:00:00,20.62,51.3,8.67,2457.0
2019-04-25 21:00:00,23.24,54.3,3.8,2572.7
2019-04-25 22:00:00,21.81,52.0,13.54,2662.4
2019-04-25 23:00:00,23.01,55.0,6.82,2820.0
2019-04-26 00:00:00,19.11,57.3,15.07,2934.7
2019-04-26 01:00:00,17.47,54.0,1.33,2983.0
2019-04-26 02:00:00,20.07,53.2,5.41,2910.4
2019-04-26 03:00:00,15.98,44.4,12.75,2777.5
2019-04-26 04:00:00,20.81,62.0,1.49,2590.2
2019-04-26 05:00:00,21.21,57.4,9.22,2463.6
2019-04-26 06:00:00,22.28,35.7,0.88,2451.8
2019-04-26 07:00:00,20.91,61.6,1.62,2409.7
2019-04-26 08:00:00,19.71,55.8,1.42,2413.1
2019-04-26 09:00:00,22.24,46.7,1.74,2459.3
2019-04-26 10:00:00,23.95,44.6,8.33,2570.8
2019-04-26 11:00:00,22.57,48.4,3.75,2611.7
2019-04-26 12:00:00,28.13,42.0,4.5,2774.0
2019-04-26 13:00:00,26.88,44.1,2.33,2815.1
2019-04-26 14:00:00,23.6,66.7,4.82,2828.4
2019-04-26 15:00:00,30.67,50.4,12.39,2904.3
2019-04-26 16:00:00,26.07,67.4,1.52,2725.0
2019-04-26 17:00:00,22.69,55.7,35.76,2573.6
2019-04-26 18:00:00,22.72,58.5,4.07,2465.4
2019-04-26 19:00:00,27.68,42.8,2.17,2489.9
2019-04-26 20:00:00,27.56,48.6,1.4,2570.0
2019-04-26 21:00:00,24.49,51.8,6.29,2606.6
2019-04-26 22:00:00,24.23,57.6,5.66,2713.5
2019-04-26 23:00:00,23.01,53.2,1.7,2877.3
2019-04-27 00:00:00,20.7,58.3,10.86,2738.2
2019-04-27 01:00:00,19.49,58.9,7.08,2798.5
2019-04-27 02:00:00,19.62,53.9,10.48,2706.8
2019-04-27 03:00:00,19.97,52.8,11.61,2532.0
2019-04-27 04:00:00,16.41,53.5,1.37,2328.9
2019-04-27 05:00:00,20.5,64.3,11.54,2152.9
2019-04-27 06:00:00,22.95,51.2,7.89,2035.5
2019-04-27 07:00:00,19.62,58.9,6.98,1958.0
2019-04-27 08:00:00,20.31,54.5,3.93,1908.4
2019-04-27 09:00:00,23.32,61.8,11.08,2035.4
2019-04-27 10:00:00,21.54,38.9,12.29,2119.7
2019-04-27 11:00:00,20.84,57.8,6.59,2287.9
2019-04-27 12:00:00,27.83,39.7,7.0,2367.3
2019-04-27 13:00:00,24.47,55.6,18.83,2439.9
2019-04-27 14:00:00,26.04,50.0,0.2,2459.0
2019-04-27 15:00:00,24.61,40.5,13.25,2335.4
2019-04-27 16:00:00,29.19,51.4,5.02,2261.3
2019-04-27 17:00:00,27.73,51.6,14.05,2131.4
2019-04-27 18:00:00,24.36,50.7,2.25,2044.3
2019-04-27 19:00:00,21.18,54.2,6.46,2003.2
2019-04-27 20:00:00,22.3,55.5,6.35,2039.7
2019-04-27 21:00:00,23.56,62.6,7.5,2230.7
2019-04-27 22:00:00,21.57,52.2,4.1,2399.3
2019-04-27 23:00:00,20.41,63.8,3.19,2513.5
2019-04-28 00:00:00,20.0,55.7,7.49,2690.5
2019-04-28 01:00:00,20.73,65.8,8.17,2674.9
2019-04-28 02:00:00,18.33,55.5,4.61,2563.4
2019-04-28 03:00:00,19.42,51.1,7.21,2417.6
2019-04-28 04:00:00,15.97,50.4,15.74,2267.8
2019-04-28 05:00:00,25.22,51.6,5.31,2135.1
2019-04-28 06:00:00,18.76,50.6,0.55,1943.2
2019-04-28 07:00:00,20.81,66.6,6.67,1908.0
2019-04-28 08:00:00,22.68,46.9,1.62,1996.3
2019-04-28 09:00:00,21.27,49.5,6.15,2060.0
2019-04-28 10:00:00,23.35,58.0,9.7,2197.5
2019-04-28 11:00:00,24.29,62.1,4.44,2302.7
2019-04-28 12:00:00,22.84,59.6,8.91,2322.8
2019-04-28 13:00:00,26.86,59.0,9.1,2392.2
2019-04-28 14:00:00,22.04,53.7,11.69,2350.8
2019-04-28 15:00:00,30.68,46.9,17.43,2460.4
2019-04-28 16:00:00,28.14,65.6,14.1,2343.0
2019-04-28 17:00:00,27.36,63.6,0.36,2239.2
2019-04-28 18:00:00,20.78,61.1,3.09,2074.2
2019-04-28 19:00:00,22.32,63.0,2.19,2034.8
2019-04-28 20:00:00,26.81,57.4,7.95,2106.0
2019-04-28 21:00:00,32.68,36.2,4.49,2307.0
2019-04-28 22:00:00,24.25,52.3,2.5,2375.5
2019-04-28 23:00:00,22.89,65.7,3.16,2503.3
2019-04-29 00:00:00,20.94,61.0,3.53,2798.4
2019-04-29 01:00:00,16.88,58.0,8.87,2831.0
2019-04-29 02:00:00,21.08,67.2,1.01,2786.3
2019-04-29 03:00:00,15.71,62.4,2.51,2645.7
2019-04-29 04:00:00,15.57,65.6,0.24,2437.2
2019-04-29 05:00:00,15.81,62.3,8.78,2349.0
2019-04-29 06:00:00,22.07,58.7,10.95,2272.7
2019-04-29 07:00:00,20.32,60.6,7.13,2295.1
2019-04-29 08:00:00,21.68,65.1,7.96,2315.8
2019-04-29 09:00:00,22.42,65.5,5.87,2394.7
2019-04-29 10:00:00,20.68,51.8,7.06,2414.5
2019-04-29 11:00:00,22.78,56.6,0.69,2372.7
2019-04-29 12:00:00,23.74,63.2,6.86,2467.4
2019-04-29 13:00:00,22.41,53.0,2.31,2458.6
2019-04-29 14:00:00,25.06,41.5,8.02,2556.2
2019-04-29 15:00:00,23.76,45.7,4.17,2555.7
2019-04-29 16:00:00,27.77,43.1,13.0,2560.6
2019-04-29 17:00:00,27.58,46.3,6.08,2428.5
2019-04-29 18:00:00,22.05,48.4,2.12,2274.0
2019-04-29 19:00:00,23.72,61.3,1.49,2282.4
2019-04-29 20:00:00,28.14,47.3,2.35,2412.8
2019-04-29 21:00:00,20.01,66.1,4.87,2416.9
2019-04-29 22:00:00,22.49,45.0,12.38,2528.3
2019-04-29 23:00:00,20.72,52.6,3.42,2734.6
2019-04-30 00:00:00,22.52,54.8,6.66,2865.3
2019-04-30 01:00:00,19.9,62.6,1.37,2920.9
2019-04-30 02:00:00,17.68,67.0,7.85,2850.2
2019-04-30 03:00:00,18.79,52.7,4.35,2699.6
2019-04-30 04:00:00,18.96,64.8,6.59,2522.9
2019-04-30 05:00:00,18.93,43.4,13.79,2364.3
2019-04-30 06:00:00,16.49,65.8,5.38,2371.4
2019-04-30 07:00:00,23.73,42.3,1.56,2339.1
2019-04-30 08:00:00,24.25,56.2,5.7,2350.4
2019-04-30 09:00:00,20.01,65.0,5.55,2410.5
2019-04-30 10:00:00,22.9,60.8,8.92,2500.0
2019-04-30 11:00:00,24.06,39.6,5.32,2579.5
2019-04-30 12:00:00,22.56,50.4,13.37,2581.7
2019-04-30 13:00:00,21.42,60.6,9.21,2564.2
2019-04-30 14:00:00,24.81,57.7,5.42,2606.8
2019-04-30 15:00:00,25.73,53.6,4.92,2583.9
2019-04-30 16:00:00,22.88,36.1,1.9,2456.6
2019-04-30 17:00:00,26.53,60.4,3.72,2447.7
2019-04-30 18:00:00,28.36,60.3,1.05,2430.4
2019-04-30 19:00:00,26.73,51.9,4.44,2407.4
2019-04-30 20:00:00,23.34,55.2,0.8,2350.8
2019-04-30 21:00:00,18.02,61.6,5.52,2503.5
2019-04-30 22:00:00,23.37,65.0,1.74,2609.9
2019-04-30 23:00:00,20.99,57.2,6.75,2778.3
2019-05-01 00:00:00,21.01,53.7,5.18,2933.5
2019-05-01 01:00:00,24.16,55.7,3.17,2938.8
2019-05-01 02:00:00,16.85,58.4,1.3,2793.4
2019-05-01 03:00:00,11.59,62.7,4.84,2654.9
2019-05-01 04:00:00,16.28,44.8,4.54,2557.3
2019-05-01 05:00:00,20.53,59.8,16.82,2473.6
2019-05-01 06:00:00,20.02,65.4,3.56,2414.6
2019-05-01 07:00:00,17.74,66.0,8.48,2328.2
2019-05-01 08:00:00,18.19,65.1,2.69,2344.4
2019-05-01 09:00:00,21.89,54.1,2.04,2484.8
2019-05-01 10:00:00,20.7,56.6,7.2,2573.4
2019-05-01 11:00:00,26.08,60.7,3.38,2611.2
2019-05-01 12:00:00,24.58,59.3,4.73,2673.1
2019-05-01 13:00:00,24.68,64.2,0.35,2672.9
2019-05-01 14:00:00,24.75,46.8,2.81,2663.8
2019-05-01 15:00:00,27.44,44.6,3.15,2698.0
2019-05-01 16:00:00,26.75,47.9,1.83,2588.4
2019-05-01 17:00:00,26.75,43.1,3.69,2464.3
2019-05-01 18:00:00,26.06,40.6,0.92,2407.7
2019-05-01 19:00:00,24.6,56.1,5.52,2372.3
2019-05-01 20:00:00,21.23,58.2,3.7,2390.5
2019-05-01 21:00:00,20.95,57.2,3.49,2589.4
2019-05-01 22:00:00,20.76,58.2,7.25,2754.4
2019-05-01 23:00:00,25.94,39.5,1.91,2973.5
2019-05-02 00:00:00,16.73,54.8,13.73,3011.4
2019-05-02 01:00:00,18.42,54.9,1.85,2985.1
2019-05-02 02:00:00,19.32,56.9,9.35,2847.4
2019-05-02 03:00:00,18.18,45.8,12.32,2736.7
2019-05-02 04:00:00,21.76,47.2,0.63,2542.4
2019-05-02 05:00:00,18.7,53.5,2.53,2495.6
2019-05-02 06:00:00,19.52,64.8,1.35,2350.3
2019-05-02 07:00:00,22.97,55.7,7.08,2290.3
2019-05-02 08:00:00,26.43,59.0,2.85,2373.5
2019-05-02 09:00:00,26.45,49.9,1.97,2387.1
2019-05-02 10:00:00,23.63,53.1,4.14,2361.6
2019-05-02 11:00:00,24.81,56.1,4.87,2487.6
2019-05-02 12:00:00,25.88,49.9,11.17,2483.1
2019-05-02 13:00:00,26.77,45.6,11.2,2564.1
2019-05-02 14:00:00,24.68,40.3,2.47,2562.8
2019-05-02 15:00:00,29.28,43.8,1.08,2653.0
2019-05-02 16:00:00,27.32,56.8,6.37,2564.5
2019-05-02 17:00:00,26.29,61.1,4.01,2559.9
2019-05-02 18:00:00,22.59,47.7,11.79,2391.1
2019-05-02 19:00:00,25.09,38.1,12.06,2319.8
2019-05-02 20:00:00,19.24,64.0,6.67,2436.1
2019-05-02 21:00:00,21.48,55.4,5.37,2547.2
2019-05-02 22:00:00,20.49,44.8,5.79,2674.2
2019-05-02 23:00:00,21.65,29.8,5.28,2780.8
2019-05-03 00:00:00,24.96,44.3,5.7,2920.0
2019-05-03 01:00:00,21.05,51.5,3.18,2886.2
2019-05-03 02:00:00,22.85,44.5,2.89,2794.9
2019-05-03 03:00:00,20.7,61.0,3.42,2568.3
2019-05-03 04:00:00,22.04,47.9,16.1,2401.6
2019-05-03 05:00:00,24.27,52.7,0.36,2311.9
2019-05-03 06:00:00,18.43,76.2,2.87,2168.8
2019-05-03 07:00:00,19.1,57.7,3.37,2140.3
2019-05-03 08:00:00,23.73,52.1,6.37,2179.9
2019-05-03 09:00:00,23.08,52.8,2.73,2252.6
2019-05-03 10:00:00,24.67,57.6,12.58,2426.7
2019-05-03 11:00:00,24.47,56.8,10.57,2506.9
2019-05-03 12:00:00,24.43,44.4,13.05,2522.7
2019-05-03 13:00:00,30.6,44.2,5.44,2672.4
2019-05-03 14:00:00,24.2,47.3,11.91,2593.1
2019-05-03 15:00:00,28.8,46.7,2.46,2588.3
2019-05-03 16:00:00,28.26,64.0,4.82,2477.0
2019-05-03 17:00:00,22.61,58.9,0.68,2272.6
2019-05-03 18:00:00,23.84,52.3,7.02,2208.9
2019-05-03 19:00:00,23.43,63.2,6.92,2168.6
2019-05-03 20:00:00,25.54,53.1,5.5,2189.1
2019-05-03 21:00:00,22.17,41.2,3.94,2274.7
2019-05-03 22:00:00,21.84,67.8,8.74,2474.7
2019-05-03 23:00:00,17.44,56.8,11.56,2716.5
2019-05-04 00:00:00,26.23,33.0,16.62,2593.5
2019-05-04 01:00:00,19.95,43.2,6.75,2548.4
2019-05-04 02:00:00,20.62,64.5,4.58,2448.4
2019-05-04 03:00:00,17.89,45.0,3.13,2258.4
2019-05-04 04:00:00,17.74,68.6,7.43,2008.6
2019-05-04 05:00:00,24.56,53.0,2.45,1944.2
2019-05-04 06:00:00,15.62,65.2,7.07,1859.5
2019-05-04 07:00:00,21.94,52.4,2.52,1872.9
2019-05-04 08:00:00,19.18,60.8,4.74,1928.0
2019-05-04 09:00:00,22.23,56.8,2.21,1985.0
2019-05-04 10:00:00,22.68,53.5,3.36,2050.6
2019-05-04 11:00:00,22.78,45.3,6.57,2183.0
2019-05-04 12:00:00,26.16,53.9,9.57,2323.7
2019-05-04 13:00:00,20.28,41.2,3.8,2311.5
2019-05-04 14:00:00,26.32,58.4,0.4,2336.5
2019-05-04 15:00:00,27.01,52.0,0.82,2326.3
2019-05-04 16:00:00,23.71,56.7,0.85,2216.3
2019-05-04 17:00:00,30.49,26.7,12.15,2210.0
2019-05-04 18:00:00,24.58,43.3,23.21,2038.0
2019-05-04 19:00:00,24.65,48.2,4.51,2030.5
2019-05-04 20:00:00,22.79,59.2,0.91,2069.5
2019-05-04 21:00:00,23.04,46.0,2.02,2233.9
2019-05-04 22:00:00,25.48,72.0,1.81,2471.2
2019-05-04 23:00:00,27.42,48.0,11.75,2711.4
2019-05-05 00:00:00,22.42,45.9,3.45,2721.7
2019-05-05 01:00:00,22.64,52.4,34.25,2771.1
2019-05-05 02:00:00,23.82,45.3,1.76,2715.2
2019-05-05 03:00:00,20.01,46.5,1.94,2567.7
2019-05-05 04:00:00,23.45,61.3,3.44,2394.5
2019-05-05 05:00:00,21.91,58.6,3.13,2234.9
2019-05-05 06:00:00,20.92,59.4,10.45,2083.4
2019-05-05 07:00:00,22.26,64.4,5.11,2066.3
2019-05-05 08:00:00,17.8,61.7,7.82,2128.6
2019-05-05 09:00:00,24.12,44.2,6.16,2258.6
2019-05-05 10:00:00,20.56,61.2,6.15,2281.6
2019-05-05 11:00:00,21.33,45.9,4.16,2406.2
2019-05-05 12:00:00,26.7,46.8,11.01,2494.3
2019-05-05 13:00:00,24.07,52.4,9.42,2501.9
2019-05-05 14:00:00,27.23,49.0,2.42,2538.1
2019-05-05 15:00:00,27.74,35.5,3.51,2543.5
2019-05-05 16:00:00,27.71,42.1,2.18,2451.3
2019-05-05 17:00:00,24.59,52.1,5.3,2257.0
2019-05-05 18:00:00,28.46,44.3,6.63,2258.5
2019-05-05 19:00:00,25.17,60.9,3.15,2128.1
2019-05-05 20:00:00,25.53,62.0,3.57,2176.0
2019-05-05 21:00:00,20.4,46.7,2.4,2179.4
2019-05-05 22:00:00,21.91,55.0,1.98,2389.9
2019-05-05 23:00:00,24.13,65.4,3.45,2509.0
2019-05-06 00:00:00,23.13,52.4,4.25,2850.2
2019-05-06 01:00:00,18.08,54.3,2.36,2821.1
2019-05-06 02:00:00,18.31,64.2,1.86,2716.9
2019-05-06 03:00:00,17.06,56.2,19.34,2586.8
2019-05-06 04:00:00,18.03,67.7,3.27,2402.9
2019-05-06 05:00:00,16.57,54.0,5.67,2300.0
2019-05-06 06:00:00,20.36,51.9,7.49,2206.5
2019-05-06 07:00:00,23.12,59.8,6.15,2203.5
2019-05-06 08:00:00,20.54,56.4,8.08,2194.0
2019-05-06 09:00:00,23.31,54.2,5.35,2305.0
2019-05-06 10:00:00,24.02,37.5,1.12,2398.4
2019-05-06 11:00:00,28.17,46.6,5.57,2560.1
2019-05-06 12:00:00,24.83,59.0,3.78,2597.6
2019-05-06 13:00:00,25.56,45.3,2.27,2678.9
2019-05-06 14:00:00,25.28,57.4,15.66,2690.1
2019-05-06 15:00:00,24.69,54.4,0.81,2643.8
2019-05-06 16:00:00,28.72,47.4,6.87,2668.7
2019-05-06 17:00:00,26.66,61.5,6.59,2525.2
2019-05-06 18:00:00,26.5,48.1,13.14,2404.4
2019-05-06 19:00:00,28.72,46.9,6.03,2433.7
2019-05-06 20:00:00,27.9,48.0,3.02,2490.5
2019-05-06 21:00:00,19.42,57.1,0.74,2515.8
2019-05-06 22:00:00,24.12,58.8,0.9,2725.6
2019-05-06 23:00:00,22.1,42.5,3.32,2885.3
2019-05-07 00:00:00,19.7,63.2,11.71,2988.9
2019-05-07 01:00:00,21.03,55.7,1.07,2942.1
2019-05-07 02:00:00,15.5,64.0,5.45,2819.8
2019-05-07 03:00:00,23.34,72.5,10.93,2671.8
2019-05-07 04:00:00,21.1,51.0,14.81,2493.0
2019-05-07 05:00:00,18.05,47.8,4.0,2299.3
2019-05-07 06:00:00,19.39,58.0,9.91,2131.3
2019-05-07 07:00:00,17.42,60.9,3.3,2118.8
2019-05-07 08:00:00,21.86,61.5,7.01,2162.1
2019-05-07 09:00:00,22.47,49.7,7.16,2273.5
2019-05-07 10:00:00,21.4,48.2,2.16,2428.0
2019-05-07 11:00:00,27.62,37.6,0.27,2516.4
2019-05-07 12:00:00,29.7,37.3,5.33,2633.9
2019-05-07 13:00:00,27.07,47.0,8.76,2723.8
2019-05-07 14:00:00,26.78,49.6,10.36,2661.1
2019-05-07 15:00:00,28.77,65.5,6.39,2619.4
2019-05-07 16:00:00,27.49,36.5,8.37,2562.9
2019-05-07 17:00:00,24.44,55.1,2.59,2420.5
2019-05-07 18:00:00,24.88,46.3,10.96,2345.9
2019-05-07 19:00:00,24.94,53.8,9.28,2329.9
2019-05-07 20:00:00,25.33,47.3,7.55,2400.5
2019-05-07 21:00:00,23.7,61.3,2.78,2509.4
2019-05-07 22:00:00,23.17,61.7,4.98,2691.4
2019-05-07 23:00:00,17.87,56.8,3.74,2798.6
2019-05-08 00:00:00,22.66,65.4,3.99,2955.2
2019-05-08 01:00:00,20.36,61.8,8.04,3030.1
2019-05-08 02:00:00,26.34,62.1,7.54,3036.2
2019-05-08 03:00:00,18.85,56.6,0.57,2832.4
2019-05-08 04:00:00,20.77,63.0,2.73,2712.5
2019-05-08 05:00:00,27.43,43.9,6.58,2611.8
2019-05-08 06:00:00,21.48,47.9,4.08,2458.3
2019-05-08 07:00:00,21.65,72.1,1.66,2467.9
2019-05-08 08:00:00,20.32,47.1,10.12,2443.3
2019-05-08 09:00:00,27.64,46.4,34.48,2602.4
2019-05-08 10:00:00,21.96,39.2,1.65,2522.4
2019-05-08 11:00:00,26.89,43.7,0.63,2603.1
2019-05-08 12:00:00,25.46,43.7,14.15,2591.2
2019-05-08 13:00:00,26.81,45.2,2.4,2563.5
2019-05-08 14:00:00,24.12,55.1,8.43,2512.1
2019-05-08 15:00:00,31.18,51.4,2.35,2615.0
2019-05-08 16:00:00,26.99,42.4,16.29,2459.0
2019-05-08 17:00:00,24.25,46.3,8.96,2277.7
2019-05-08 18:00:00,29.78,56.8,2.38,2199.9
2019-05-08 19:00:00,24.56,66.0,2.04,2073.8
2019-05-08 20:00:00,25.69,61.5,2.24,2128.5
2019-05-08 21:00:00,25.92,38.1,3.32,2363.0
2019-05-08 22:00:00,23.97,62.3,10.44,2526.6
2019-05-08 23:00:00,16.33,73.8,0.73,2767.8
2019-05-09 00:00:00,22.87,40.1,2.73,2862.4
2019-05-09 01:00:00,20.24,64.5,9.1,2928.3
2019-05-09 02:00:00,19.27,58.4,9.29,2860.4
2019-05-09 03:00:00,19.69,53.6,11.23,2675.6
2019-05-09 04:00:00,16.07,60.0,1.26,2513.3
2019-05-09 05:00:00,20.98,58.8,3.9,2354.0
2019-05-09 06:00:00,17.72,67.1,2.57,2247.8
2019-05-09 07:00:00,21.24,63.9,15.06,2154.1
2019-05-09 08:00:00,23.31,41.3,5.36,2280.6
2019-05-09 09:00:00,26.64,45.5,2.07,2406.1
2019-05-09 10:00:00,22.95,54.4,14.44,2377.3
2019-05-09 11:00:00,29.59,60.9,4.3,2571.5
2019-05-09 12:00:00,29.15,26.9,5.26,2610.8
2019-05-09 13:00:00,26.35,46.0,16.82,2660.4
2019-05-09 14:00:00,25.05,39.7,5.56,2629.9
2019-05-09 15:00:00,24.35,41.6,11.97,2579.9
2019-05-09 16:00:00,28.5,57.1,3.37,2543.0
2019-05-09 17:00:00,25.58,47.3,8.73,2415.1
2019-05-09 18:00:00,29.79,29.5,5.88,2397.9
2019-05-09 19:00:00,24.26,51.3,9.91,2317.3
2019-05-09 20:00:00,22.74,70.1,5.35,2346.2
2019-05-09 21:00:00,24.54,37.9,5.23,2581.4
2019-05-09 22:00:00,21.21,59.3,11.54,2704.7
2019-05-09 23:00:00,21.98,67.0,2.7,2833.0
2019-05-10 00:00:00,23.73,52.6,3.0,2926.5
2019-05-10 01:00:00,20.92,70.7,18.69,2903.0
2019-05-10 02:00:00,20.53,50.3,2.56,2795.9
2019-05-10 03:00:00,20.61,67.1,3.5,2713.3
2019-05-10 04:00:00,16.0,68.9,2.58,2524.1
2019-05-10 05:00:00,21.61,54.5,3.1,2382.8
2019-05-10 06:00:00,21.67,42.8,1.17,2232.9
2019-05-10 07:00:00,24.33,44.5,7.5,2231.3
2019-05-10 08:00:00,24.57,33.6,8.5,2168.8
2019-05-10 09:00:00,23.59,57.9,0.45,2245.2
2019-05-10 10:00:00,27.71,53.6,3.68,2370.7
2019-05-10 11:00:00,25.36,52.3,3.6,2481.9
2019-05-10 12:00:00,27.54,49.0,1.72,2613.8
2019-05-10 13:00:00,26.78,61.4,1.66,2670.5
2019-05-10 14:00:00,29.11,51.1,3.54,2677.2
2019-05-10 15:00:00,27.15,45.8,11.41,2621.0
2019-05-10 16:00:00,32.08,47.5,6.06,2714.2
2019-05-10 17:00:00,32.6,62.3,6.22,2581.3
2019-05-10 18:00:00,29.11,53.7,2.89,2382.3
2019-05-10 19:00:00,29.95,44.9,1.74,2362.0
2019-05-10 20:00:00,21.28,54.6,16.8,2295.0
2019-05-10 21:00:00,20.54,59.3,11.04,2444.5
2019-05-10 22:00:00,22.26,50.8,10.57,2639.5
2019-05-10 23:00:00,22.2,50.2,6.28,2818.1
2019-05-11 00:00:00,20.9,55.2,9.79,2647.1
2019-05-11 01:00:00,16.66,70.8,8.0,2750.0
2019-05-11 02:00:00,23.24,59.7,2.07,2731.9
2019-05-11 03:00:00,25.61,48.2,17.15,2613.0
2019-05-11 04:00:00,23.57,60.1,9.91,2440.1
2019-05-11 05:00:00,23.48,53.3,4.32,2261.6
2019-05-11 06:00:00,21.97,57.2,1.56,2084.1
2019-05-11 07:00:00,20.12,57.9,1.66,2079.7
2019-05-11 08:00:00,23.37,36.4,6.29,2051.3
2019-05-11 09:00:00,29.49,24.0,4.59,2285.1
2019-05-11 10:00:00,24.38,54.3,3.07,2210.9
2019-05-11 11:00:00,25.09,45.1,6.13,2342.4
2019-05-11 12:00:00,29.83,35.0,5.01,2546.0
2019-05-11 13:00:00,30.63,40.9,4.13,2525.1
2019-05-11 14:00:00,25.97,58.6,1.77,2379.8
2019-05-11 15:00:00,27.57,52.8,5.0,2391.3
2019-05-11 16:00:00,26.84,56.7,12.59,2360.9
2019-05-11 17:00:00,27.87,53.3,1.6,2295.5
2019-05-11 18:00:00,29.82,40.8,11.98,2195.9
2019-05-11 19:00:00,24.22,58.8,12.34,2120.2
2019-05-11 20:00:00,27.99,54.3,5.82,2296.9
2019-05-11 21:00:00,24.48,51.5,5.83,2301.9
2019-05-11 22:00:00,29.01,49.3,5.37,2553.2
2019-05-11 23:00:00,23.03,59.9,6.77,2648.0
2019-05-12 00:00:00,21.29,49.0,3.67,2727.9
2019-05-12 01:00:00,22.33,62.8,7.82,2707.0
2019-05-12 02:00:00,19.65,60.8,0.6,2581.8
2019-05-12 03:00:00,15.87,59.3,20.8,2363.5
2019-05-12 04:00:00,19.89,68.3,8.9,2235.7
2019-05-12 05:00:00,20.25,45.4,6.15,2069.1
2019-05-12 06:00:00,17.55,54.3,8.68,2047.7
2019-05-12 07:00:00,22.18,48.8,5.4,2036.3
2019-05-12 08:00:00,18.16,60.3,8.24,2049.5
2019-05-12 09:00:00,23.49,62.7,5.39,2173.5
2019-05-12 10:00:00,26.0,43.3,3.75,2264.2
2019-05-12 11:00:00,26.6,77.2,7.21,2312.1
2019-05-12 12:00:00,26.16,45.8,6.23,2389.7
2019-05-12 13:00:00,27.61,52.8,7.7,2422.8
2019-05-12 14:00:00,26.26,51.0,3.28,2409.7
2019-05-12 15:00:00,28.39,49.7,0.87,2420.5
2019-05-12 16:00:00,28.37,43.0,5.93,2339.7
2019-05-12 17:00:00,25.57,60.1,8.57,2202.5
2019-05-12 18:00:00,27.86,42.9,17.08,2159.8
2019-05-12 19:00:00,27.01,36.2,7.08,2106.5
2019-05-12 20:00:00,24.98,43.0,2.35,2087.4
2019-05-12 21:00:00,30.41,59.2,11.54,2261.3
2019-05-12 22:00:00,22.97,63.6,5.61,2292.5
2019-05-12 23:00:00,21.66,38.6,11.64,2442.5
2019-05-13 00:00:00,20.6,62.0,3.18,2845.3
2019-05-13 01:00:00,18.6,41.3,4.67,2944.8
2019-05-13 02:00:00,22.34,53.9,9.0,2864.8
2019-05-13 03:00:00,18.77,47.3,9.79,2757.7
2019-05-13 04:00:00,19.2,63.8,6.66,2543.0
2019-05-13 05:00:00,19.68,60.7,7.56,2379.9
2019-05-13 06:00:00,19.2,64.5,9.61,2273.6
2019-05-13 07:00:00,18.11,55.2,5.1,2264.4
2019-05-13 08:00:00,22.29,52.6,5.65,2259.4
2019-05-13 09:00:00,26.67,38.7,16.8,2403.0
2019-05-13 10:00:00,26.01,42.9,3.26,2472.4
2019-05-13 11:00:00,30.39,55.3,1.34,2621.9
2019-05-13 12:00:00,29.19,51.6,5.68,2630.5
2019-05-13 13:00:00,29.26,49.4,5.57,2603.4
2019-05-13 14:00:00,33.06,55.7,1.78,2677.6
2019-05-13 15:00:00,28.24,39.0,5.3,2587.0
2019-05-13 16:00:00,28.51,55.0,1.35,2448.6
2019-05-13 17:00:00,27.92,40.2,3.05,2289.3
2019-05-13 18:00:00,31.17,58.9,7.02,2272.4
2019-05-13 19:00:00,26.49,55.2,1.43,2134.6
2019-05-13 20:00:00,23.9,60.6,4.22,2289.5
2019-05-13 21:00:00,25.96,45.6,0.59,2452.6
2019-05-13 22:00:00,21.41,72.3,3.31,2564.5
2019-05-13 23:00:00,23.82,68.9,11.52,2806.1
2019-05-14 00:00:00,22.82,57.2,21.95,2902.7
2019-05-14 01:00:00,20.67,64.9,4.59,2914.3
2019-05-14 02:00:00,22.16,51.9,6.8,2909.3
2019-05-14 03:00:00,16.89,48.3,1.87,2662.5
2019-05-14 04:00:00,21.16,61.4,6.52,2450.0
2019-05-14 05:00:00,19.99,48.7,12.9,2326.4
2019-05-14 06:00:00,28.94,59.3,5.31,2294.4
2019-05-14 07:00:00,23.0,62.0,10.55,2141.8
2019-05-14 08:00:00,22.09,56.2,3.05,2203.3
2019-05-14 09:00:00,21.17,56.5,0.92,2238.9
2019-05-14 10:00:00,28.91,56.8,3.89,2432.6
2019-05-14 11:00:00,25.74,53.6,2.97,2444.8
2019-05-14 12:00:00,25.46,48.4,10.07,2521.7
2019-05-14 13:00:00,28.92,36.8,10.18,2619.8
2019-05-14 14:00:00,30.1,55.6,1.74,2686.6
2019-05-14 15:00:00,30.2,50.8,7.28,2689.5
2019-05-14 16:00:00,28.52,71.2,8.82,2546.2
2019-05-14 17:00:00,28.47,48.5,3.43,2379.1
2019-05-14 18:00:00,28.02,52.0,5.67,2284.9
2019-05-14 19:00:00,27.45,52.6,8.09,2221.9
2019-05-14 20:00:00,26.71,55.8,10.89,2233.3
2019-05-14 21:00:00,27.35,42.4,5.78,2312.4
2019-05-14 22:00:00,23.72,52.4,6.95,2440.7
2019-05-14 23:00:00,20.57,62.2,8.74,2624.9
2019-05-15 00:00:00,21.54,52.1,1.75,2735.3
2019-05-15 01:00:00,23.15,59.8,0.43,2787.3
2019-05-15 02:00:00,16.4,59.7,7.92,2744.5
2019-05-15 03:00:00,16.28,62.2,5.91,2662.0
2019-05-15 04:00:00,23.17,62.7,1.59,2558.5
2019-05-15 05:00:00,25.07,50.1,8.31,2396.5
2019-05-15 06:00:00,18.74,45.4,1.55,2232.8
2019-05-15 07:00:00,22.99,51.5,5.55,2156.1
2019-05-15 08:00:00,22.7,47.2,8.03,2218.9
2019-05-15 09:00:00,24.08,35.7,10.18,2302.4
2019-05-15 10:00:00,26.53,49.9,3.9,2468.4
2019-05-15 11:00:00,23.5,54.8,9.7,2496.2
2019-05-15 12:00:00,24.79,60.3,4.34,2544.6
2019-05-15 13:00:00,27.44,40.9,2.34,2622.2
2019-05-15 14:00:00,28.23,50.1,3.04,2632.9
2019-05-15 15:00:00,25.92,60.3,3.48,2529.8
2019-05-15 16:00:00,30.57,42.9,0.14,2544.6
2019-05-15 17:00:00,27.15,54.6,8.68,2350.0
2019-05-15 18:00:00,26.51,63.6,6.77,2314.3
2019-05-15 19:00:00,27.44,35.1,3.08,2222.3
2019-05-15 20:00:00,25.45,53.8,7.17,2289.7
2019-05-15 21:00:00,26.83,59.8,1.52,2417.0
2019-05-15 22:00:00,21.37,52.1,7.39,2420.4
2019-05-15 23:00:00,19.24,67.7,8.4,2546.9
2019-05-16 00:00:00,21.25,60.1,1.27,2689.4
2019-05-16 01:00:00,21.54,68.9,9.15,2723.1
2019-05-16 02:00:00,17.89,62.3,4.38,2687.7
2019-05-16 03:00:00,17.38,72.9,4.4,2539.3
2019-05-16 04:00:00,21.45,57.2,1.28,2405.4
2019-05-16 05:00:00,19.49,45.5,10.33,2266.0
2019-05-16 06:00:00,18.39,52.2,10.39,2206.5
2019-05-16 07:00:00,25.27,59.9,14.08,2252.4
2019-05-16 08:00:00,22.24,62.2,11.14,2258.9
2019-05-16 09:00:00,27.73,47.3,5.86,2376.3
2019-05-16 10:00:00,25.96,65.7,6.44,2473.3
2019-05-16 11:00:00,27.59,47.1,0.46,2559.0
2019-05-16 12:00:00,27.15,54.0,0.34,2575.3
2019-05-16 13:00:00,21.68,58.1,4.64,2528.6
2019-05-16 14:00:00,25.87,40.7,4.52,2598.6
2019-05-16 15:00:00,28.54,48.3,2.24,2647.2
2019-05-16 16:00:00,29.63,67.3,4.79,2610.5
2019-05-16 17:00:00,23.84,45.5,2.63,2433.0
2019-05-16 18:00:00,27.55,55.0,10.44,2373.7
2019-05-16 19:00:00,24.05,43.5,5.45,2317.4
2019-05-16 20:00:00,26.48,43.4,2.92,2382.4
2019-05-16 21:00:00,24.8,40.8,10.43,2448.4
2019-05-16 22:00:00,25.68,59.0,1.51,2556.3
2019-05-16 23:00:00,25.52,44.6,18.17,2762.1
2019-05-17 00:00:00,23.29,63.5,6.03,2827.1
2019-05-17 01:00:00,23.66,48.8,4.56,2818.8
2019-05-17 02:00:00,20.23,56.8,0.99,2687.7
2019-05-17 03:00:00,28.03,52.9,5.04,2674.2
2019-05-17 04:00:00,18.06,44.6,4.25,2432.8
2019-05-17 05:00:00,20.19,57.5,7.91,2308.8
2019-05-17 06:00:00,24.39,55.3,4.53,2232.2
2019-05-17 07:00:00,24.85,61.2,1.57,2213.4
2019-05-17 08:00:00,25.15,44.2,4.02,2242.5
2019-05-17 09:00:00,26.66,44.1,2.64,2279.6
2019-05-17 10:00:00,20.8,60.6,1.49,2333.8
2019-05-17 11:00:00,30.94,58.5,11.59,2511.9
2019-05-17 12:00:00,27.29,45.4,0.8,2490.7
2019-05-17 13:00:00,31.55,36.9,10.65,2636.2
2019-05-17 14:00:00,23.75,50.5,5.23,2557.6
2019-05-17 15:00:00,29.61,40.2,8.43,2592.5
2019-05-17 16:00:00,27.42,53.2,12.27,2509.9
2019-05-17 17:00:00,29.86,39.5,2.96,2466.5
2019-05-17 18:00:00,28.59,56.9,5.46,2341.7
2019-05-17 19:00:00,27.88,51.4,3.19,2286.7
2019-05-17 20:00:00,23.36,61.3,4.27,2256.5
2019-05-17 21:00:00,24.83,32.8,8.0,2409.5
2019-05-17 22:00:00,23.48,39.1,4.83,2614.6
2019-05-17 23:00:00,24.21,63.0,5.4,2805.4
2019-05-18 00:00:00,24.73,46.5,2.12,2660.0
2019-05-18 01:00:00,22.0,42.7,4.63,2633.1
2019-05-18 02:00:00,18.03,56.0,3.45,2561.6
2019-05-18 03:00:00,21.35,56.9,5.11,2391.4
2019-05-18 04:00:00,27.75,48.5,1.96,2224.3
2019-05-18 05:00:00,25.73,55.2,2.98,2097.0
2019-05-18 06:00:00,14.82,62.8,6.12,1955.1
2019-05-18 07:00:00,23.24,55.6,7.67,1931.4
2019-05-18 08:00:00,26.38,61.7,5.69,2056.9
2019-05-18 09:00:00,24.63,52.2,3.95,2062.5
2019-05-18 10:00:00,24.97,51.7,2.84,2154.8
2019-05-18 11:00:00,26.42,57.3,0.74,2244.9
2019-05-18 12:00:00,29.29,53.0,11.85,2367.6
2019-05-18 13:00:00,25.68,44.2,10.11,2317.2
2019-05-18 14:00:00,31.92,45.7,13.04,2475.2
2019-05-18 15:00:00,28.94,52.4,12.79,2447.3
2019-05-18 16:00:00,26.61,46.0,6.32,2277.4
2019-05-18 17:00:00,31.36,42.6,20.88,2289.2
2019-05-18 18:00:00,24.05,41.6,4.36,2068.9
2019-05-18 19:00:00,25.69,28.4,5.47,2060.0
2019-05-18 20:00:00,24.69,49.3,2.9,2096.0
2019-05-18 21:00:00,30.44,48.7,1.43,2258.4
2019-05-18 22:00:00,22.34,45.4,3.4,2276.2
2019-05-18 23:00:00,17.7,68.9,3.23,2445.5
2019-05-19 00:00:00,20.91,46.9,8.45,2615.4
2019-05-19 01:00:00,22.87,61.0,5.86,2632.0
2019-05-19 02:00:00,23.29,56.7,7.09,2578.7
2019-05-19 03:00:00,26.88,67.9,6.33,2479.9
2019-05-19 04:00:00,24.85,56.4,6.47,2272.7
2019-05-19 05:00:00,22.2,42.7,2.98,2093.9
2019-05-19 06:00:00,20.14,64.3,6.19,1961.2
2019-05-19 07:00:00,27.25,63.8,8.85,1995.4
2019-05-19 08:00:00,23.24,39.2,11.41,1946.6
2019-05-19 09:00:00,23.55,58.3,10.03,2009.7
2019-05-19 10:00:00,25.19,58.7,7.86,2080.2
2019-05-19 11:00:00,24.06,51.0,5.79,2216.3
2019-05-19 12:00:00,26.86,31.1,3.63,2246.6
2019-05-19 13:00:00,28.07,47.2,6.46,2247.5
2019-05-19 14:00:00,30.88,42.6,13.42,2341.2
2019-05-19 15:00:00,28.22,61.7,4.09,2299.4
2019-05-19 16:00:00,25.89,50.6,15.5,2252.4
2019-05-19 17:00:00,24.65,49.0,6.65,2118.2
2019-05-19 18:00:00,28.55,44.5,11.79,2090.3
2019-05-19 19:00:00,27.37,52.7,3.19,2049.4
2019-05-19 20:00:00,24.84,52.6,2.88,2102.6
2019-05-19 21:00:00,24.02,46.5,1.58,2151.1
2019-05-19 22:00:00,25.13,54.0,13.32,2349.0
2019-05-19 23:00:00,26.67,46.2,6.63,2573.0
2019-05-20 00:00:00,20.52,34.8,8.77,2860.4
2019-05-20 01:00:00,22.06,59.7,5.47,2900.2
2019-05-20 02:00:00,23.83,57.5,5.83,2812.2
2019-05-20 03:00:00,19.36,58.1,1.35,2693.4
2019-05-20 04:00:00,21.4,51.3,6.72,2440.1
2019-05-20 05:00:00,21.74,54.0,9.46,2282.1
2019-05-20 06:00:00,19.19,63.2,0.62,2214.1
2019-05-20 07:00:00,23.72,48.0,3.67,2189.0
2019-05-20 08:00:00,24.34,59.4,2.62,2257.2
2019-05-20 09:00:00,26.69,38.9,7.75,2349.6
2019-05-20 10:00:00,23.37,54.7,7.46,2382.3
2019-05-20 11:00:00,27.33,50.3,8.73,2530.2
2019-05-20 12:00:00,31.58,54.8,5.54,2662.7
2019-05-20 13:00:00,33.96,37.5,0.83,2681.4
2019-05-20 14:00:00,32.36,39.6,6.42,2730.0
2019-05-20 15:00:00,26.36,39.8,1.43,2630.7
2019-05-20 16:00:00,30.29,43.2,7.35,2641.1
2019-05-20 17:00:00,27.56,52.0,1.48,2460.8
2019-05-20 18:00:00,28.84,34.5,2.14,2402.3
2019-05-20 19:00:00,25.37,48.2,10.97,2225.4
2019-05-20 20:00:00,22.05,59.2,4.69,2167.0
2019-05-20 21:00:00,24.44,51.6,4.82,2423.4
2019-05-20 22:00:00,26.07,51.7,2.08,2569.6
2019-05-20 23:00:00,24.02,40.7,10.19,2708.1
2019-05-21 00:00:00,23.58,52.3,6.7,2829.3
2019-05-21 01:00:00,22.48,54.2,6.34,2860.1
2019-05-21 02:00:00,22.55,52.6,1.79,2785.6
2019-05-21 03:00:00,22.73,55.0,5.51,2623.6
2019-05-21 04:00:00,20.85,52.8,23.14,2442.1
2019-05-21 05:00:00,22.15,50.6,2.84,2339.6
2019-05-21 06:00:00,26.93,42.1,10.75,2328.4
2019-05-21 07:00:00,23.76,60.8,0.49,2270.6
2019-05-21 08:00:00,24.48,42.6,8.57,2215.5
2019-05-21 09:00:00,25.66,52.7,6.92,2313.9
2019-05-21 10:00:00,25.9,65.8,4.33,2393.2
2019-05-21 11:00:00,26.32,59.8,6.64,2444.3
2019-05-21 12:00:00,28.76,53.1,6.77,2623.9
2019-05-21 13:00:00,27.6,51.9,6.73,2576.0
2019-05-21 14:00:00,28.91,47.9,3.73,2606.9
2019-05-21 15:00:00,27.43,42.8,3.38,2594.3
2019-05-21 16:00:00,29.54,46.3,2.55,2557.0
2019-05-21 17:00:00,30.33,52.3,1.19,2388.5
2019-05-21 18:00:00,27.7,53.0,4.78,2315.8
2019-05-21 19:00:00,22.38,60.4,9.78,2133.0
2019-05-21 20:00:00,27.92,59.4,3.25,2214.1
2019-05-21 21:00:00,25.71,50.2,1.79,2355.0
2019-05-21 22:00:00,21.89,56.0,2.61,2456.6
2019-05-21 23:00:00,25.34,36.5,5.39,2673.8
2019-05-22 00:00:00,19.18,74.7,5.39,2724.7
2019-05-22 01:00:00,24.66,49.0,2.37,2797.4
2019-05-22 02:00:00,21.5,60.0,4.85,2754.2
2019-05-22 03:00:00,15.83,56.0,4.25,2545.8
2019-05-22 04:00:00,22.09,50.8,7.32,2394.0
2019-05-22 05:00:00,21.03,53.3,12.57,2182.8
2019-05-22 06:00:00,21.29,45.0,3.16,2189.7
2019-05-22 07:00:00,21.66,34.8,2.76,2125.5
2019-05-22 08:00:00,24.15,62.0,5.34,2201.4
2019-05-22 09:00:00,24.29,56.9,6.16,2275.9
2019-05-22 10:00:00,21.9,47.2,7.61,2330.4
2019-05-22 11:00:00,30.69,51.1,0.99,2517.4
2019-05-22 12:00:00,27.72,56.4,17.52,2470.9
2019-05-22 13:00:00,27.14,44.7,3.9,2570.8
2019-05-22 14:00:00,26.55,54.1,2.91,2531.0
2019-05-22 15:00:00,31.43,54.9,1.79,2588.1
2019-05-22 16:00:00,26.12,39.6,3.29,2406.4
2019-05-22 17:00:00,29.31,52.8,1.16,2409.1
2019-05-22 18:00:00,26.88,53.4,10.68,2368.5
2019-05-22 19:00:00,26.19,66.1,4.33,2279.3
2019-05-22 20:00:00,23.78,57.4,2.78,2285.7
2019-05-22 21:00:00,23.96,49.5,9.31,2448.9
2019-05-22 22:00:00,24.49,50.0,4.1,2674.9
2019-05-22 23:00:00,24.09,68.9,2.77,2823.1
2019-05-23 00:00:00,20.81,52.5,14.17,2900.0
2019-05-23 01:00:00,21.91,59.2,3.4,2965.8
2019-05-23 02:00:00,23.96,50.9,0.63,2818.5
2019-05-23 03:00:00,17.45,66.7,4.84,2683.1
2019-05-23 04:00:00,21.73,63.7,4.37,2468.0
2019-05-23 05:00:00,19.76,56.0,2.85,2320.2
2019-05-23 06:00:00,20.14,52.6,2.49,2224.4
2019-05-23 07:00:00,24.26,49.1,5.15,2189.9
2019-05-23 08:00:00,23.21,39.6,3.46,2214.4
2019-05-23 09:00:00,22.56,54.8,3.89,2250.3
2019-05-23 10:00:00,29.95,48.7,5.97,2478.4
2019-05-23 11:00:00,29.9,41.5,3.72,2513.4
2019-05-23 12:00:00,23.6,38.4,3.0,2430.3
2019-05-23 13:00:00,25.38,53.3,7.7,2506.1
2019-05-23 14:00:00,30.95,49.9,3.45,2615.1
2019-05-23 15:00:00,28.89,52.0,2.84,2605.7
2019-05-23 16:00:00,33.22,37.5,1.45,2610.6
2019-05-23 17:00:00,30.61,50.7,2.29,2453.3
2019-05-23 18:00:00,29.18,47.2,1.7,2285.7
2019-05-23 19:00:00,25.05,58.9,1.35,2190.9
2019-05-23 20:00:00,27.87,41.9,2.52,2236.4
2019-05-23 21:00:00,22.42,63.3,6.1,2285.8
2019-05-23 22:00:00,27.83,61.8,4.7,2512.8
2019-05-23 23:00:00,24.66,53.2,3.66,2674.0
2019-05-24 00:00:00,20.81,58.6,6.62,2766.6
2019-05-24 01:00:00,24.25,58.9,3.04,2869.3
2019-05-24 02:00:00,27.44,41.8,5.79,2803.2
2019-05-24 03:00:00,21.16,51.2,7.49,2589.4
2019-05-24 04:00:00,23.21,54.9,0.65,2434.9
2019-05-24 05:00:00,21.16,71.3,4.65,2270.6
2019-05-24 06:00:00,23.08,44.0,6.37,2231.1
2019-05-24 07:00:00,19.93,69.2,6.06,2185.4
2019-05-24 08:00:00,24.66,50.7,4.85,2193.3
2019-05-24 09:00:00,25.81,51.1,3.18,2287.7
2019-05-24 10:00:00,31.23,56.8,4.02,2530.2
2019-05-24 11:00:00,23.21,69.6,11.16,2430.8
2019-05-24 12:00:00,27.83,53.1,0.85,2553.5
2019-05-24 13:00:00,32.38,55.4,2.63,2687.3
2019-05-24 14:00:00,28.96,41.5,4.68,2660.6
2019-05-24 15:00:00,29.27,44.3,1.38,2652.7
2019-05-24 16:00:00,27.48,39.2,3.82,2537.1
2019-05-24 17:00:00,26.83,46.4,7.77,2399.0
2019-05-24 18:00:00,23.96,57.4,6.91,2242.5
2019-05-24 19:00:00,26.13,52.8,4.62,2253.0
2019-05-24 20:00:00,24.26,66.4,5.28,2234.6
2019-05-24 21:00:00,25.99,67.6,0.32,2329.7
2019-05-24 22:00:00,22.7,52.8,1.81,2463.5
2019-05-24 23:00:00,22.5,48.6,2.87,2627.7
2019-05-25 00:00:00,21.83,63.8,3.58,2487.0
2019-05-25 01:00:00,22.21,64.3,8.02,2546.8
2019-05-25 02:00:00,20.61,59.0,14.67,2480.8
2019-05-25 03:00:00,19.14,62.3,3.97,2327.7
2019-05-25 04:00:00,22.14,58.7,3.85,2112.1
2019-05-25 05:00:00,25.0,44.1,4.59,1989.5
2019-05-25 06:00:00,23.28,43.6,2.45,1819.9
2019-05-25 07:00:00,22.27,53.8,12.1,1769.5
2019-05-25 08:00:00,24.45,50.8,2.21,1807.3
2019-05-25 09:00:00,20.66,57.7,2.29,1863.2
2019-05-25 10:00:00,26.48,49.8,3.0,2013.3
2019-05-25 11:00:00,26.79,36.9,13.28,2096.5
2019-05-25 12:00:00,26.29,34.1,6.33,2119.5
2019-05-25 13:00:00,27.38,56.0,4.55,2129.3
2019-05-25 14:00:00,28.63,43.8,3.67,2240.8
2019-05-25 15:00:00,32.27,44.3,4.32,2259.4
2019-05-25 16:00:00,32.39,41.6,1.85,2192.3
2019-05-25 17:00:00,26.94,43.1,0.56,1987.1
2019-05-25 18:00:00,27.32,42.6,8.54,1957.5
2019-05-25 19:00:00,26.56,58.9,1.53,1929.1
2019-05-25 20:00:00,28.85,47.0,11.76,1989.9
2019-05-25 21:00:00,26.16,56.2,6.48,2099.0
2019-05-25 22:00:00,24.99,58.2,3.97,2210.7
2019-05-25 23:00:00,25.13,54.4,6.08,2399.7
2019-05-26 00:00:00,21.56,61.2,5.01,2373.3
2019-05-26 01:00:00,25.83,51.5,4.38,2485.7
2019-05-26 02:00:00,22.01,65.3,4.66,2369.8
2019-05-26 03:00:00,19.74,62.8,8.62,2233.2
2019-05-26 04:00:00,21.44,62.5,6.19,2126.5
2019-05-26 05:00:00,25.5,44.1,4.15,1995.4
2019-05-26 06:00:00,21.99,56.5,7.61,1843.6
2019-05-26 07:00:00,26.25,36.3,12.72,1821.1
2019-05-26 08:00:00,23.28,64.6,4.1,1826.8
2019-05-26 09:00:00,23.97,47.8,2.64,1907.8
2019-05-26 10:00:00,28.56,45.3,8.0,2097.3
2019-05-26 11:00:00,25.7,40.5,4.14,2127.8
2019-05-26 12:00:00,30.77,47.1,9.74,2300.9
2019-05-26 13:00:00,30.22,45.7,1.84,2356.1
2019-05-26 14:00:00,27.56,64.5,3.23,2329.8
2019-05-26 15:00:00,29.7,55.1,15.44,2327.7
2019-05-26 16:00:00,28.37,45.2,3.12,2248.0
2019-05-26 17:00:00,30.22,34.5,9.95,2205.8
2019-05-26 18:00:00,33.43,27.0,2.56,2217.2
2019-05-26 19:00:00,26.95,42.2,7.59,2133.6
2019-05-26 20:00:00,28.25,38.8,2.16,2135.4
2019-05-26 21:00:00,25.94,54.0,8.14,2228.1
2019-05-26 22:00:00,24.91,50.9,3.74,2375.0
2019-05-26 23:00:00,23.47,53.4,3.21,2529.7
2019-05-27 00:00:00,20.99,47.6,3.81,2902.5
2019-05-27 01:00:00,23.34,54.5,4.71,2934.7
2019-05-27 02:00:00,21.38,43.5,5.36,2791.7
2019-05-27 03:00:00,19.7,55.5,1.67,2616.9
2019-05-27 04:00:00,24.64,58.9,5.8,2492.4
2019-05-27 05:00:00,22.75,50.9,1.31,2283.0
2019-05-27 06:00:00,22.57,57.5,8.98,2142.9
2019-05-27 07:00:00,27.32,34.3,6.1,2174.3
2019-05-27 08:00:00,20.34,39.3,6.09,2078.2
2019-05-27 09:00:00,29.15,51.3,8.08,2223.9
2019-05-27 10:00:00,24.8,60.5,6.25,2318.2
2019-05-27 11:00:00,28.49,47.3,13.09,2431.8
2019-05-27 12:00:00,27.32,67.3,2.19,2493.8
2019-05-27 13:00:00,27.12,38.8,1.6,2500.8
2019-05-27 14:00:00,33.11,40.1,13.39,2657.4
2019-05-27 15:00:00,34.61,45.4,6.27,2647.5
2019-05-27 16:00:00,29.28,52.3,6.76,2496.9
2019-05-27 17:00:00,30.27,43.1,2.01,2402.3
2019-05-27 18:00:00,28.94,40.4,6.51,2270.7
2019-05-27 19:00:00,32.29,51.1,4.32,2297.5
2019-05-27 20:00:00,21.72,55.7,7.51,2178.7
2019-05-27 21:00:00,26.91,47.7,4.89,2379.6
2019-05-27 22:00:00,23.11,57.5,4.31,2477.3
2019-05-27 23:00:00,18.08,56.4,4.94,2615.9
2019-05-28 00:00:00,22.32,53.0,2.89,2688.9
2019-05-28 01:00:00,27.2,48.8,3.42,2775.2
2019-05-28 02:00:00,20.54,49.0,10.28,2582.3
2019-05-28 03:00:00,24.02,45.4,6.62,2428.0
2019-05-28 04:00:00,25.18,47.6,4.1,2289.4
2019-05-28 05:00:00,22.55,54.2,6.58,2155.9
2019-05-28 06:00:00,23.52,38.2,5.9,2076.3
2019-05-28 07:00:00,19.76,63.8,3.5,2130.2
2019-05-28 08:00:00,23.22,53.6,2.89,2180.2
2019-05-28 09:00:00,28.32,40.8,3.41,2324.5
2019-05-28 10:00:00,27.23,63.1,9.25,2331.6
2019-05-28 11:00:00,28.97,49.2,4.09,2463.9
2019-05-28 12:00:00,29.21,38.0,10.1,2554.8
2019-05-28 13:00:00,34.99,56.6,3.18,2675.8
2019-05-28 14:00:00,28.84,59.8,2.62,2562.3
2019-05-28 15:00:00,34.06,37.5,4.26,2698.7
2019-05-28 16:00:00,30.25,45.2,5.63,2547.5
2019-05-28 17:00:00,33.75,41.3,4.94,2548.0
2019-05-28 18:00:00,25.81,36.2,6.15,2284.2
2019-05-28 19:00:00,28.51,51.8,6.28,2215.5
2019-05-28 20:00:00,26.1,57.9,7.29,2240.7
2019-05-28 21:00:00,26.4,56.1,2.07,2365.3
2019-05-28 22:00:00,28.07,49.8,2.97,2583.4
2019-05-28 23:00:00,24.99,59.5,5.16,2713.5
2019-05-29 00:00:00,26.35,41.8,3.51,2820.4
2019-05-29 01:00:00,20.99,69.8,4.29,2799.7
2019-05-29 02:00:00,20.21,49.7,4.69,2703.0
2019-05-29 03:00:00,22.17,49.0,3.93,2520.8
2019-05-29 04:00:00,22.17,49.7,3.46,2389.8
2019-05-29 05:00:00,22.2,49.1,2.44,2210.7
2019-05-29 06:00:00,20.9,53.7,4.03,2118.5
2019-05-29 07:00:00,27.12,48.4,3.35,2128.9
2019-05-29 08:00:00,24.18,53.7,7.8,2179.0
2019-05-29 09:00:00,29.69,41.7,6.77,2350.0
2019-05-29 10:00:00,27.19,51.6,2.04,2335.7
2019-05-29 11:00:00,29.75,39.5,12.05,2459.2
2019-05-29 12:00:00,30.35,53.6,3.43,2537.5
2019-05-29 13:00:00,27.53,55.7,1.56,2533.6
2019-05-29 14:00:00,30.91,47.2,3.13,2582.5
2019-05-29 15:00:00,34.95,38.8,1.36,2612.7
2019-05-29 16:00:00,30.62,50.0,1.53,2513.2
2019-05-29 17:00:00,31.84,39.4,21.09,2401.8
2019-05-29 18:00:00,30.69,47.7,7.57,2252.8
2019-05-29 19:00:00,28.89,47.7,1.88,2118.2
2019-05-29 20:00:00,27.63,70.9,1.07,2147.6
2019-05-29 21:00:00,27.5,40.2,4.27,2237.0
2019-05-29 22:00:00,27.0,29.1,0.93,2517.8
2019-05-29 23:00:00,20.75,50.3,4.13,2583.3
2019-05-30 00:00:00,23.99,39.1,5.92,2703.7
2019-05-30 01:00:00,22.28,48.4,6.23,2815.2
2019-05-30 02:00:00,21.36,44.5,1.87,2782.8
2019-05-30 03:00:00,25.44,44.4,5.35,2595.2
2019-05-30 04:00:00,20.51,47.1,9.02,2387.6
2019-05-30 05:00:00,19.25,64.3,3.53,2251.2
2019-05-30 06:00:00,25.36,51.3,1.79,2158.3
2019-05-30 07:00:00,20.65,64.1,3.4,2122.4
2019-05-30 08:00:00,20.35,56.0,2.06,2092.9
2019-05-30 09:00:00,28.47,56.7,25.07,2184.2
2019-05-30 10:00:00,27.63,47.5,8.02,2298.8
2019-05-30 11:00:00,29.38,61.2,6.9,2436.2
2019-05-30 12:00:00,27.92,53.4,1.08,2550.3
2019-05-30 13:00:00,26.21,44.8,3.7,2551.5
2019-05-30 14:00:00,27.1,55.3,3.25,2631.9
2019-05-30 15:00:00,29.52,48.6,2.75,2605.4
2019-05-30 16:00:00,26.89,48.9,9.81,2520.2
2019-05-30 17:00:00,30.43,48.4,18.13,2547.2
2019-05-30 18:00:00,27.87,55.7,2.76,2351.8
2019-05-30 19:00:00,28.67,32.1,0.64,2243.7
2019-05-30 20:00:00,27.63,47.1,2.87,2275.8
2019-05-30 21:00:00,27.17,55.7,9.49,2399.0
2019-05-30 22:00:00,26.42,52.9,8.02,2555.3
2019-05-30 23:00:00,23.34,44.3,4.66,2727.4
2019-05-31 00:00:00,23.91,33.9,6.86,2800.0
2019-05-31 01:00:00,23.4,66.9,3.49,2816.1
2019-05-31 02:00:00,16.34,57.4,2.67,2699.3
2019-05-31 03:00:00,23.89,65.0,2.25,2640.1
2019-05-31 04:00:00,22.79,60.1,4.49,2479.6
2019-05-31 05:00:00,24.22,46.3,2.93,2308.2
2019-05-31 06:00:00,20.23,35.8,1.92,2189.3
2019-05-31 07:00:00,23.49,49.5,5.13,2162.7
2019-05-31 08:00:00,22.51,53.7,3.21,2122.4
2019-05-31 09:00:00,28.14,53.1,9.73,2331.6
2019-05-31 10:00:00,23.8,44.1,5.86,2314.8
2019-05-31 11:00:00,25.95,52.7,14.7,2539.8
2019-05-31 12:00:00,30.44,49.1,6.31,2663.6
2019-05-31 13:00:00,28.17,57.4,4.21,2694.8
2019-05-31 14:00:00,27.82,47.3,8.69,2676.1
2019-05-31 15:00:00,32.54,49.5,13.56,2727.5
2019-05-31 16:00:00,32.51,48.3,0.91,2616.9
2019-05-31 17:00:00,31.54,53.8,8.75,2413.6
2019-05-31 18:00:00,31.23,40.5,4.48,2386.2
2019-05-31 19:00:00,27.7,25.3,6.38,2248.1
2019-05-31 20:00:00,26.8,48.7,14.3,2329.7
2019-05-31 21:00:00,24.65,50.4,4.76,2493.1
2019-05-31 22:00:00,25.66,42.2,1.8,2636.5
2019-05-31 23:00:00,22.96,41.6,1.24,2729.6
2019-06-01 00:00:00,22.43,49.5,14.0,2561.1
2019-06-01 01:00:00,24.38,51.6,5.83,2529.5
2019-06-01 02:00:00,25.44,52.4,4.77,2492.2
2019-06-01 03:00:00,23.34,35.0,12.92,2372.3
2019-06-01 04:00:00,26.97,36.4,2.53,2209.4
2019-06-01 05:00:00,21.12,64.1,2.54,2015.8
2019-06-01 06:00:00,18.92,55.3,15.89,1911.2
2019-06-01 07:00:00,26.13,51.1,2.21,1923.9
2019-06-01 08:00:00,23.38,42.6,1.52,1910.9
2019-06-01 09:00:00,25.66,51.4,15.72,2014.8
2019-06-01 10:00:00,22.95,50.6,8.51,2024.9
2019-06-01 11:00:00,26.1,46.2,4.46,2143.0
2019-06-01 12:00:00,25.42,40.0,21.01,2172.6
2019-06-01 13:00:00,28.72,42.1,3.12,2280.1
2019-06-01 14:00:00,29.22,64.4,7.28,2264.8
2019-06-01 15:00:00,30.57,44.7,6.68,2301.9
2019-06-01 16:00:00,33.31,51.7,13.14,2271.1
2019-06-01 17:00:00,31.5,45.2,2.49,2088.3
2019-06-01 18:00:00,25.12,49.4,15.72,1888.4
2019-06-01 19:00:00,29.86,43.0,19.53,1940.9
2019-06-01 20:00:00,27.66,60.6,11.57,1933.1
2019-06-01 21:00:00,26.1,54.1,2.76,1978.9
2019-06-01 22:00:00,25.25,45.5,5.67,2158.0
2019-06-01 23:00:00,24.86,49.0,6.66,2354.1
2019-06-02 00:00:00,21.85,63.1,6.49,2471.3
2019-06-02 01:00:00,22.49,31.3,1.18,2550.4
2019-06-02 02:00:00,25.51,54.1,7.98,2534.8
2019-06-02 03:00:00,20.65,59.8,6.0,2357.0
2019-06-02 04:00:00,19.97,50.0,4.29,2202.1
2019-06-02 05:00:00,22.79,55.0,4.61,2028.1
2019-06-02 06:00:00,20.75,59.4,21.53,1962.6
2019-06-02 07:00:00,20.1,46.1,11.69,1922.2
2019-06-02 08:00:00,24.51,59.1,1.01,1959.4
2019-06-02 09:00:00,30.03,50.4,4.33,2057.0
2019-06-02 10:00:00,27.35,48.9,10.25,2101.4
2019-06-02 11:00:00,28.86,49.8,11.88,2214.5
2019-06-02 12:00:00,23.91,58.5,6.36,2225.2
2019-06-02 13:00:00,30.97,65.8,1.92,2324.9
2019-06-02 14:00:00,30.51,52.5,1.74,2355.9
2019-06-02 15:00:00,28.75,55.5,7.86,2279.4
2019-06-02 16:00:00,30.72,49.0,3.63,2205.6
2019-06-02 17:00:00,30.3,63.0,2.23,2085.1
2019-06-02 18:00:00,26.59,39.0,0.36,1904.5
2019-06-02 19:00:00,29.24,34.7,1.33,1938.8
2019-06-02 20:00:00,30.44,48.9,5.88,1995.0
2019-06-02 21:00:00,25.84,56.6,4.07,2044.0
2019-06-02 22:00:00,23.21,32.8,12.73,2176.0
2019-06-02 23:00:00,23.97,52.8,1.59,2368.1
2019-06-03 00:00:00,25.78,49.9,2.76,2725.7
2019-06-03 01:00:00,19.94,62.0,3.21,2641.2
2019-06-03 02:00:00,24.05,56.2,5.46,2717.6
2019-06-03 03:00:00,20.78,40.9,3.22,2555.0
2019-06-03 04:00:00,23.21,44.8,2.47,2513.1
2019-06-03 05:00:00,21.6,48.3,6.47,2334.4
2019-06-03 06:00:00,22.23,60.1,5.24,2227.5
2019-06-03 07:00:00,28.28,52.4,8.71,2261.9
2019-06-03 08:00:00,21.91,49.5,4.0,2214.4
2019-06-03 09:00:00,27.69,51.0,11.08,2343.6
2019-06-03 10:00:00,31.84,38.1,2.26,2432.7
2019-06-03 11:00:00,30.19,64.2,7.84,2429.8
2019-06-03 12:00:00,25.97,55.8,9.31,2374.5
2019-06-03 13:00:00,26.73,56.9,0.45,2444.9
2019-06-03 14:00:00,28.46,60.2,7.97,2499.5
2019-06-03 15:00:00,30.87,55.4,4.45,2523.4
2019-06-03 16:00:00,30.9,47.5,5.54,2425.7
2019-06-03 17:00:00,26.76,49.1,12.53,2211.1
2019-06-03 18:00:00,27.12,60.6,4.79,2189.9
2019-06-03 19:00:00,26.44,51.1,2.13,2156.0
2019-06-03 20:00:00,27.06,44.4,7.53,2236.2
2019-06-03 21:00:00,31.43,62.6,4.19,2481.8
2019-06-03 22:00:00,23.1,46.0,4.86,2433.5
2019-06-03 23:00:00,22.03,40.5,4.5,2612.6
2019-06-04 00:00:00,20.87,63.2,8.48,2781.3
2019-06-04 01:00:00,24.66,46.4,6.44,2785.0
2019-06-04 02:00:00,22.56,57.4,4.92,2646.2
2019-06-04 03:00:00,20.29,70.3,6.12,2459.6
2019-06-04 04:00:00,21.76,43.6,2.21,2241.1
2019-06-04 05:00:00,21.09,54.8,8.0,2136.7
2019-06-04 06:00:00,24.44,64.3,6.56,2091.2
2019-06-04 07:00:00,31.24,52.5,13.66,2142.5
2019-06-04 08:00:00,26.87,49.1,3.03,2030.0
2019-06-04 09:00:00,26.3,70.1,3.1,2070.4
2019-06-04 10:00:00,25.9,50.5,5.76,2206.3
2019-06-04 11:00:00,25.17,55.0,4.76,2236.6
2019-06-04 12:00:00,31.19,60.2,2.13,2356.1
2019-06-04 13:00:00,31.69,54.5,1.77,2428.7
2019-06-04 14:00:00,29.23,59.2,10.71,2363.1
2019-06-04 15:00:00,33.56,38.0,2.76,2511.3
2019-06-04 16:00:00,30.45,57.5,4.01,2389.3
2019-06-04 17:00:00,31.93,47.8,1.64,2314.5
2019-06-04 18:00:00,30.1,42.0,19.64,2185.4
2019-06-04 19:00:00,28.09,51.3,2.92,2097.9
2019-06-04 20:00:00,25.18,53.4,4.4,2086.1
2019-06-04 21:00:00,26.17,66.0,1.16,2337.0
2019-06-04 22:00:00,27.6,53.0,5.53,2574.8
2019-06-04 23:00:00,23.26,47.1,16.23,2672.0
2019-06-05 00:00:00,24.86,44.0,1.82,2813.8
2019-06-05 01:00:00,20.42,55.3,5.71,2772.8
2019-06-05 02:00:00,24.67,41.5,3.47,2766.1
2019-06-05 03:00:00,23.37,47.6,4.96,2459.1
2019-06-05 04:00:00,19.72,54.3,3.71,2263.1
2019-06-05 05:00:00,22.56,50.6,1.54,2087.5
2019-06-05 06:00:00,26.09,56.9,6.09,2092.6
2019-06-05 07:00:00,21.44,48.9,8.9,2022.0
2019-06-05 08:00:00,22.87,33.9,3.58,1990.4
2019-06-05 09:00:00,26.41,37.4,10.64,2108.6
2019-06-05 10:00:00,32.95,45.5,10.74,2318.8
2019-06-05 11:00:00,26.9,45.8,8.9,2345.1
2019-06-05 12:00:00,30.65,37.6,2.04,2487.8
2019-06-05 13:00:00,30.7,63.1,7.4,2526.7
2019-06-05 14:00:00,28.98,55.4,6.87,2502.9
2019-06-05 15:00:00,30.99,46.7,2.39,2414.8
2019-06-05 16:00:00,29.33,50.4,3.31,2286.6
2019-06-05 17:00:00,29.16,46.6,5.0,2121.1
2019-06-05 18:00:00,25.26,41.8,3.2,2073.0
2019-06-05 19:00:00,28.52,57.4,4.44,2080.5
2019-06-05 20:00:00,29.87,54.9,14.04,2185.5
2019-06-05 21:00:00,26.73,34.8,2.54,2218.7
2019-06-05 22:00:00,28.28,51.2,2.49,2418.6
2019-06-05 23:00:00,26.04,53.9,10.17,2556.9
2019-06-06 00:00:00,23.66,50.5,5.2,2674.1
2019-06-06 01:00:00,21.6,71.5,5.67,2685.5
2019-06-06 02:00:00,21.56,70.7,4.05,2591.0
2019-06-06 03:00:00,18.96,53.8,4.09,2369.5
2019-06-06 04:00:00,22.11,52.5,4.59,2305.1
2019-06-06 05:00:00,23.54,50.4,5.69,2150.5
2019-06-06 06:00:00,28.1,44.6,8.83,2116.0
2019-06-06 07:00:00,25.96,43.9,2.21,2034.3
2019-06-06 08:00:00,23.44,57.3,2.69,2089.3
2019-06-06 09:00:00,23.04,69.3,10.3,2116.0
2019-06-06 10:00:00,27.16,62.7,5.39,2231.3
2019-06-06 11:00:00,30.67,53.8,3.71,2382.5
2019-06-06 12:00:00,28.92,29.6,6.25,2462.9
2019-06-06 13:00:00,31.46,31.9,3.26,2548.7
2019-06-06 14:00:00,30.05,56.5,9.9,2527.3
2019-06-06 15:00:00,32.43,59.0,2.86,2533.4
2019-06-06 16:00:00,26.51,55.2,3.17,2325.0
2019-06-06 17:00:00,34.11,42.3,3.62,2449.3
2019-06-06 18:00:00,26.69,61.5,6.88,2173.6
2019-06-06 19:00:00,30.62,53.5,10.68,2221.1
2019-06-06 20:00:00,26.99,59.5,7.43,2169.2
2019-06-06 21:00:00,26.35,36.1,8.85,2306.6
2019-06-06 22:00:00,25.0,54.7,1.22,2457.3
2019-06-06 23:00:00,25.28,66.0,1.16,2646.0
2019-06-07 00:00:00,25.0,56.2,1.54,2759.4
2019-06-07 01:00:00,25.87,58.9,4.7,2750.5
2019-06-07 02:00:00,26.34,51.2,3.42,2683.6
2019-06-07 03:00:00,23.52,54.0,1.63,2425.0
2019-06-07 04:00:00,27.11,61.5,0.16,2326.0
2019-06-07 05:00:00,23.46,47.9,7.22,2111.1
2019-06-07 06:00:00,26.55,44.6,11.95,2063.0
2019-06-07 07:00:00,25.76,47.6,9.05,2032.5
2019-06-07 08:00:00,24.28,52.8,4.5,2050.3
2019-06-07 09:00:00,27.14,37.4,5.81,2066.4
2019-06-07 10:00:00,28.98,54.7,2.87,2175.7
2019-06-07 11:00:00,28.61,47.8,4.89,2270.0
2019-06-07 12:00:00,30.55,54.4,4.62,2446.0
2019-06-07 13:00:00,32.31,29.2,6.6,2629.2
2019-06-07 14:00:00,30.49,54.5,2.72,2666.5
2019-06-07 15:00:00,23.33,64.0,19.34,2462.3
2019-06-07 16:00:00,34.75,47.7,1.78,2600.8
2019-06-07 17:00:00,29.41,48.7,5.76,2420.1
2019-06-07 18:00:00,27.46,57.0,7.99,2303.6
2019-06-07 19:00:00,25.88,61.5,1.91,2218.6
2019-06-07 20:00:00,26.88,54.7,1.04,2272.7
2019-06-07 21:00:00,25.28,56.6,8.07,2373.1
2019-06-07 22:00:00,23.81,66.2,19.57,2491.8
2019-06-07 23:00:00,22.98,59.7,0.76,2662.6
2019-06-08 00:00:00,25.23,45.4,19.47,2501.8
2019-06-08 01:00:00,28.34,59.5,8.31,2675.3
2019-06-08 02:00:00,24.92,51.1,4.79,2516.5
2019-06-08 03:00:00,25.54,51.8,9.09,2390.9
2019-06-08 04:00:00,21.92,55.3,10.98,2174.6
2019-06-08 05:00:00,23.53,60.9,4.24,2032.9
2019-06-08 06:00:00,24.97,66.0,23.32,1972.6
2019-06-08 07:00:00,23.08,53.7,19.08,1952.4
2019-06-08 08:00:00,24.63,66.1,3.04,1983.8
2019-06-08 09:00:00,28.87,50.2,6.22,2129.8
2019-06-08 10:00:00,30.49,58.8,1.84,2235.1
2019-06-08 11:00:00,28.9,50.5,1.4,2207.8
2019-06-08 12:00:00,26.57,46.8,3.86,2223.0
2019-06-08 13:00:00,29.46,63.8,6.04,2300.4
2019-06-08 14:00:00,26.99,45.7,2.37,2285.1
2019-06-08 15:00:00,30.92,42.0,8.89,2345.0
2019-06-08 16:00:00,31.23,37.0,6.43,2270.8
2019-06-08 17:00:00,29.52,58.5,5.16,2144.7
2019-06-08 18:00:00,30.16,59.9,2.65,2065.7
2019-06-08 19:00:00,29.77,51.2,2.89,1989.2
2019-06-08 20:00:00,28.41,41.4,4.03,2052.1
2019-06-08 21:00:00,23.73,53.0,3.08,2117.1
2019-06-08 22:00:00,25.06,49.5,3.66,2377.3
2019-06-08 23:00:00,25.76,43.2,2.67,2536.9
2019-06-09 00:00:00,27.89,45.8,6.89,2650.6
2019-06-09 01:00:00,22.63,57.9,1.68,2505.5
2019-06-09 02:00:00,24.29,47.7,9.76,2545.5
2019-06-09 03:00:00,24.97,54.4,3.23,2416.9
2019-06-09 04:00:00,22.42,39.9,7.11,2231.7
2019-06-09 05:00:00,26.18,64.5,5.04,2183.2
2019-06-09 06:00:00,26.95,47.3,1.45,2084.0
2019-06-09 07:00:00,28.22,56.4,9.34,2027.7
2019-06-09 08:00:00,26.88,52.0,14.98,2051.9
2019-06-09 09:00:00,32.67,49.1,4.35,2195.0
2019-06-09 10:00:00,26.27,41.9,0.88,2060.5
2019-06-09 11:00:00,34.08,38.6,6.57,2344.5
2019-06-09 12:00:00,31.52,40.9,5.27,2298.7
2019-06-09 13:00:00,33.59,45.3,2.43,2352.4
2019-06-09 14:00:00,29.84,58.7,5.31,2317.9
2019-06-09 15:00:00,32.88,49.2,12.18,2263.2
2019-06-09 16:00:00,34.2,37.4,10.62,2230.4
2019-06-09 17:00:00,27.52,50.7,3.82,2016.7
2019-06-09 18:00:00,29.19,48.0,3.76,2007.4
2019-06-09 19:00:00,23.42,50.5,2.26,1901.7
2019-06-09 20:00:00,27.36,50.0,3.89,2027.2
2019-06-09 21:00:00,24.73,58.3,5.84,2138.4
2019-06-09 22:00:00,25.19,46.1,5.67,2369.3
2019-06-09 23:00:00,32.08,43.6,6.29,2634.8
2019-06-10 00:00:00,28.28,57.2,6.24,2875.6
2019-06-10 01:00:00,19.75,60.0,2.7,2771.4
2019-06-10 02:00:00,24.34,62.8,9.24,2746.4
2019-06-10 03:00:00,24.81,63.6,10.41,2589.8
2019-06-10 04:00:00,22.1,43.4,5.23,2360.3
2019-06-10 05:00:00,23.79,55.3,23.76,2271.8
2019-06-10 06:00:00,24.67,48.2,6.81,2207.3
2019-06-10 07:00:00,21.45,45.3,1.7,2204.5
2019-06-10 08:00:00,23.2,47.1,4.05,2234.4
2019-06-10 09:00:00,27.24,47.8,3.84,2358.4
2019-06-10 10:00:00,28.1,47.2,0.87,2413.2
2019-06-10 11:00:00,27.04,45.5,4.2,2370.9
2019-06-10 12:00:00,27.65,49.8,8.98,2424.9
2019-06-10 13:00:00,30.05,67.5,10.09,2486.7
2019-06-10 14:00:00,32.89,31.9,15.73,2508.1
2019-06-10 15:00:00,30.62,56.6,7.15,2450.3
2019-06-10 16:00:00,34.73,44.1,8.45,2511.1
2019-06-10 17:00:00,28.54,45.7,3.11,2272.2
2019-06-10 18:00:00,30.12,31.8,7.74,2237.5
2019-06-10 19:00:00,27.93,55.8,6.68,2140.7
2019-06-10 20:00:00,29.32,37.0,3.88,2210.0
2019-06-10 21:00:00,24.86,58.7,16.14,2243.0
2019-06-10 22:00:00,30.59,61.5,1.69,2542.6
2019-06-10 23:00:00,20.59,45.3,5.34,2619.5
2019-06-11 00:00:00,28.31,58.7,12.18,2896.3
2019-06-11 01:00:00,23.61,53.3,2.43,2818.3
2019-06-11 02:00:00,24.36,35.8,3.38,2740.7
2019-06-11 03:00:00,26.18,41.4,8.72,2662.2
2019-06-11 04:00:00,25.13,53.3,8.73,2449.8
2019-06-11 05:00:00,21.56,58.0,4.59,2278.7
2019-06-11 06:00:00,25.52,38.9,6.29,2197.2
2019-06-11 07:00:00,29.52,48.6,5.31,2248.7
2019-06-11 08:00:00,23.59,59.7,9.42,2196.0
2019-06-11 09:00:00,32.14,54.3,9.7,2445.9
2019-06-11 10:00:00,28.85,45.6,13.0,2407.4
2019-06-11 11:00:00,27.76,53.3,12.93,2471.2
2019-06-11 12:00:00,27.44,58.6,6.46,2511.6
2019-06-11 13:00:00,29.75,55.0,2.02,2521.5
2019-06-11 14:00:00,25.82,58.5,2.83,2439.1
2019-06-11 15:00:00,29.81,49.1,3.21,2451.4
2019-06-11 16:00:00,30.05,47.2,4.7,2407.7
2019-06-11 17:00:00,27.62,52.1,5.61,2234.9
2019-06-11 18:00:00,31.54,40.7,2.35,2235.7
2019-06-11 19:00:00,28.3,58.3,0.78,2145.0
2019-06-11 20:00:00,26.29,38.7,7.39,2186.6
2019-06-11 21:00:00,26.03,47.1,5.05,2290.8
2019-06-11 22:00:00,26.7,50.4,16.84,2425.3
2019-06-11 23:00:00,25.03,55.7,3.11,2627.6
2019-06-12 00:00:00,22.3,59.4,15.0,2697.2
2019-06-12 01:00:00,23.73,64.9,2.51,2790.2
2019-06-12 02:00:00,22.89,54.3,4.87,2705.4
2019-06-12 03:00:00,20.03,50.2,5.27,2553.1
2019-06-12 04:00:00,22.29,53.0,1.31,2404.7
2019-06-12 05:00:00,24.86,49.6,6.1,2305.5
2019-06-12 06:00:00,25.48,55.8,2.81,2209.5
2019-06-12 07:00:00,24.3,44.0,11.06,2139.7
2019-06-12 08:00:00,27.53,48.6,8.58,2210.1
2019-06-12 09:00:00,24.43,65.4,6.79,2145.3
2019-06-12 10:00:00,25.54,53.0,3.37,2281.9
2019-06-12 11:00:00,28.25,41.0,1.85,2366.5
2019-06-12 12:00:00,33.45,42.5,14.49,2518.0
2019-06-12 13:00:00,30.75,29.5,13.71,2495.5
2019-06-12 14:00:00,30.05,47.5,3.29,2514.6
2019-06-12 15:00:00,34.74,57.4,9.62,2579.3
2019-06-12 16:00:00,30.02,38.5,2.4,2437.5
2019-06-12 17:00:00,35.93,31.6,2.84,2485.9
2019-06-12 18:00:00,28.43,44.0,5.05,2207.5
2019-06-12 19:00:00,26.35,58.3,7.0,2105.4
2019-06-12 20:00:00,27.5,63.6,1.74,2164.4
2019-06-12 21:00:00,26.25,54.6,0.81,2305.6
2019-06-12 22:00:00,23.82,42.7,2.72,2472.8
2019-06-12 23:00:00,31.38,46.7,4.67,2805.0
2019-06-13 00:00:00,24.87,66.4,1.64,2793.5
2019-06-13 01:00:00,24.6,49.8,3.58,2853.8
2019-06-13 02:00:00,21.89,55.6,3.67,2757.1
2019-06-13 03:00:00,21.46,56.8,19.05,2576.0
2019-06-13 04:00:00,25.61,39.1,7.15,2429.7
2019-06-13 05:00:00,19.25,64.6,5.9,2267.0
2019-06-13 06:00:00,21.22,61.9,4.06,2225.7
2019-06-13 07:00:00,24.29,36.6,12.94,2135.4
2019-06-13 08:00:00,29.25,38.0,1.84,2249.7
2019-06-13 09:00:00,25.97,43.5,8.04,2182.9
2019-06-13 10:00:00,28.98,54.8,13.47,2283.5
2019-06-13 11:00:00,28.97,42.8,9.13,2384.0
2019-06-13 12:00:00,32.97,48.8,2.96,2536.1
2019-06-13 13:00:00,26.41,49.4,1.67,2423.4
2019-06-13 14:00:00,32.61,46.5,9.46,2539.5
2019-06-13 15:00:00,30.41,51.6,8.18,2507.1
2019-06-13 16:00:00,33.08,47.7,10.69,2492.3
2019-06-13 17:00:00,28.32,49.2,8.68,2300.6
2019-06-13 18:00:00,29.79,50.8,11.27,2282.5
2019-06-13 19:00:00,28.65,50.8,4.04,2250.4
2019-06-13 20:00:00,25.43,50.0,5.39,2215.2
2019-06-13 21:00:00,23.7,49.6,1.97,2336.2
2019-06-13 22:00:00,24.42,67.5,1.61,2505.6
2019-06-13 23:00:00,25.23,48.3,6.71,2694.1
2019-06-14 00:00:00,22.21,65.2,3.25,2703.6
2019-06-14 01:00:00,22.64,48.4,13.78,2716.8
2019-06-14 02:00:00,18.35,63.8,8.1,2652.3
2019-06-14 03:00:00,22.0,68.7,5.73,2465.3
2019-06-14 04:00:00,25.62,48.8,1.26,2332.8
2019-06-14 05:00:00,25.23,46.5,2.29,2123.8
2019-06-14 06:00:00,23.88,49.5,2.87,2058.6
2019-06-14 07:00:00,25.54,51.4,3.84,2120.3
2019-06-14 08:00:00,23.82,55.5,9.91,2082.7
2019-06-14 09:00:00,30.99,46.9,1.52,2206.8
2019-06-14 10:00:00,33.13,42.1,18.86,2361.2
2019-06-14 11:00:00,29.34,64.2,8.92,2376.7
2019-06-14 12:00:00,36.23,41.4,2.03,2609.3
2019-06-14 13:00:00,28.69,44.1,13.13,2523.8
2019-06-14 14:00:00,27.67,56.5,8.0,2517.7
2019-06-14 15:00:00,29.16,55.4,3.15,2563.2
2019-06-14 16:00:00,30.24,59.1,9.02,2557.8
2019-06-14 17:00:00,36.17,58.5,2.15,2645.2
2019-06-14 18:00:00,29.05,51.5,5.43,2463.9
2019-06-14 19:00:00,26.78,48.3,7.52,2323.6
2019-06-14 20:00:00,25.72,36.2,2.24,2367.4
2019-06-14 21:00:00,29.78,40.7,5.94,2543.7
2019-06-14 22:00:00,28.39,51.0,6.97,2594.9
2019-06-14 23:00:00,23.72,43.6,3.78,2711.6
2019-06-15 00:00:00,19.43,43.8,2.92,2524.7
2019-06-15 01:00:00,20.66,56.0,5.59,2545.9
2019-06-15 02:00:00,27.39,56.3,4.26,2492.6
2019-06-15 03:00:00,24.67,50.3,14.55,2356.7
2019-06-15 04:00:00,23.25,60.6,7.62,2123.5
2019-06-15 05:00:00,28.16,54.4,4.36,2018.4
2019-06-15 06:00:00,29.02,58.0,5.08,1990.0
2019-06-15 07:00:00,24.86,69.5,3.07,1899.2
2019-06-15 08:00:00,25.87,72.2,11.02,2006.4
2019-06-15 09:00:00,25.49,57.5,8.1,2080.0
2019-06-15 10:00:00,27.27,46.5,15.24,2207.3
2019-06-15 11:00:00,25.23,52.3,5.92,2183.3
2019-06-15 12:00:00,26.05,63.7,4.5,2259.3
2019-06-15 13:00:00,26.11,44.0,6.07,2361.8
2019-06-15 14:00:00,33.52,56.8,14.83,2446.6
2019-06-15 15:00:00,27.05,49.0,3.71,2274.6
2019-06-15 16:00:00,35.69,45.3,3.38,2359.3
2019-06-15 17:00:00,28.59,42.7,4.09,2116.1
2019-06-15 18:00:00,34.12,34.1,3.03,2162.5
2019-06-15 19:00:00,28.04,47.3,6.39,1997.2
2019-06-15 20:00:00,24.07,63.2,3.79,2048.4
2019-06-15 21:00:00,30.16,42.3,12.62,2160.2
2019-06-15 22:00:00,29.42,61.4,2.0,2212.9
2019-06-15 23:00:00,22.68,49.3,8.23,2290.7
2019-06-16 00:00:00,23.31,44.8,11.53,2479.8
2019-06-16 01:00:00,21.24,57.0,1.94,2491.5
2019-06-16 02:00:00,22.8,59.2,7.35,2409.2
2019-06-16 03:00:00,23.24,54.9,10.09,2194.7
2019-06-16 04:00:00,22.22,55.4,1.22,2014.9
2019-06-16 05:00:00,18.96,69.7,2.61,1857.1
2019-06-16 06:00:00,22.69,54.6,11.02,1776.6
2019-06-16 07:00:00,26.73,46.9,11.04,1811.1
2019-06-16 08:00:00,25.41,42.6,4.93,1855.4
2019-06-16 09:00:00,26.15,61.3,6.08,1914.4
2019-06-16 10:00:00,25.68,48.1,7.97,1953.4
2019-06-16 11:00:00,27.44,47.4,9.85,2067.3
2019-06-16 12:00:00,33.32,53.8,5.69,2253.5
2019-06-16 13:00:00,27.58,66.4,9.86,2141.5
2019-06-16 14:00:00,32.63,47.9,0.76,2277.4
2019-06-16 15:00:00,31.08,46.0,4.46,2170.9
2019-06-16 16:00:00,31.44,46.8,7.85,2145.0
2019-06-16 17:00:00,28.6,45.5,6.68,1979.8
2019-06-16 18:00:00,28.92,46.0,13.39,1864.0
2019-06-16 19:00:00,28.95,46.0,2.59,1955.4
2019-06-16 20:00:00,26.7,57.9,2.41,1960.7
2019-06-16 21:00:00,27.8,49.1,14.48,2144.4
2019-06-16 22:00:00,27.08,61.2,1.38,2298.8
2019-06-16 23:00:00,30.4,46.8,8.85,2584.0
2019-06-17 00:00:00,24.85,49.2,8.24,2873.0
2019-06-17 01:00:00,18.74,67.2,3.57,2841.2
2019-06-17 02:00:00,26.02,51.4,14.19,2842.2
2019-06-17 03:00:00,22.47,53.0,5.15,2679.4
2019-06-17 04:00:00,28.15,49.8,5.52,2549.7
2019-06-17 05:00:00,27.19,62.0,2.65,2366.4
2019-06-17 06:00:00,22.89,56.1,2.96,2281.0
2019-06-17 07:00:00,26.79,60.6,2.3,2289.8
2019-06-17 08:00:00,24.46,50.6,7.46,2301.8
2019-06-17 09:00:00,26.99,59.1,7.24,2406.9
2019-06-17 10:00:00,29.71,50.1,0.73,2545.5
2019-06-17 11:00:00,31.76,53.7,10.62,2669.5
2019-06-17 12:00:00,32.05,54.1,4.72,2597.3
2019-06-17 13:00:00,30.63,40.0,1.33,2578.6
2019-06-17 14:00:00,37.05,42.9,13.56,2709.3
2019-06-17 15:00:00,30.07,55.6,4.03,2533.4
2019-06-17 16:00:00,26.83,59.5,4.01,2359.8
2019-06-17 17:00:00,26.91,60.5,4.98,2259.9
2019-06-17 18:00:00,33.49,46.0,10.0,2252.1
2019-06-17 19:00:00,28.79,61.3,3.52,2049.2
2019-06-17 20:00:00,28.41,44.0,11.96,2213.0
2019-06-17 21:00:00,25.62,39.5,2.29,2275.4
2019-06-17 22:00:00,24.81,49.9,3.82,2496.3
2019-06-17 23:00:00,23.01,63.2,0.52,2683.4
2019-06-18 00:00:00,25.34,43.0,4.1,2807.0
2019-06-18 01:00:00,23.28,41.6,1.62,2861.7
2019-06-18 02:00:00,24.21,38.9,1.9,2748.9
2019-06-18 03:00:00,23.84,58.8,1.69,2586.3
2019-06-18 04:00:00,22.06,42.8,5.11,2414.2
2019-06-18 05:00:00,19.88,60.5,5.0,2256.5
2019-06-18 06:00:00,20.3,53.1,8.68,2148.4
2019-06-18 07:00:00,32.56,39.8,3.93,2206.6
2019-06-18 08:00:00,29.65,40.3,7.57,2210.3
2019-06-18 09:00:00,30.34,49.4,5.57,2319.8
2019-06-18 10:00:00,26.34,44.9,3.25,2296.2
2019-06-18 11:00:00,29.01,48.7,10.27,2451.4
2019-06-18 12:00:00,27.78,53.0,2.82,2494.3
2019-06-18 13:00:00,27.17,55.2,1.12,2561.9
2019-06-18 14:00:00,29.38,56.0,0.59,2628.6
2019-06-18 15:00:00,34.31,45.9,3.41,2668.5
2019-06-18 16:00:00,32.96,37.2,4.45,2636.1
2019-06-18 17:00:00,28.03,53.3,4.5,2382.4
2019-06-18 18:00:00,29.03,54.0,0.52,2178.3
2019-06-18 19:00:00,30.86,45.9,6.62,2078.7
2019-06-18 20:00:00,26.6,48.4,3.89,2082.7
2019-06-18 21:00:00,27.19,70.0,8.33,2143.0
2019-06-18 22:00:00,26.96,40.1,5.09,2318.9
2019-06-18 23:00:00,25.97,55.2,7.39,2552.5
2019-06-19 00:00:00,24.8,60.5,1.46,2569.9
2019-06-19 01:00:00,21.9,51.8,8.35,2584.7
2019-06-19 02:00:00,21.76,53.2,6.26,2532.7
2019-06-19 03:00:00,20.16,52.7,2.9,2345.0
2019-06-19 04:00:00,19.23,56.6,13.33,2209.2
2019-06-19 05:00:00,23.25,60.6,19.81,2083.7
2019-06-19 06:00:00,26.21,49.4,2.96,2074.8
2019-06-19 07:00:00,21.55,79.6,8.81,2004.4
2019-06-19 08:00:00,26.64,47.1,4.83,2079.6
2019-06-19 09:00:00,28.96,59.9,7.17,2205.5
2019-06-19 10:00:00,23.44,57.6,5.86,2250.1
2019-06-19 11:00:00,28.32,50.2,8.61,2451.8
2019-06-19 12:00:00,33.94,56.6,0.73,2641.8
2019-06-19 13:00:00,31.84,33.7,7.01,2659.8
2019-06-19 14:00:00,26.18,54.5,6.1,2522.4
2019-06-19 15:00:00,32.64,40.2,5.26,2591.0
2019-06-19 16:00:00,28.99,45.3,11.17,2455.8
2019-06-19 17:00:00,32.19,42.4,1.95,2422.6
2019-06-19 18:00:00,28.1,41.8,8.3,2271.8
2019-06-19 19:00:00,28.86,35.7,2.69,2296.3
2019-06-19 20:00:00,26.69,53.8,3.36,2279.1
2019-06-19 21:00:00,27.0,49.9,2.95,2336.5
2019-06-19 22:00:00,24.54,50.0,5.2,2438.2
2019-06-19 23:00:00,24.44,58.5,8.4,2626.3
2019-06-20 00:00:00,21.23,58.6,4.86,2706.4
2019-06-20 01:00:00,24.76,50.1,9.37,2716.9
2019-06-20 02:00:00,23.57,77.5,3.73,2635.0
2019-06-20 03:00:00,18.96,65.0,1.24,2451.4
2019-06-20 04:00:00,25.62,71.1,5.83,2355.2
2019-06-20 05:00:00,23.1,50.2,4.23,2238.1
2019-06-20 06:00:00,24.58,54.3,13.12,2204.7
2019-06-20 07:00:00,26.91,40.6,2.18,2163.6
2019-06-20 08:00:00,26.79,47.9,6.55,2157.8
2019-06-20 09:00:00,29.91,43.4,4.88,2211.6
2019-06-20 10:00:00,27.3,74.1,1.35,2290.7
2019-06-20 11:00:00,31.59,41.2,0.94,2451.0
2019-06-20 12:00:00,30.14,46.0,1.0,2548.1
2019-06-20 13:00:00,31.73,35.0,8.39,2636.2
2019-06-20 14:00:00,31.87,50.8,4.77,2617.8
2019-06-20 15:00:00,34.1,37.5,7.26,2553.0
2019-06-20 16:00:00,32.67,53.2,7.51,2463.3
2019-06-20 17:00:00,29.36,34.2,14.57,2384.2
2019-06-20 18:00:00,28.23,48.4,9.77,2298.7
2019-06-20 19:00:00,28.88,34.1,4.74,2254.4
2019-06-20 20:00:00,26.13,47.2,6.92,2272.3
2019-06-20 21:00:00,24.37,50.2,1.77,2386.2
2019-06-20 22:00:00,20.64,50.7,1.48,2573.8
2019-06-20 23:00:00,21.13,51.1,4.31,2696.1
2019-06-21 00:00:00,29.13,56.5,2.8,2922.4
2019-06-21 01:00:00,21.89,71.9,5.01,2772.4
2019-06-21 02:00:00,27.89,52.4,3.4,2699.9
2019-06-21 03:00:00,24.01,45.9,9.26,2527.7
2019-06-21 04:00:00,23.01,54.1,6.8,2394.9
2019-06-21 05:00:00,19.78,53.3,2.94,2231.3
2019-06-21 06:00:00,24.18,59.8,7.58,2150.7
2019-06-21 07:00:00,29.73,50.5,1.82,2223.8
2019-06-21 08:00:00,29.86,35.5,4.65,2291.9
2019-06-21 09:00:00,27.68,58.6,9.42,2334.4
2019-06-21 10:00:00,25.16,59.6,0.74,2363.8
2019-06-21 11:00:00,26.61,62.7,11.51,2471.0
2019-06-21 12:00:00,27.7,45.7,3.51,2567.3
2019-06-21 13:00:00,33.66,47.5,9.54,2664.2
2019-06-21 14:00:00,34.94,34.6,3.52,2712.2
2019-06-21 15:00:00,31.49,46.4,1.11,2540.6
2019-06-21 16:00:00,30.11,51.1,3.08,2478.3
2019-06-21 17:00:00,34.34,39.4,10.79,2493.2
2019-06-21 18:00:00,27.38,52.8,5.51,2257.3
2019-06-21 19:00:00,29.13,50.0,9.69,2233.8
2019-06-21 20:00:00,29.19,45.0,3.6,2316.1
2019-06-21 21:00:00,24.84,63.3,2.48,2366.0
2019-06-21 22:00:00,24.37,50.6,9.28,2534.9
2019-06-21 23:00:00,23.21,54.5,4.72,2699.6
2019-06-22 00:00:00,27.71,38.1,6.17,2639.4
2019-06-22 01:00:00,28.32,53.5,6.53,2710.1
2019-06-22 02:00:00,23.42,49.5,0.68,2477.4
2019-06-22 03:00:00,22.32,61.8,7.79,2307.6
2019-06-22 04:00:00,21.63,44.2,1.84,2046.4
2019-06-22 05:00:00,23.54,56.6,0.93,1933.9
2019-06-22 06:00:00,22.79,36.3,3.19,1809.9
2019-06-22 07:00:00,24.75,57.1,4.17,1817.4
2019-06-22 08:00:00,26.99,49.0,12.34,1851.3
2019-06-22 09:00:00,25.98,54.4,8.1,1869.3
2019-06-22 10:00:00,27.56,45.2,0.86,1962.9
2019-06-22 11:00:00,28.53,41.6,6.12,2068.8
2019-06-22 12:00:00,29.03,45.3,4.68,2177.9
2019-06-22 13:00:00,29.36,50.1,2.13,2200.5
2019-06-22 14:00:00,32.76,50.4,7.49,2291.3
2019-06-22 15:00:00,26.57,53.2,12.3,2161.8
2019-06-22 16:00:00,34.79,36.7,5.04,2231.9
2019-06-22 17:00:00,30.8,62.1,3.57,2069.0
2019-06-22 18:00:00,31.35,49.6,5.25,1942.8
2019-06-22 19:00:00,30.81,42.4,6.14,1868.9
2019-06-22 20:00:00,26.26,54.4,16.94,1885.5
2019-06-22 21:00:00,24.71,54.3,2.66,1903.5
2019-06-22 22:00:00,23.38,51.9,2.77,2069.2
2019-06-22 23:00:00,24.38,50.2,9.12,2280.3
2019-06-23 00:00:00,25.91,59.2,3.31,2446.5
2019-06-23 01:00:00,22.06,68.2,0.62,2448.2
2019-06-23 02:00:00,24.64,36.0,12.4,2400.1
2019-06-23 03:00:00,17.07,68.2,11.95,2215.8
2019-06-23 04:00:00,22.16,54.4,1.57,2017.3
2019-06-23 05:00:00,26.44,52.7,5.05,1995.7
2019-06-23 06:00:00,23.73,63.8,0.91,1893.6
2019-06-23 07:00:00,22.91,32.4,8.57,1862.7
2019-06-23 08:00:00,24.31,59.1,8.3,1895.9
2019-06-23 09:00:00,19.42,66.7,4.77,1902.3
2019-06-23 10:00:00,25.49,46.1,10.07,2013.3
2019-06-23 11:00:00,31.63,35.5,1.02,2158.3
2019-06-23 12:00:00,28.36,62.4,5.73,2217.5
2019-06-23 13:00:00,29.29,34.5,0.63,2237.3
2019-06-23 14:00:00,25.02,55.3,2.08,2125.8
2019-06-23 15:00:00,26.91,58.7,0.89,2249.9
2019-06-23 16:00:00,33.83,48.1,13.65,2294.2
2019-06-23 17:00:00,31.99,50.9,9.79,2114.4
2019-06-23 18:00:00,26.57,48.6,0.69,1954.3
2019-06-23 19:00:00,27.41,53.8,6.01,1872.8
2019-06-23 20:00:00,27.95,44.0,0.7,1901.0
2019-06-23 21:00:00,24.0,48.2,7.79,2003.9
2019-06-23 22:00:00,20.94,55.5,9.04,2249.6
2019-06-23 23:00:00,24.59,40.0,7.88,2484.7
2019-06-24 00:00:00,25.58,56.2,5.98,2881.8
2019-06-24 01:00:00,24.99,32.2,4.16,2937.2
2019-06-24 02:00:00,25.3,54.7,5.7,2831.9
2019-06-24 03:00:00,19.09,60.4,2.16,2568.6
2019-06-24 04:00:00,23.26,47.0,6.01,2370.3
2019-06-24 05:00:00,22.84,43.9,3.68,2268.3
2019-06-24 06:00:00,23.93,49.6,0.9,2128.6
2019-06-24 07:00:00,24.45,57.6,1.85,2098.7
2019-06-24 08:00:00,24.29,55.3,9.01,2122.4
2019-06-24 09:00:00,19.43,47.6,1.0,2173.2
2019-06-24 10:00:00,30.92,48.1,5.33,2403.8
2019-06-24 11:00:00,29.8,50.3,3.48,2473.6
2019-06-24 12:00:00,26.09,52.9,1.83,2578.7
2019-06-24 13:00:00,31.62,38.8,10.23,2726.4
2019-06-24 14:00:00,29.72,49.5,11.45,2728.0
2019-06-24 15:00:00,29.93,55.4,1.13,2668.9
2019-06-24 16:00:00,28.92,53.2,5.45,2627.2
2019-06-24 17:00:00,31.78,49.9,3.91,2518.6
2019-06-24 18:00:00,27.8,62.9,5.28,2370.3
2019-06-24 19:00:00,26.23,52.4,23.76,2275.5
2019-06-24 20:00:00,30.84,40.6,3.51,2419.4
2019-06-24 21:00:00,26.53,44.1,2.44,2462.8
2019-06-24 22:00:00,25.57,53.0,4.45,2652.9
2019-06-24 23:00:00,26.71,39.1,6.31,2841.1
2019-06-25 00:00:00,22.46,51.5,3.36,2874.7
2019-06-25 01:00:00,22.33,57.9,22.43,2917.5
2019-06-25 02:00:00,23.86,62.3,2.28,2800.5
2019-06-25 03:00:00,19.11,44.4,7.92,2546.5
2019-06-25 04:00:00,23.65,53.9,13.0,2296.4
2019-06-25 05:00:00,21.61,54.2,0.31,2213.0
2019-06-25 06:00:00,26.27,51.3,6.73,2178.9
2019-06-25 07:00:00,26.33,52.1,2.38,2165.5
2019-06-25 08:00:00,26.96,50.2,1.86,2180.0
2019-06-25 09:00:00,22.94,64.8,4.17,2190.9
2019-06-25 10:00:00,27.74,59.8,12.4,2300.1
2019-06-25 11:00:00,26.02,68.3,9.32,2342.7
2019-06-25 12:00:00,29.7,48.2,0.88,2397.3
2019-06-25 13:00:00,24.64,49.0,9.27,2288.5
2019-06-25 14:00:00,26.97,42.7,2.33,2301.0
2019-06-25 15:00:00,33.93,40.7,11.03,2394.5
2019-06-25 16:00:00,31.75,52.3,0.5,2353.8
2019-06-25 17:00:00,29.54,55.3,7.12,2326.8
2019-06-25 18:00:00,27.52,55.4,2.07,2244.9
2019-06-25 19:00:00,26.25,45.7,9.21,2050.2
2019-06-25 20:00:00,28.5,43.9,14.71,2213.7
2019-06-25 21:00:00,26.1,66.8,4.23,2281.6
2019-06-25 22:00:00,29.79,41.5,2.95,2464.0
2019-06-25 23:00:00,24.5,63.7,3.76,2640.0
2019-06-26 00:00:00,24.26,55.8,4.52,2738.0
2019-06-26 01:00:00,20.01,50.1,6.96,2703.2
2019-06-26 02:00:00,22.18,44.8,0.99,2613.8
2019-06-26 03:00:00,23.39,47.8,1.64,2472.0
2019-06-26 04:00:00,22.15,57.6,5.18,2319.7
2019-06-26 05:00:00,22.26,46.9,4.64,2182.0
2019-06-26 06:00:00,24.93,64.5,1.53,2094.3
2019-06-26 07:00:00,28.73,47.4,10.67,2055.1
2019-06-26 08:00:00,26.27,56.6,2.63,2021.7
2019-06-26 09:00:00,29.8,53.1,16.83,2170.9
2019-06-26 10:00:00,29.53,61.3,6.76,2222.6
2019-06-26 11:00:00,31.65,43.2,8.69,2358.6
2019-06-26 12:00:00,28.25,50.3,5.71,2367.4
2019-06-26 13:00:00,29.89,36.9,2.97,2495.7
2019-06-26 14:00:00,30.3,48.6,5.56,2525.5
2019-06-26 15:00:00,32.31,55.3,4.06,2567.3
2019-06-26 16:00:00,32.79,47.5,1.21,2487.8
2019-06-26 17:00:00,30.72,65.9,1.24,2409.1
2019-06-26 18:00:00,31.96,50.6,3.53,2316.0
2019-06-26 19:00:00,27.53,45.6,7.1,2152.8
2019-06-26 20:00:00,30.19,51.5,3.52,2297.1
2019-06-26 21:00:00,29.48,36.7,3.62,2374.3
2019-06-26 22:00:00,27.6,43.5,7.27,2470.6
2019-06-26 23:00:00,25.28,42.0,3.48,2569.6
2019-06-27 00:00:00,25.88,51.4,21.25,2688.1
2019-06-27 01:00:00,21.22,54.5,2.62,2668.2
2019-06-27 02:00:00,23.55,62.8,9.13,2635.1
2019-06-27 03:00:00,23.67,52.3,5.14,2525.6
2019-06-27 04:00:00,19.73,48.2,30.53,2338.2
2019-06-27 05:00:00,24.64,64.8,3.27,2254.3
2019-06-27 06:00:00,20.97,31.7,8.12,2158.5
2019-06-27 07:00:00,23.85,53.2,4.58,2100.1
2019-06-27 08:00:00,25.98,53.0,0.43,2113.3
2019-06-27 09:00:00,25.09,51.8,4.95,2143.5
2019-06-27 10:00:00,28.16,53.5,3.25,2185.7
2019-06-27 11:00:00,29.09,49.6,5.94,2295.4
2019-06-27 12:00:00,27.7,53.8,2.49,2337.3
2019-06-27 13:00:00,31.8,41.7,0.28,2535.7
2019-06-27 14:00:00,28.87,37.2,13.96,2532.0
2019-06-27 15:00:00,36.64,42.3,2.79,2644.6
2019-06-27 16:00:00,30.51,39.4,8.87,2473.0
2019-06-27 17:00:00,27.46,44.2,4.31,2302.8
2019-06-27 18:00:00,27.29,59.5,5.87,2225.0
2019-06-27 19:00:00,31.79,59.0,5.48,2188.7
2019-06-27 20:00:00,26.93,59.6,3.49,2122.8
2019-06-27 21:00:00,23.51,60.9,4.97,2212.4
2019-06-27 22:00:00,28.02,50.1,8.51,2454.4
2019-06-27 23:00:00,23.88,61.0,5.14,2626.6
2019-06-28 00:00:00,25.7,54.3,9.76,2784.3
2019-06-28 01:00:00,25.77,67.0,3.24,2832.2
2019-06-28 02:00:00,23.72,45.7,4.58,2730.0
2019-06-28 03:00:00,28.88,54.3,1.67,2656.9
2019-06-28 04:00:00,18.72,46.9,6.26,2415.0
2019-06-28 05:00:00,21.39,60.3,4.29,2324.6
2019-06-28 06:00:00,23.43,39.5,5.4,2138.6
2019-06-28 07:00:00,30.55,37.9,13.39,2181.1
2019-06-28 08:00:00,30.35,37.5,4.36,2205.9
2019-06-28 09:00:00,30.12,49.9,12.31,2314.3
2019-06-28 10:00:00,25.95,54.1,2.28,2336.6
2019-06-28 11:00:00,27.2,69.8,2.52,2385.7
2019-06-28 12:00:00,27.65,49.1,2.36,2435.1
2019-06-28 13:00:00,28.4,55.5,1.47,2518.0
2019-06-28 14:00:00,34.49,45.7,5.16,2620.1
2019-06-28 15:00:00,30.29,53.3,7.03,2507.7
2019-06-28 16:00:00,30.48,48.8,17.52,2405.8
2019-06-28 17:00:00,32.3,55.0,4.21,2365.1
2019-06-28 18:00:00,25.56,43.1,13.0,2177.1
2019-06-28 19:00:00,29.03,29.2,1.76,2086.7
2019-06-28 20:00:00,25.19,55.2,2.62,2148.7
2019-06-28 21:00:00,26.16,36.6,4.05,2364.6
2019-06-28 22:00:00,24.39,63.0,1.86,2423.4
2019-06-28 23:00:00,23.3,49.0,5.62,2581.1
2019-06-29 00:00:00,24.6,44.0,1.36,2405.5
2019-06-29 01:00:00,23.96,74.4,4.81,2350.5
2019-06-29 02:00:00,22.45,53.9,4.56,2315.3
2019-06-29 03:00:00,23.79,51.3,6.26,2268.5
2019-06-29 04:00:00,20.83,61.3,12.25,2078.2
2019-06-29 05:00:00,25.11,58.4,2.67,2026.4
2019-06-29 06:00:00,23.52,62.3,15.49,1875.9
2019-06-29 07:00:00,23.66,42.4,9.82,1786.8
2019-06-29 08:00:00,23.84,57.2,6.21,1803.9
2019-06-29 09:00:00,26.26,48.6,1.4,1872.9
2019-06-29 10:00:00,32.58,38.6,5.52,2092.1
2019-06-29 11:00:00,28.71,49.4,1.68,2137.5
2019-06-29 12:00:00,26.83,36.0,7.52,2119.0
2019-06-29 13:00:00,32.63,53.3,3.31,2222.6
2019-06-29 14:00:00,29.55,46.0,11.29,2217.1
2019-06-29 15:00:00,31.58,42.9,11.6,2214.9
2019-06-29 16:00:00,29.22,47.5,7.98,2131.2
2019-06-29 17:00:00,33.53,43.8,1.94,2088.5
2019-06-29 18:00:00,28.22,58.6,3.73,1874.5
2019-06-29 19:00:00,32.36,37.3,11.64,1968.9
2019-06-29 20:00:00,25.28,48.7,22.26,1916.8
2019-06-29 21:00:00,26.13,49.4,3.11,2107.6
2019-06-29 22:00:00,29.33,40.0,5.56,2322.3
2019-06-29 23:00:00,25.29,53.0,3.18,2475.1
2019-06-30 00:00:00,29.68,42.5,2.05,2674.1
2019-06-30 01:00:00,22.7,42.6,2.47,2593.2
2019-06-30 02:00:00,23.61,57.3,4.69,2478.7
2019-06-30 03:00:00,27.6,62.3,0.95,2408.9
2019-06-30 04:00:00,19.19,57.0,10.14,2138.8
2019-06-30 05:00:00,19.28,55.8,3.96,2054.7
2019-06-30 06:00:00,22.02,53.4,5.88,1942.1
2019-06-30 07:00:00,26.87,46.4,5.74,1952.4
2019-06-30 08:00:00,21.77,63.9,4.03,1953.3
2019-06-30 09:00:00,28.33,50.1,3.03,2084.8
2019-06-30 10:00:00,29.19,31.2,2.74,2122.8
2019-06-30 11:00:00,33.87,54.5,9.73,2220.8
2019-06-30 12:00:00,32.28,53.8,1.41,2214.5
2019-06-30 13:00:00,31.21,51.8,7.94,2167.4
2019-06-30 14:00:00,34.1,22.7,8.27,2249.7
2019-06-30 15:00:00,32.18,46.2,2.69,2223.7
2019-06-30 16:00:00,29.55,55.5,3.43,2080.2
2019-06-30 17:00:00,27.44,53.1,6.12,2053.9
2019-06-30 18:00:00,28.24,51.1,5.77,1916.7
2019-06-30 19:00:00,28.73,56.2,9.69,1912.8
2019-06-30 20:00:00,28.31,50.5,8.44,1964.6
2019-06-30 21:00:00,21.5,64.4,2.46,1982.1
2019-06-30 22:00:00,25.25,53.1,11.34,2190.9
2019-06-30 23:00:00,24.91,52.7,3.32,2431.5
2019-07-01 00:00:00,25.34,58.9,1.36,2841.8
2019-07-01 01:00:00,27.4,46.9,1.01,2924.6
2019-07-01 02:00:00,23.4,44.5,7.74,2735.3
2019-07-01 03:00:00,20.52,55.6,18.77,2584.7
2019-07-01 04:00:00,18.39,62.0,2.31,2432.2
2019-07-01 05:00:00,25.05,59.4,0.86,2335.7
2019-07-01 06:00:00,21.8,62.0,7.21,2133.4
2019-07-01 07:00:00,26.96,49.9,1.85,2174.8
2019-07-01 08:00:00,29.26,47.2,8.97,2245.6
2019-07-01 09:00:00,22.94,48.9,4.06,2241.9
2019-07-01 10:00:00,29.22,50.6,2.47,2386.3
2019-07-01 11:00:00,32.03,33.2,4.2,2457.4
2019-07-01 12:00:00,32.17,46.4,13.13,2482.0
2019-07-01 13:00:00,25.02,74.8,0.79,2411.7
2019-07-01 14:00:00,28.53,37.1,9.24,2525.4
2019-07-01 15:00:00,27.6,51.2,9.87,2453.8
2019-07-01 16:00:00,31.97,49.4,3.34,2470.9
2019-07-01 17:00:00,31.3,51.0,7.52,2271.9
2019-07-01 18:00:00,22.88,46.0,6.1,1969.2
2019-07-01 19:00:00,28.05,53.7,9.8,2047.7
2019-07-01 20:00:00,29.83,43.9,4.23,2156.7
2019-07-01 21:00:00,27.17,38.8,1.28,2271.6
2019-07-01 22:00:00,26.13,58.7,11.81,2352.9
2019-07-01 23:00:00,23.89,58.2,2.6,2572.9
2019-07-02 00:00:00,21.28,47.2,3.29,2657.4
2019-07-02 01:00:00,23.25,49.0,3.89,2677.6
2019-07-02 02:00:00,23.02,48.9,10.79,2637.0
2019-07-02 03:00:00,24.3,39.4,16.83,2511.5
2019-07-02 04:00:00,24.64,58.4,3.59,2412.9
2019-07-02 05:00:00,23.51,59.6,3.71,2268.9
2019-07-02 06:00:00,26.67,48.0,5.92,2270.6
2019-07-02 07:00:00,23.82,52.7,2.0,2163.8
2019-07-02 08:00:00,22.11,55.2,7.26,2206.8
2019-07-02 09:00:00,27.95,51.6,7.31,2238.1
2019-07-02 10:00:00,28.11,38.7,6.04,2306.9
2019-07-02 11:00:00,30.0,51.9,1.4,2358.6
2019-07-02 12:00:00,26.43,41.5,16.41,2367.8
2019-07-02 13:00:00,34.7,49.7,7.73,2583.1
2019-07-02 14:00:00,32.4,37.6,14.9,2582.5
2019-07-02 15:00:00,30.04,37.6,1.62,2507.3
2019-07-02 16:00:00,28.28,49.1,2.27,2365.2
2019-07-02 17:00:00,32.92,45.3,2.76,2340.3
2019-07-02 18:00:00,26.83,51.4,16.96,2147.1
2019-07-02 19:00:00,34.41,37.3,5.72,2235.5
2019-07-02 20:00:00,26.26,52.6,4.81,2172.8
2019-07-02 21:00:00,31.06,49.5,0.4,2368.4
2019-07-02 22:00:00,25.26,61.1,3.68,2484.6
2019-07-02 23:00:00,28.71,50.5,4.25,2687.7
2019-07-03 00:00:00,22.05,49.6,6.23,2737.2
2019-07-03 01:00:00,23.3,42.6,17.14,2761.5
2019-07-03 02:00:00,24.86,39.9,12.9,2750.8
2019-07-03 03:00:00,24.37,55.1,4.05,2662.7
2019-07-03 04:00:00,25.6,57.9,2.19,2495.3
2019-07-03 05:00:00,22.03,47.3,3.99,2360.4
2019-07-03 06:00:00,24.1,54.8,5.32,2253.7
2019-07-03 07:00:00,27.84,48.3,7.52,2268.3
2019-07-03 08:00:00,23.92,58.6,0.14,2207.8
2019-07-03 09:00:00,28.15,56.4,4.04,2275.5
2019-07-03 10:00:00,27.2,32.1,4.29,2381.7
2019-07-03 11:00:00,29.23,56.9,3.95,2480.7
2019-07-03 12:00:00,29.76,50.2,17.06,2521.3
2019-07-03 13:00:00,28.21,45.2,4.49,2495.1
2019-07-03 14:00:00,29.93,44.0,4.99,2607.1
2019-07-03 15:00:00,31.08,47.4,15.73,2575.1
2019-07-03 16:00:00,30.32,43.7,12.77,2466.7
2019-07-03 17:00:00,34.11,37.2,11.54,2478.9
2019-07-03 18:00:00,32.07,40.7,6.03,2395.4
2019-07-03 19:00:00,29.44,40.1,3.48,2264.6
2019-07-03 20:00:00,25.84,62.1,2.13,2255.3
2019-07-03 21:00:00,24.66,52.7,9.86,2371.8
2019-07-03 22:00:00,30.61,65.5,14.82,2628.6
2019-07-03 23:00:00,22.19,57.2,7.53,2647.3
2019-07-04 00:00:00,24.13,57.4,1.82,2754.5
2019-07-04 01:00:00,24.11,44.2,5.69,2817.9
2019-07-04 02:00:00,22.03,52.6,11.3,2722.3
2019-07-04 03:00:00,20.16,56.5,2.33,2566.9
2019-07-04 04:00:00,20.84,50.2,2.44,2355.3
2019-07-04 05:00:00,21.84,50.8,7.14,2242.7
2019-07-04 06:00:00,22.07,57.7,7.61,2151.6
2019-07-04 07:00:00,27.99,53.1,6.91,2158.9
2019-07-04 08:00:00,25.61,40.8,12.27,2126.5
2019-07-04 09:00:00,25.36,54.0,4.92,2210.4
2019-07-04 10:00:00,27.97,54.0,3.26,2249.8
2019-07-04 11:00:00,30.34,43.0,9.33,2370.7
2019-07-04 12:00:00,28.64,43.6,19.49,2438.6
2019-07-04 13:00:00,32.39,49.6,3.44,2562.9
2019-07-04 14:00:00,27.35,29.5,8.45,2501.7
2019-07-04 15:00:00,33.6,45.1,13.34,2500.4
2019-07-04 16:00:00,30.51,60.7,6.39,2315.9
2019-07-04 17:00:00,30.01,27.2,1.89,2257.1
2019-07-04 18:00:00,27.76,56.4,6.52,2150.2
2019-07-04 19:00:00,25.6,55.9,7.32,2070.2
2019-07-04 20:00:00,23.54,41.7,4.15,2100.4
2019-07-04 21:00:00,24.76,56.4,4.05,2267.9
2019-07-04 22:00:00,27.1,58.3,1.46,2461.5
2019-07-04 23:00:00,22.27,44.8,2.82,2548.4
2019-07-05 00:00:00,19.92,50.4,3.14,2619.5
2019-07-05 01:00:00,20.88,55.5,2.44,2716.7
2019-07-05 02:00:00,21.79,62.4,4.71,2646.8
2019-07-05 03:00:00,21.76,50.3,10.32,2560.4
2019-07-05 04:00:00,22.43,53.7,3.03,2327.2
2019-07-05 05:00:00,25.74,46.1,14.06,2224.3
2019-07-05 06:00:00,26.91,50.7,7.03,2100.9
2019-07-05 07:00:00,29.63,56.7,23.87,2197.5
2019-07-05 08:00:00,21.52,55.6,8.52,2213.8
2019-07-05 09:00:00,24.48,49.6,1.18,2327.6
2019-07-05 10:00:00,29.4,48.2,12.41,2411.8
2019-07-05 11:00:00,27.48,43.6,0.71,2388.2
2019-07-05 12:00:00,31.6,38.8,0.97,2518.7
2019-07-05 13:00:00,30.6,57.1,10.31,2540.9
2019-07-05 14:00:00,34.43,57.6,17.94,2646.0
2019-07-05 15:00:00,33.23,31.1,17.99,2597.6
2019-07-05 16:00:00,33.14,50.1,6.54,2512.1
2019-07-05 17:00:00,29.05,55.6,4.0,2314.4
2019-07-05 18:00:00,29.2,38.9,4.84,2191.5
2019-07-05 19:00:00,27.86,45.9,4.91,2157.9
2019-07-05 20:00:00,23.89,48.3,5.58,2041.1
2019-07-05 21:00:00,30.3,63.0,2.7,2288.8
2019-07-05 22:00:00,27.45,63.3,5.39,2432.5
2019-07-05 23:00:00,23.76,45.6,3.46,2552.6
2019-07-06 00:00:00,27.0,38.7,2.44,2510.9
2019-07-06 01:00:00,21.53,61.0,14.39,2512.8
2019-07-06 02:00:00,18.11,61.9,7.58,2441.0
2019-07-06 03:00:00,25.08,61.9,7.5,2414.0
2019-07-06 04:00:00,19.51,47.9,5.69,2158.8
2019-07-06 05:00:00,22.61,59.7,2.7,1982.0
2019-07-06 06:00:00,24.25,46.7,5.29,1882.0
2019-07-06 07:00:00,25.53,56.6,17.54,1911.7
2019-07-06 08:00:00,27.65,49.6,7.59,1975.3
2019-07-06 09:00:00,28.02,64.8,4.69,1952.0
2019-07-06 10:00:00,28.98,52.4,6.85,2030.6
2019-07-06 11:00:00,26.59,48.2,3.95,2040.4
2019-07-06 12:00:00,30.13,49.0,3.79,2240.5
2019-07-06 13:00:00,26.27,50.2,10.7,2175.4
2019-07-06 14:00:00,34.33,35.3,5.71,2340.8
2019-07-06 15:00:00,27.06,65.8,7.84,2100.7
2019-07-06 16:00:00,29.56,61.1,5.47,2086.8
2019-07-06 17:00:00,26.73,49.2,9.05,2020.3
2019-07-06 18:00:00,27.57,55.5,3.74,1908.7
2019-07-06 19:00:00,28.6,65.5,4.27,1928.6
2019-07-06 20:00:00,26.28,60.9,16.46,1918.7
2019-07-06 21:00:00,29.43,46.0,0.96,2096.0
2019-07-06 22:00:00,26.1,50.4,8.88,2238.6
2019-07-06 23:00:00,23.41,39.5,6.12,2323.7
2019-07-07 00:00:00,23.35,59.5,4.45,2416.0
2019-07-07 01:00:00,26.09,61.1,2.78,2451.4
2019-07-07 02:00:00,24.92,62.1,11.98,2437.9
2019-07-07 03:00:00,19.66,61.9,17.83,2298.9
2019-07-07 04:00:00,20.94,58.1,4.23,2157.6
2019-07-07 05:00:00,24.23,44.6,8.28,2058.2
2019-07-07 06:00:00,24.56,54.9,8.06,1984.1
2019-07-07 07:00:00,21.88,49.4,8.49,1843.5
2019-07-07 08:00:00,27.35,54.3,1.77,1908.5
2019-07-07 09:00:00,24.28,46.5,11.17,1908.7
2019-07-07 10:00:00,30.8,51.5,1.26,2097.7
2019-07-07 11:00:00,29.83,58.7,7.98,2108.8
2019-07-07 12:00:00,26.51,53.8,12.88,2060.5
2019-07-07 13:00:00,28.65,51.7,3.56,2109.2
2019-07-07 14:00:00,29.01,56.1,6.01,2110.6
2019-07-07 15:00:00,30.91,61.4,9.2,2117.4
2019-07-07 16:00:00,29.86,47.3,4.39,2056.6
2019-07-07 17:00:00,27.11,54.5,2.55,1914.5
2019-07-07 18:00:00,25.85,63.4,8.44,1866.9
2019-07-07 19:00:00,29.88,53.4,2.11,1928.8
2019-07-07 20:00:00,28.26,33.4,0.77,1927.8
2019-07-07 21:00:00,26.77,44.9,5.79,2046.3
2019-07-07 22:00:00,26.15,57.1,4.4,2208.4
2019-07-07 23:00:00,22.96,50.4,8.53,2318.9
2019-07-08 00:00:00,24.08,64.3,6.13,2708.0
2019-07-08 01:00:00,29.33,63.4,19.76,2838.8
2019-07-08 02:00:00,25.52,46.9,12.28,2737.8
2019-07-08 03:00:00,21.73,46.4,6.64,2629.8
2019-07-08 04:00:00,21.28,52.1,11.3,2487.6
2019-07-08 05:00:00,15.83,56.0,13.57,2273.0
2019-07-08 06:00:00,26.29,63.3,13.57,2153.2
2019-07-08 07:00:00,26.42,42.6,2.31,2174.4
2019-07-08 08:00:00,24.05,58.7,2.78,2148.8
2019-07-08 09:00:00,22.87,64.8,15.22,2156.9
2019-07-08 10:00:00,24.6,58.9,5.93,2312.6
2019-07-08 11:00:00,29.56,51.8,6.22,2448.2
2019-07-08 12:00:00,29.05,47.5,7.75,2486.7
2019-07-08 13:00:00,31.64,61.5,4.95,2545.6
2019-07-08 14:00:00,30.53,45.6,16.23,2447.6
2019-07-08 15:00:00,32.87,53.3,7.06,2434.7
2019-07-08 16:00:00,31.24,45.7,10.52,2314.0
2019-07-08 17:00:00,31.98,31.7,4.11,2180.7
2019-07-08 18:00:00,24.05,50.6,4.62,1980.5
2019-07-08 19:00:00,25.36,50.5,2.7,1992.0
2019-07-08 20:00:00,26.57,49.6,9.62,2105.4
2019-07-08 21:00:00,29.15,43.4,5.21,2253.2
2019-07-08 22:00:00,30.11,52.9,9.63,2385.8
2019-07-08 23:00:00,24.04,58.7,8.98,2470.0
2019-07-09 00:00:00,22.03,51.9,2.48,2540.2
2019-07-09 01:00:00,18.03,55.1,4.76,2589.4
2019-07-09 02:00:00,24.68,43.9,2.23,2598.6
2019-07-09 03:00:00,21.01,57.2,2.52,2412.3
2019-07-09 04:00:00,29.92,59.1,2.05,2366.7
2019-07-09 05:00:00,21.07,66.2,2.9,2027.9
2019-07-09 06:00:00,28.82,44.2,3.37,2036.9
2019-07-09 07:00:00,26.26,66.9,22.69,2048.0
2019-07-09 08:00:00,22.78,50.9,4.37,2056.1
2019-07-09 09:00:00,26.97,42.3,10.03,2144.9
2019-07-09 10:00:00,29.35,37.6,8.16,2222.5
2019-07-09 11:00:00,27.82,41.1,7.02,2278.7
2019-07-09 12:00:00,31.31,49.6,10.91,2438.4
2019-07-09 13:00:00,31.89,44.4,6.65,2467.0
2019-07-09 14:00:00,31.74,41.6,2.71,2474.4
2019-07-09 15:00:00,30.34,40.9,7.6,2344.6
2019-07-09 16:00:00,27.31,41.5,8.96,2265.3
2019-07-09 17:00:00,29.66,41.2,2.18,2186.8
2019-07-09 18:00:00,29.65,56.4,6.58,2139.6
2019-07-09 19:00:00,23.7,67.5,10.55,2029.1
2019-07-09 20:00:00,27.84,64.6,5.55,2160.0
2019-07-09 21:00:00,26.14,56.6,18.25,2248.6
2019-07-09 22:00:00,22.11,50.4,3.5,2445.8
2019-07-09 23:00:00,23.55,47.8,4.47,2605.0
2019-07-10 00:00:00,22.71,59.9,7.84,2781.5
2019-07-10 01:00:00,27.68,47.9,3.72,2877.8
2019-07-10 02:00:00,23.0,56.9,3.65,2728.1
2019-07-10 03:00:00,24.91,67.5,12.84,2584.0
2019-07-10 04:00:00,22.16,56.0,4.53,2375.6
2019-07-10 05:00:00,18.17,75.7,10.62,2217.3
2019-07-10 06:00:00,25.17,42.8,2.42,2221.8
2019-07-10 07:00:00,22.67,57.4,4.44,2096.6
2019-07-10 08:00:00,24.44,55.0,4.29,2127.6
2019-07-10 09:00:00,23.69,45.2,4.54,2133.7
2019-07-10 10:00:00,27.54,56.4,2.44,2243.0
2019-07-10 11:00:00,30.98,59.5,4.06,2385.6
2019-07-10 12:00:00,31.48,64.4,5.5,2521.6
2019-07-10 13:00:00,33.75,48.3,1.07,2624.2
2019-07-10 14:00:00,34.5,29.2,3.57,2603.0
2019-07-10 15:00:00,25.2,55.7,7.78,2379.2
2019-07-10 16:00:00,27.2,56.2,3.11,2382.6
2019-07-10 17:00:00,25.26,49.9,6.42,2223.4
2019-07-10 18:00:00,30.73,49.1,2.93,2235.9
2019-07-10 19:00:00,26.59,46.9,5.16,2137.5
2019-07-10 20:00:00,26.13,50.0,0.76,2160.2
2019-07-10 21:00:00,25.78,59.5,7.63,2241.2
2019-07-10 22:00:00,26.24,62.1,3.65,2440.5
2019-07-10 23:00:00,20.61,45.4,9.8,2660.3
2019-07-11 00:00:00,20.27,51.7,4.75,2750.4
2019-07-11 01:00:00,22.79,41.1,3.91,2753.5
2019-07-11 02:00:00,25.38,66.4,3.25,2738.0
2019-07-11 03:00:00,22.18,61.2,3.62,2639.5
2019-07-11 04:00:00,20.41,39.7,3.51,2409.9
2019-07-11 05:00:00,17.41,57.6,2.88,2199.3
2019-07-11 06:00:00,25.8,49.1,3.09,2178.2
2019-07-11 07:00:00,22.41,48.0,17.46,2130.3
2019-07-11 08:00:00,22.34,62.4,4.86,2103.3
2019-07-11 09:00:00,21.96,62.5,1.09,2143.2
2019-07-11 10:00:00,23.69,55.2,1.09,2182.9
2019-07-11 11:00:00,25.85,46.2,17.76,2275.7
2019-07-11 12:00:00,28.48,44.2,4.71,2377.2
2019-07-11 13:00:00,26.69,51.0,2.03,2432.3
2019-07-11 14:00:00,30.58,43.9,10.58,2561.0
2019-07-11 15:00:00,29.63,48.2,3.16,2497.5
2019-07-11 16:00:00,35.67,47.9,5.35,2603.9
2019-07-11 17:00:00,25.45,39.4,5.99,2330.3
2019-07-11 18:00:00,29.48,42.4,2.17,2241.8
2019-07-11 19:00:00,28.68,48.8,3.22,2228.6
2019-07-11 20:00:00,24.71,64.8,8.48,2226.2
2019-07-11 21:00:00,26.49,57.6,12.95,2440.1
2019-07-11 22:00:00,27.14,50.3,9.09,2615.3
2019-07-11 23:00:00,24.49,55.6,6.71,2801.2
2019-07-12 00:00:00,26.81,49.7,3.89,2858.8
2019-07-12 01:00:00,17.27,66.8,7.33,2791.0
2019-07-12 02:00:00,20.21,59.3,8.28,2627.0
2019-07-12 03:00:00,25.86,61.5,12.71,2515.9
2019-07-12 04:00:00,24.59,41.5,5.17,2334.4
2019-07-12 05:00:00,24.06,46.3,21.69,2178.4
2019-07-12 06:00:00,26.43,53.1,10.04,2158.2
2019-07-12 07:00:00,19.38,60.4,4.78,2168.7
2019-07-12 08:00:00,27.13,69.5,11.34,2227.7
2019-07-12 09:00:00,28.84,34.5,4.02,2353.7
2019-07-12 10:00:00,25.56,51.3,3.18,2379.7
2019-07-12 11:00:00,34.75,43.6,1.12,2623.3
2019-07-12 12:00:00,29.49,50.3,17.23,2590.4
2019-07-12 13:00:00,24.16,66.5,3.91,2507.8
2019-07-12 14:00:00,30.99,54.2,8.21,2658.9
2019-07-12 15:00:00,28.37,36.5,10.14,2496.3
2019-07-12 16:00:00,32.95,57.9,4.03,2509.1
2019-07-12 17:00:00,31.01,59.2,4.34,2349.3
2019-07-12 18:00:00,27.51,52.1,1.09,2289.9
2019-07-12 19:00:00,31.93,33.5,2.28,2275.3
2019-07-12 20:00:00,29.56,47.1,1.47,2280.8
2019-07-12 21:00:00,24.1,56.5,20.11,2355.5
2019-07-12 22:00:00,24.76,60.2,4.58,2503.0
2019-07-12 23:00:00,25.47,37.5,3.09,2681.9
2019-07-13 00:00:00,22.36,48.0,3.77,2485.0
2019-07-13 01:00:00,21.8,63.3,5.3,2486.7
2019-07-13 02:00:00,22.33,66.2,2.72,2479.5
2019-07-13 03:00:00,19.43,59.9,8.04,2242.0
2019-07-13 04:00:00,16.65,67.9,10.14,2080.3
2019-07-13 05:00:00,23.23,57.1,4.65,1856.0
2019-07-13 06:00:00,18.3,65.1,3.32,1800.7
2019-07-13 07:00:00,21.62,55.9,3.98,1759.9
2019-07-13 08:00:00,20.63,59.3,2.36,1721.1
2019-07-13 09:00:00,21.98,44.6,4.38,1788.6
2019-07-13 10:00:00,28.2,55.2,8.61,1911.9
2019-07-13 11:00:00,27.54,39.9,14.82,2030.9
2019-07-13 12:00:00,28.28,55.1,6.7,2157.3
2019-07-13 13:00:00,26.27,47.5,8.48,2120.4
2019-07-13 14:00:00,28.32,52.3,4.72,2194.2
2019-07-13 15:00:00,31.04,39.5,10.87,2190.4
2019-07-13 16:00:00,29.83,44.1,2.84,2086.8
2019-07-13 17:00:00,31.62,49.6,1.79,2111.3
2019-07-13 18:00:00,31.34,53.0,4.54,1997.6
2019-07-13 19:00:00,27.47,58.8,7.25,1944.1
2019-07-13 20:00:00,22.5,44.8,1.68,1977.9
2019-07-13 21:00:00,24.21,40.6,16.57,2090.3
2019-07-13 22:00:00,24.82,44.3,2.42,2273.8
2019-07-13 23:00:00,22.16,45.8,3.68,2389.3
2019-07-14 00:00:00,20.55,68.1,7.27,2501.8
2019-07-14 01:00:00,22.73,64.5,6.54,2552.2
2019-07-14 02:00:00,28.23,41.4,11.11,2544.6
2019-07-14 03:00:00,20.8,69.0,8.78,2317.3
2019-07-14 04:00:00,22.15,64.5,2.48,2106.6
2019-07-14 05:00:00,19.27,43.5,3.8,1915.4
2019-07-14 06:00:00,26.3,42.7,7.74,1861.1
2019-07-14 07:00:00,26.2,37.8,4.7,1839.3
2019-07-14 08:00:00,27.0,49.7,2.43,1930.6
2019-07-14 09:00:00,29.42,48.6,0.76,2019.0
2019-07-14 10:00:00,25.98,51.3,12.88,2043.5
2019-07-14 11:00:00,27.26,34.0,3.64,2093.0
2019-07-14 12:00:00,33.12,34.1,7.67,2303.6
2019-07-14 13:00:00,31.06,49.2,2.59,2281.4
2019-07-14 14:00:00,24.33,57.5,6.74,2162.5
2019-07-14 15:00:00,31.15,30.9,0.94,2248.8
2019-07-14 16:00:00,28.43,39.0,2.55,2098.5
2019-07-14 17:00:00,31.73,54.8,4.11,2022.2
2019-07-14 18:00:00,29.87,38.3,2.84,1924.5
2019-07-14 19:00:00,23.67,52.9,3.21,1827.7
2019-07-14 20:00:00,27.72,39.3,9.02,1878.0
2019-07-14 21:00:00,26.54,57.4,3.62,2000.3
2019-07-14 22:00:00,25.89,35.2,2.16,2182.1
2019-07-14 23:00:00,25.46,49.2,3.67,2341.8
2019-07-15 00:00:00,26.85,58.0,0.72,2725.1
2019-07-15 01:00:00,23.5,58.1,4.24,2751.5
2019-07-15 02:00:00,22.13,50.6,3.98,2748.9
2019-07-15 03:00:00,24.8,46.6,4.22,2668.2
2019-07-15 04:00:00,27.68,48.0,1.52,2541.6
2019-07-15 05:00:00,24.76,41.9,6.04,2371.2
2019-07-15 06:00:00,23.62,52.3,4.49,2255.9
2019-07-15 07:00:00,25.02,51.3,12.62,2193.5
2019-07-15 08:00:00,25.54,48.2,9.53,2224.0
2019-07-15 09:00:00,25.98,59.2,2.62,2219.0
2019-07-15 10:00:00,32.38,37.5,2.54,2375.0
2019-07-15 11:00:00,26.06,37.5,9.74,2366.0
2019-07-15 12:00:00,31.65,42.5,2.23,2516.8
2019-07-15 13:00:00,29.08,49.7,2.38,2469.9
2019-07-15 14:00:00,26.1,50.3,6.39,2403.3
2019-07-15 15:00:00,29.46,47.2,3.19,2384.0
2019-07-15 16:00:00,28.43,40.2,6.43,2313.3
2019-07-15 17:00:00,30.84,39.5,1.02,2251.1
2019-07-15 18:00:00,28.99,44.9,3.65,2126.6
2019-07-15 19:00:00,25.38,47.2,10.42,2054.2
2019-07-15 20:00:00,30.65,56.3,2.48,2209.3
2019-07-15 21:00:00,28.66,51.2,3.3,2251.6
2019-07-15 22:00:00,28.86,44.6,4.16,2396.8
2019-07-15 23:00:00,24.53,61.1,3.44,2515.9
2019-07-16 00:00:00,22.93,57.2,1.02,2657.1
2019-07-16 01:00:00,24.14,41.8,9.86,2678.1
2019-07-16 02:00:00,20.54,29.6,4.42,2570.6
2019-07-16 03:00:00,22.17,43.7,6.78,2440.3
2019-07-16 04:00:00,21.54,59.5,10.89,2279.4
2019-07-16 05:00:00,18.73,64.1,3.28,2133.5
2019-07-16 06:00:00,23.34,40.0,6.12,2071.8
2019-07-16 07:00:00,22.74,59.1,0.2,2002.3
2019-07-16 08:00:00,24.21,57.6,0.45,2111.7
2019-07-16 09:00:00,26.76,61.8,4.87,2193.5
2019-07-16 10:00:00,30.06,55.6,1.32,2392.2
2019-07-16 11:00:00,25.73,62.2,6.89,2290.1
2019-07-16 12:00:00,27.83,53.6,7.84,2323.0
2019-07-16 13:00:00,27.4,53.7,2.8,2366.5
2019-07-16 14:00:00,27.64,47.2,7.45,2430.7
2019-07-16 15:00:00,28.36,55.9,3.89,2422.8
2019-07-16 16:00:00,29.22,38.0,12.11,2360.9
2019-07-16 17:00:00,30.78,46.3,1.64,2306.0
2019-07-16 18:00:00,29.48,52.7,4.39,2192.4
2019-07-16 19:00:00,25.21,63.1,5.84,2161.5
2019-07-16 20:00:00,30.12,44.1,8.66,2258.0
2019-07-16 21:00:00,28.21,57.2,8.19,2391.9
2019-07-16 22:00:00,22.56,52.4,3.52,2445.3
2019-07-16 23:00:00,26.91,58.4,4.0,2664.8
2019-07-17 00:00:00,23.75,46.6,2.41,2696.9
2019-07-17 01:00:00,21.9,60.3,11.23,2743.4
2019-07-17 02:00:00,22.79,53.0,14.54,2720.0
2019-07-17 03:00:00,21.69,45.2,0.85,2548.9
2019-07-17 04:00:00,23.26,52.2,9.62,2400.0
2019-07-17 05:00:00,22.76,64.4,7.85,2239.6
2019-07-17 06:00:00,22.09,46.2,0.37,2154.3
2019-07-17 07:00:00,18.69,45.2,9.09,2160.1
2019-07-17 08:00:00,26.04,54.4,12.53,2171.1
2019-07-17 09:00:00,24.82,38.7,8.48,2161.0
2019-07-17 10:00:00,28.74,61.5,2.26,2275.6
2019-07-17 11:00:00,28.96,61.1,16.24,2337.2
2019-07-17 12:00:00,27.72,58.1,10.03,2390.0
2019-07-17 13:00:00,31.78,46.5,2.38,2512.4
2019-07-17 14:00:00,30.13,61.2,7.05,2482.0
2019-07-17 15:00:00,30.17,58.6,6.75,2448.9
2019-07-17 16:00:00,29.28,44.3,1.59,2368.3
2019-07-17 17:00:00,33.43,56.8,5.39,2324.6
2019-07-17 18:00:00,26.8,43.3,6.49,2029.5
2019-07-17 19:00:00,26.95,48.9,3.38,1976.7
2019-07-17 20:00:00,23.7,38.7,13.48,2036.5
2019-07-17 21:00:00,27.57,51.1,4.19,2127.9
2019-07-17 22:00:00,23.27,51.0,7.47,2312.5
2019-07-17 23:00:00,22.58,50.3,5.19,2475.5
2019-07-18 00:00:00,21.54,53.4,2.78,2643.0
2019-07-18 01:00:00,22.36,49.5,6.15,2638.8
2019-07-18 02:00:00,18.67,57.4,4.75,2474.6
2019-07-18 03:00:00,16.06,69.4,16.06,2317.9
2019-07-18 04:00:00,22.94,45.1,9.71,2173.3
2019-07-18 05:00:00,16.92,65.4,1.19,2054.5
2019-07-18 06:00:00,24.97,53.7,2.68,1954.0
2019-07-18 07:00:00,27.56,52.9,2.34,2004.4
2019-07-18 08:00:00,24.22,52.4,0.36,1995.6
2019-07-18 09:00:00,28.91,43.1,7.97,2120.0
2019-07-18 10:00:00,26.64,54.2,6.91,2173.0
2019-07-18 11:00:00,31.66,50.8,1.94,2355.4
2019-07-18 12:00:00,27.35,43.7,2.01,2366.8
2019-07-18 13:00:00,23.22,42.7,0.67,2360.9
2019-07-18 14:00:00,29.33,49.2,2.51,2473.1
2019-07-18 15:00:00,33.93,50.9,6.68,2614.7
2019-07-18 16:00:00,30.87,55.3,17.33,2387.0
2019-07-18 17:00:00,27.84,59.4,1.24,2182.2
2019-07-18 18:00:00,29.32,51.5,6.24,2175.6
2019-07-18 19:00:00,30.09,45.8,18.99,2097.5
2019-07-18 20:00:00,26.49,50.8,4.43,2122.5
2019-07-18 21:00:00,32.23,36.3,4.35,2372.8
2019-07-18 22:00:00,23.34,47.9,5.1,2347.5
2019-07-18 23:00:00,26.17,50.6,4.63,2614.2
2019-07-19 00:00:00,24.64,50.2,8.27,2762.6
2019-07-19 01:00:00,20.35,56.5,23.0,2756.4
2019-07-19 02:00:00,20.64,44.5,2.77,2672.7
2019-07-19 03:00:00,24.11,43.5,1.48,2593.7
2019-07-19 04:00:00,22.07,60.6,2.06,2319.9
2019-07-19 05:00:00,22.95,47.0,8.72,2205.0
2019-07-19 06:00:00,18.65,51.7,5.78,2041.6
2019-07-19 07:00:00,25.21,52.6,9.78,2077.0
2019-07-19 08:00:00,25.25,44.3,0.85,2097.9
2019-07-19 09:00:00,25.41,60.5,4.21,2158.6
2019-07-19 10:00:00,27.51,39.9,8.07,2332.2
2019-07-19 11:00:00,26.55,50.8,0.82,2316.7
2019-07-19 12:00:00,26.92,44.5,6.2,2415.2
2019-07-19 13:00:00,28.43,50.5,4.34,2477.0
2019-07-19 14:00:00,28.27,45.4,14.58,2484.4
2019-07-19 15:00:00,35.02,43.8,1.35,2620.2
2019-07-19 16:00:00,31.71,56.4,10.37,2498.6
2019-07-19 17:00:00,26.61,45.2,3.47,2318.5
2019-07-19 18:00:00,33.49,39.6,0.79,2315.7
2019-07-19 19:00:00,26.49,48.3,2.91,2163.0
2019-07-19 20:00:00,26.68,62.5,9.5,2231.1
2019-07-19 21:00:00,27.81,49.0,8.92,2384.2
2019-07-19 22:00:00,19.61,66.2,7.44,2495.9
2019-07-19 23:00:00,22.98,52.2,2.07,2671.1
2019-07-20 00:00:00,21.21,64.6,14.84,2475.6
2019-07-20 01:00:00,22.52,57.2,5.06,2485.1
2019-07-20 02:00:00,22.53,58.4,4.2,2390.6
2019-07-20 03:00:00,21.28,43.5,5.03,2241.5
2019-07-20 04:00:00,21.3,42.3,1.52,2052.9
2019-07-20 05:00:00,24.67,60.8,0.85,2006.4
2019-07-20 06:00:00,23.39,61.7,4.42,1905.5
2019-07-20 07:00:00,23.57,72.5,0.6,1865.8
2019-07-20 08:00:00,24.8,40.3,9.21,1909.7
2019-07-20 09:00:00,30.06,51.8,13.0,2066.2
2019-07-20 10:00:00,26.94,42.3,22.05,2158.4
2019-07-20 11:00:00,26.18,45.1,2.68,2214.6
2019-07-20 12:00:00,23.52,49.2,8.94,2201.6
2019-07-20 13:00:00,25.35,54.8,8.6,2210.7
2019-07-20 14:00:00,28.16,44.2,4.52,2267.6
2019-07-20 15:00:00,29.2,48.9,7.12,2327.0
2019-07-20 16:00:00,27.94,56.3,11.72,2203.7
2019-07-20 17:00:00,29.81,57.2,3.71,2087.2
2019-07-20 18:00:00,26.88,56.0,7.63,1979.0
2019-07-20 19:00:00,25.18,55.5,6.97,1908.4
2019-07-20 20:00:00,28.04,48.4,5.98,1922.1
2019-07-20 21:00:00,28.89,44.3,2.38,2072.0
2019-07-20 22:00:00,21.67,59.0,1.95,2196.9
2019-07-20 23:00:00,24.08,44.3,3.74,2304.5
2019-07-21 00:00:00,17.78,58.7,9.29,2440.9
2019-07-21 01:00:00,18.22,48.8,6.01,2418.3
2019-07-21 02:00:00,20.03,55.6,7.51,2343.8
2019-07-21 03:00:00,24.2,44.2,7.1,2207.1
2019-07-21 04:00:00,19.56,53.2,20.98,2065.0
2019-07-21 05:00:00,19.86,50.7,8.63,1955.8
2019-07-21 06:00:00,22.63,47.5,2.38,1806.6
2019-07-21 07:00:00,23.46,52.5,4.44,1709.9
2019-07-21 08:00:00,22.37,34.7,9.89,1678.1
2019-07-21 09:00:00,30.33,33.3,0.71,1898.9
2019-07-21 10:00:00,25.74,57.8,4.89,1814.2
2019-07-21 11:00:00,27.65,51.1,3.58,1919.3
2019-07-21 12:00:00,27.19,44.5,2.1,2037.2
2019-07-21 13:00:00,29.93,55.8,1.98,2169.4
2019-07-21 14:00:00,32.32,41.0,8.38,2168.9
2019-07-21 15:00:00,33.53,40.5,9.26,2187.9
2019-07-21 16:00:00,27.32,43.9,3.66,1967.9
2019-07-21 17:00:00,31.58,62.0,3.93,1942.7
2019-07-21 18:00:00,29.57,50.2,4.59,1812.0
2019-07-21 19:00:00,29.8,49.7,0.29,1781.9
2019-07-21 20:00:00,26.17,54.8,16.38,1777.2
2019-07-21 21:00:00,24.9,37.3,8.02,1871.4
2019-07-21 22:00:00,26.67,45.9,9.87,2068.7
2019-07-21 23:00:00,25.75,55.0,3.71,2288.8
2019-07-22 00:00:00,26.35,50.9,7.94,2682.8
2019-07-22 01:00:00,22.29,71.8,1.59,2623.6
2019-07-22 02:00:00,21.13,50.8,7.64,2566.7
2019-07-22 03:00:00,15.11,67.5,5.14,2371.2
2019-07-22 04:00:00,17.37,64.6,1.64,2221.2
2019-07-22 05:00:00,20.81,56.5,14.29,2108.6
2019-07-22 06:00:00,19.68,58.9,8.21,2056.1
2019-07-22 07:00:00,25.3,49.4,22.35,2084.4
2019-07-22 08:00:00,20.95,39.5,2.35,2028.1
2019-07-22 09:00:00,24.01,55.6,4.3,2090.0
2019-07-22 10:00:00,25.14,55.3,8.32,2232.4
2019-07-22 11:00:00,30.27,52.5,0.56,2381.9
2019-07-22 12:00:00,26.57,51.2,6.14,2375.4
2019-07-22 13:00:00,29.86,55.9,8.42,2505.0
2019-07-22 14:00:00,29.61,41.4,2.03,2566.9
2019-07-22 15:00:00,31.52,58.5,5.26,2556.7
2019-07-22 16:00:00,31.25,39.1,2.79,2451.4
2019-07-22 17:00:00,28.64,48.2,6.66,2372.8
2019-07-22 18:00:00,23.85,58.4,7.81,2272.0
2019-07-22 19:00:00,26.68,46.5,5.07,2253.4
2019-07-22 20:00:00,26.25,57.0,9.15,2268.6
2019-07-22 21:00:00,25.98,48.5,1.58,2407.7
2019-07-22 22:00:00,22.38,55.0,9.38,2536.7
2019-07-22 23:00:00,26.11,49.7,16.34,2743.7
2019-07-23 00:00:00,22.36,49.5,1.84,2829.8
2019-07-23 01:00:00,19.39,74.5,1.74,2808.9
2019-07-23 02:00:00,20.14,49.2,13.09,2766.1
2019-07-23 03:00:00,25.97,32.9,5.98,2674.9
2019-07-23 04:00:00,22.95,47.2,8.59,2459.5
2019-07-23 05:00:00,24.31,53.6,2.89,2302.0
2019-07-23 06:00:00,19.72,53.2,3.51,2143.2
2019-07-23 07:00:00,21.43,63.0,11.31,2033.3
2019-07-23 08:00:00,22.41,61.9,3.96,1992.2
2019-07-23 09:00:00,25.61,49.0,3.19,2035.8
2019-07-23 10:00:00,25.75,37.9,0.83,2179.6
2019-07-23 11:00:00,25.93,41.0,3.47,2238.2
2019-07-23 12:00:00,27.07,50.1,1.77,2282.6
2019-07-23 13:00:00,26.63,38.2,2.13,2330.4
2019-07-23 14:00:00,28.57,46.2,2.63,2349.9
2019-07-23 15:00:00,31.94,57.8,9.78,2384.8
2019-07-23 16:00:00,25.23,54.6,0.76,2228.5
2019-07-23 17:00:00,29.48,48.8,5.49,2201.5
2019-07-23 18:00:00,31.43,38.5,3.63,2151.5
2019-07-23 19:00:00,26.69,52.1,6.34,2038.3
2019-07-23 20:00:00,24.87,50.0,7.08,2008.0
2019-07-23 21:00:00,27.46,51.9,2.6,2203.9
2019-07-23 22:00:00,21.66,60.5,10.09,2379.9
2019-07-23 23:00:00,23.1,60.7,16.87,2555.4
2019-07-24 00:00:00,19.61,57.3,1.65,2677.3
2019-07-24 01:00:00,16.9,62.6,8.09,2673.5
2019-07-24 02:00:00,20.8,51.3,4.56,2577.7
2019-07-24 03:00:00,17.88,66.8,5.16,2479.6
2019-07-24 04:00:00,21.15,48.0,10.29,2315.3
2019-07-24 05:00:00,24.36,50.8,8.04,2217.4
2019-07-24 06:00:00,26.85,60.4,3.91,2168.6
2019-07-24 07:00:00,23.27,49.5,11.19,2077.4
2019-07-24 08:00:00,26.55,40.0,4.67,2194.3
2019-07-24 09:00:00,26.04,47.9,2.63,2163.1
2019-07-24 10:00:00,25.12,63.0,5.75,2191.5
2019-07-24 11:00:00,22.23,36.1,12.21,2221.4
2019-07-24 12:00:00,31.94,47.3,1.19,2450.2
2019-07-24 13:00:00,25.88,46.2,7.59,2374.2
2019-07-24 14:00:00,32.36,44.8,0.62,2518.6
2019-07-24 15:00:00,30.38,44.9,8.57,2503.9
2019-07-24 16:00:00,26.46,58.5,6.73,2307.3
2019-07-24 17:00:00,29.28,49.0,13.98,2322.7
2019-07-24 18:00:00,33.2,53.5,1.42,2299.3
2019-07-24 19:00:00,30.88,57.6,6.15,2218.1
2019-07-24 20:00:00,24.79,52.4,2.54,2151.3
2019-07-24 21:00:00,23.26,50.5,3.75,2264.4
2019-07-24 22:00:00,24.26,55.6,15.64,2498.1
2019-07-24 23:00:00,22.63,58.5,6.42,2600.5
2019-07-25 00:00:00,25.1,42.7,7.55,2721.8
2019-07-25 01:00:00,23.31,55.2,3.63,2751.9
2019-07-25 02:00:00,16.83,56.5,4.97,2631.5
2019-07-25 03:00:00,22.07,51.0,10.47,2411.6
2019-07-25 04:00:00,20.61,50.0,13.94,2276.8
2019-07-25 05:00:00,21.55,49.8,5.03,2102.9
2019-07-25 06:00:00,22.72,63.9,12.13,2059.6
2019-07-25 07:00:00,25.92,48.3,4.91,2058.1
2019-07-25 08:00:00,26.34,60.1,2.71,2140.6
2019-07-25 09:00:00,23.05,54.6,5.91,2161.7
2019-07-25 10:00:00,25.82,42.3,2.46,2239.8
2019-07-25 11:00:00,25.8,52.9,6.25,2264.1
2019-07-25 12:00:00,23.55,43.7,1.65,2293.7
2019-07-25 13:00:00,28.12,54.4,8.26,2415.5
2019-07-25 14:00:00,33.4,43.6,1.76,2510.0
2019-07-25 15:00:00,24.65,59.1,2.73,2272.8
2019-07-25 16:00:00,28.73,60.5,3.14,2271.1
2019-07-25 17:00:00,28.25,35.5,1.95,2239.9
2019-07-25 18:00:00,28.47,45.5,4.85,2169.6
2019-07-25 19:00:00,24.52,42.7,0.24,2044.3
2019-07-25 20:00:00,22.4,71.3,4.38,2074.3
2019-07-25 21:00:00,21.48,51.3,0.07,2226.0
2019-07-25 22:00:00,27.22,39.7,6.42,2435.1
2019-07-25 23:00:00,20.47,73.5,1.6,2539.6
2019-07-26 00:00:00,20.73,49.6,6.83,2662.0
2019-07-26 01:00:00,26.61,37.7,11.82,2736.5
2019-07-26 02:00:00,19.11,47.4,3.19,2561.5
2019-07-26 03:00:00,21.66,55.8,5.28,2453.1
2019-07-26 04:00:00,23.6,53.5,1.34,2217.2
2019-07-26 05:00:00,23.88,46.2,6.87,2062.5
2019-07-26 06:00:00,18.65,53.2,8.02,1940.4
2019-07-26 07:00:00,21.03,55.6,1.15,1909.5
2019-07-26 08:00:00,24.53,63.0,8.16,2040.3
2019-07-26 09:00:00,29.63,51.0,3.88,2180.9
2019-07-26 10:00:00,23.94,48.3,3.31,2211.9
2019-07-26 11:00:00,25.57,49.7,10.16,2313.9
2019-07-26 12:00:00,28.69,55.2,3.08,2446.8
2019-07-26 13:00:00,29.82,61.6,1.43,2495.1
2019-07-26 14:00:00,30.37,38.9,4.5,2542.8
2019-07-26 15:00:00,26.69,59.6,8.8,2412.4
2019-07-26 16:00:00,27.34,47.6,4.67,2329.9
2019-07-26 17:00:00,28.81,36.0,3.9,2239.0
2019-07-26 18:00:00,30.79,32.8,7.21,2152.8
2019-07-26 19:00:00,26.21,61.7,2.31,2042.8
2019-07-26 20:00:00,25.79,63.0,5.48,2123.2
2019-07-26 21:00:00,22.24,49.7,0.65,2193.9
2019-07-26 22:00:00,28.43,47.6,6.91,2433.4
2019-07-26 23:00:00,23.19,39.2,10.66,2618.5
2019-07-27 00:00:00,24.55,58.5,13.51,2488.1
2019-07-27 01:00:00,21.3,54.7,9.36,2515.3
2019-07-27 02:00:00,21.04,42.8,7.92,2435.1
2019-07-27 03:00:00,16.94,60.1,4.63,2324.9
2019-07-27 04:00:00,15.45,48.5,8.26,2138.2
2019-07-27 05:00:00,24.35,57.0,5.11,2001.1
2019-07-27 06:00:00,22.06,45.7,1.61,1872.6
2019-07-27 07:00:00,23.2,56.1,11.03,1836.7
2019-07-27 08:00:00,20.53,50.4,0.65,1849.8
2019-07-27 09:00:00,22.43,35.1,3.39,1876.2
2019-07-27 10:00:00,28.38,57.3,2.59,2056.0
2019-07-27 11:00:00,31.04,55.6,5.21,2285.7
2019-07-27 12:00:00,25.96,47.1,9.11,2200.2
2019-07-27 13:00:00,29.83,50.3,7.7,2312.4
2019-07-27 14:00:00,29.03,52.3,0.95,2295.8
2019-07-27 15:00:00,28.39,53.1,1.64,2195.9
2019-07-27 16:00:00,33.18,59.3,7.96,2246.4
2019-07-27 17:00:00,27.02,53.7,20.34,2005.2
2019-07-27 18:00:00,30.62,44.6,3.06,1954.5
2019-07-27 19:00:00,27.64,53.3,1.49,1919.3
2019-07-27 20:00:00,25.68,48.0,3.65,1910.5
2019-07-27 21:00:00,28.12,41.0,1.29,2120.4
2019-07-27 22:00:00,24.38,62.3,4.31,2251.3
2019-07-27 23:00:00,22.45,58.3,5.29,2400.3
2019-07-28 00:00:00,25.19,37.0,10.57,2571.6
2019-07-28 01:00:00,24.22,47.2,7.25,2603.6
2019-07-28 02:00:00,23.71,59.1,8.86,2499.9
2019-07-28 03:00:00,10.85,50.8,4.28,2308.8
2019-07-28 04:00:00,21.8,48.5,15.86,2161.0
2019-07-28 05:00:00,21.63,76.0,1.3,2109.3
2019-07-28 06:00:00,21.65,52.0,4.43,1922.7
2019-07-28 07:00:00,24.09,61.4,4.3,1855.9
2019-07-28 08:00:00,24.18,64.7,2.71,1838.2
2019-07-28 09:00:00,26.26,43.7,11.92,1915.5
2019-07-28 10:00:00,24.93,54.2,0.24,1931.6
2019-07-28 11:00:00,30.31,64.2,1.92,2129.8
2019-07-28 12:00:00,29.34,52.2,5.28,2118.4
2019-07-28 13:00:00,29.39,67.4,3.82,2154.8
2019-07-28 14:00:00,29.66,43.2,4.54,2160.8
2019-07-28 15:00:00,31.46,61.2,2.1,2215.4
2019-07-28 16:00:00,30.98,47.3,3.12,2133.8
2019-07-28 17:00:00,27.75,47.2,10.2,1925.2
2019-07-28 18:00:00,29.87,53.2,7.66,1900.7
2019-07-28 19:00:00,27.0,49.5,4.78,1783.5
2019-07-28 20:00:00,30.39,47.0,8.57,1854.1
2019-07-28 21:00:00,27.31,54.0,9.89,1985.0
2019-07-28 22:00:00,21.97,40.0,17.79,2084.8
2019-07-28 23:00:00,28.39,42.9,8.24,2382.2
2019-07-29 00:00:00,16.36,64.7,9.59,2652.4
2019-07-29 01:00:00,22.57,61.9,2.51,2700.2
2019-07-29 02:00:00,18.83,59.8,6.79,2682.6
2019-07-29 03:00:00,25.14,54.1,5.08,2573.1
2019-07-29 04:00:00,21.21,58.3,9.8,2344.4
2019-07-29 05:00:00,18.99,64.5,9.43,2139.1
2019-07-29 06:00:00,20.94,43.8,9.19,2086.1
2019-07-29 07:00:00,20.65,51.4,11.48,2075.4
2019-07-29 08:00:00,22.64,53.3,7.26,2114.1
2019-07-29 09:00:00,23.62,54.7,2.7,2174.7
2019-07-29 10:00:00,23.6,36.2,7.81,2287.9
2019-07-29 11:00:00,27.11,40.2,9.7,2384.6
2019-07-29 12:00:00,28.25,49.3,9.93,2482.3
2019-07-29 13:00:00,25.41,59.8,3.46,2540.5
2019-07-29 14:00:00,24.16,49.3,0.67,2516.1
2019-07-29 15:00:00,29.22,43.3,13.01,2535.4
2019-07-29 16:00:00,29.63,52.5,3.19,2434.0
2019-07-29 17:00:00,29.73,45.6,4.4,2307.9
2019-07-29 18:00:00,28.65,56.1,3.78,2199.2
2019-07-29 19:00:00,30.37,45.9,5.78,2259.5
2019-07-29 20:00:00,27.97,40.7,3.84,2263.3
2019-07-29 21:00:00,31.14,58.5,5.4,2444.9
2019-07-29 22:00:00,31.16,57.0,2.47,2617.7
2019-07-29 23:00:00,18.04,49.9,11.95,2580.9
2019-07-30 00:00:00,15.99,62.4,7.48,2700.1
2019-07-30 01:00:00,20.83,52.7,5.36,2690.1
2019-07-30 02:00:00,21.71,59.6,0.42,2681.7
2019-07-30 03:00:00,20.12,48.9,2.09,2494.6
2019-07-30 04:00:00,22.21,61.2,8.55,2270.1
2019-07-30 05:00:00,20.17,65.4,2.38,2059.0
2019-07-30 06:00:00,19.75,48.6,6.97,1951.6
2019-07-30 07:00:00,20.95,55.8,3.93,1825.9
2019-07-30 08:00:00,22.77,63.5,5.37,1897.9
2019-07-30 09:00:00,26.42,42.9,4.06,2042.9
2019-07-30 10:00:00,24.13,47.3,4.35,2060.0
2019-07-30 11:00:00,25.59,56.8,8.37,2212.7
2019-07-30 12:00:00,28.56,47.9,8.57,2334.4
2019-07-30 13:00:00,27.28,37.6,5.77,2361.3
2019-07-30 14:00:00,30.97,44.7,8.71,2486.7
2019-07-30 15:00:00,26.01,65.2,1.52,2414.2
2019-07-30 16:00:00,25.33,68.2,4.99,2286.0
2019-07-30 17:00:00,28.54,44.1,3.55,2188.1
2019-07-30 18:00:00,28.15,42.2,3.44,2090.8
2019-07-30 19:00:00,24.15,49.0,3.15,2066.0
2019-07-30 20:00:00,28.7,63.5,10.99,2153.3
2019-07-30 21:00:00,29.12,55.4,2.02,2331.5
2019-07-30 22:00:00,21.71,66.3,3.17,2367.8
2019-07-30 23:00:00,26.03,59.2,5.74,2594.5
2019-07-31 00:00:00,15.39,49.1,3.32,2651.1
2019-07-31 01:00:00,23.4,45.7,3.28,2714.7
2019-07-31 02:00:00,18.17,51.9,3.69,2638.0
2019-07-31 03:00:00,22.62,49.7,7.6,2460.9
2019-07-31 04:00:00,17.91,52.2,11.44,2271.1
2019-07-31 05:00:00,20.54,51.1,8.5,2087.1
2019-07-31 06:00:00,19.32,61.7,16.91,2015.9
2019-07-31 07:00:00,21.64,55.8,14.72,1956.2
2019-07-31 08:00:00,27.72,59.6,0.9,2076.6
2019-07-31 09:00:00,23.91,54.9,11.15,2104.1
2019-07-31 10:00:00,30.49,42.2,14.41,2321.0
2019-07-31 11:00:00,25.21,53.3,7.37,2330.1
2019-07-31 12:00:00,30.74,35.3,4.39,2500.8
2019-07-31 13:00:00,23.58,34.6,2.4,2375.4
2019-07-31 14:00:00,27.33,55.3,8.04,2408.1
2019-07-31 15:00:00,26.84,58.7,1.62,2338.8
2019-07-31 16:00:00,31.89,47.1,5.54,2367.8
2019-07-31 17:00:00,28.11,46.4,24.26,2250.0
2019-07-31 18:00:00,21.79,43.8,1.32,2052.8
2019-07-31 19:00:00,22.9,63.0,5.66,2017.0
2019-07-31 20:00:00,22.68,57.8,9.94,2113.2
2019-07-31 21:00:00,26.51,53.1,6.19,2234.7
2019-07-31 22:00:00,25.16,51.8,8.13,2460.1
2019-07-31 23:00:00,21.43,51.1,1.35,2624.9
2019-08-01 00:00:00,19.84,47.2,16.5,2713.9
2019-08-01 01:00:00,22.37,56.1,6.03,2727.9
2019-08-01 02:00:00,17.36,53.8,1.69,2720.0
2019-08-01 03:00:00,21.19,51.7,9.6,2542.4
2019-08-01 04:00:00,21.11,68.9,16.23,2392.1
2019-08-01 05:00:00,19.89,55.7,4.06,2314.5
2019-08-01 06:00:00,22.21,34.6,4.81,2199.5
2019-08-01 07:00:00,22.3,49.9,11.21,2153.5
2019-08-01 08:00:00,24.25,44.6,9.27,2273.6
2019-08-01 09:00:00,20.71,54.3,2.71,2239.8
2019-08-01 10:00:00,26.62,39.3,0.65,2354.5
2019-08-01 11:00:00,28.61,52.6,16.46,2465.6
2019-08-01 12:00:00,27.68,47.5,3.72,2435.3
2019-08-01 13:00:00,29.01,45.0,1.92,2451.7
2019-08-01 14:00:00,27.63,51.1,2.89,2417.2
2019-08-01 15:00:00,30.27,47.2,12.95,2456.0
2019-08-01 16:00:00,28.07,48.5,0.13,2323.8
2019-08-01 17:00:00,24.64,50.5,11.01,2172.6
2019-08-01 18:00:00,28.92,48.7,7.4,2192.7
2019-08-01 19:00:00,21.96,57.2,4.26,2081.4
2019-08-01 20:00:00,25.79,53.1,5.71,2084.4
2019-08-01 21:00:00,23.08,62.5,8.86,2190.4
2019-08-01 22:00:00,21.89,50.1,3.89,2388.8
2019-08-01 23:00:00,22.47,55.9,2.89,2569.7
2019-08-02 00:00:00,19.31,76.1,8.5,2713.7
2019-08-02 01:00:00,21.72,54.3,6.21,2770.1
2019-08-02 02:00:00,20.19,55.8,13.53,2703.1
2019-08-02 03:00:00,18.36,47.2,12.76,2544.4
2019-08-02 04:00:00,23.39,47.6,4.28,2387.7
2019-08-02 05:00:00,20.96,54.4,5.15,2125.8
2019-08-02 06:00:00,22.66,58.1,12.24,2101.1
2019-08-02 07:00:00,25.45,56.8,10.04,2158.6
2019-08-02 08:00:00,26.37,53.5,7.59,2238.7
2019-08-02 09:00:00,25.36,58.1,11.32,2270.9
2019-08-02 10:00:00,24.19,44.7,1.49,2335.6
2019-08-02 11:00:00,22.33,58.0,7.53,2377.9
2019-08-02 12:00:00,27.25,50.3,2.52,2505.9
2019-08-02 13:00:00,30.11,48.9,9.5,2640.2
2019-08-02 14:00:00,28.66,46.2,7.44,2530.2
2019-08-02 15:00:00,19.3,48.9,10.98,2413.2
2019-08-02 16:00:00,29.95,38.3,12.97,2414.7
2019-08-02 17:00:00,29.7,50.8,1.79,2263.2
2019-08-02 18:00:00,25.98,55.2,7.61,2110.2
2019-08-02 19:00:00,28.38,48.3,3.42,2069.4
2019-08-02 20:00:00,26.51,50.7,8.86,2042.2
2019-08-02 21:00:00,22.19,48.5,3.31,2063.2
2019-08-02 22:00:00,26.05,55.2,3.52,2295.7
2019-08-02 23:00:00,18.74,57.5,6.02,2470.4
2019-08-03 00:00:00,20.8,52.4,1.72,2394.1
2019-08-03 01:00:00,19.91,63.0,2.56,2509.6
2019-08-03 02:00:00,17.84,62.9,8.09,2415.2
2019-08-03 03:00:00,20.53,43.3,15.08,2298.1
2019-08-03 04:00:00,23.18,53.8,0.92,2135.9
2019-08-03 05:00:00,23.42,45.6,3.13,1988.3
2019-08-03 06:00:00,22.75,54.9,7.07,1895.5
2019-08-03 07:00:00,17.53,32.8,1.17,1885.0
2019-08-03 08:00:00,19.39,58.1,4.39,1917.4
2019-08-03 09:00:00,24.18,58.3,6.53,1969.3
2019-08-03 10:00:00,24.72,51.3,5.32,2063.8
2019-08-03 11:00:00,24.52,43.1,3.7,2097.4
2019-08-03 12:00:00,31.36,62.6,1.5,2297.1
2019-08-03 13:00:00,27.5,59.3,21.63,2261.5
2019-08-03 14:00:00,28.99,44.6,3.01,2214.1
2019-08-03 15:00:00,30.24,45.7,9.3,2203.0
2019-08-03 16:00:00,27.77,33.9,8.22,2123.6
2019-08-03 17:00:00,33.71,48.8,4.43,2136.1
2019-08-03 18:00:00,24.25,41.6,3.76,1883.9
2019-08-03 19:00:00,24.25,57.9,1.61,1826.2
2019-08-03 20:00:00,22.45,62.3,10.33,1839.6
2019-08-03 21:00:00,27.67,49.3,10.95,2079.4
2019-08-03 22:00:00,24.74,43.7,4.59,2190.4
2019-08-03 23:00:00,20.41,65.7,3.19,2293.0
2019-08-04 00:00:00,18.64,57.1,2.33,2335.9
2019-08-04 01:00:00,23.62,53.8,4.87,2365.8
2019-08-04 02:00:00,20.67,48.0,2.68,2252.7
2019-08-04 03:00:00,23.15,55.0,5.98,2078.5
2019-08-04 04:00:00,19.61,54.7,6.65,1881.2
2019-08-04 05:00:00,21.44,44.2,6.68,1722.1
2019-08-04 06:00:00,21.55,65.5,2.4,1617.5
2019-08-04 07:00:00,20.07,70.0,2.61,1676.9
2019-08-04 08:00:00,22.23,62.4,4.54,1656.8
2019-08-04 09:00:00,20.66,62.4,10.16,1763.9
2019-08-04 10:00:00,25.9,65.4,6.66,1923.8
2019-08-04 11:00:00,27.53,41.6,2.24,2060.7
2019-08-04 12:00:00,28.93,40.4,6.8,2153.2
2019-08-04 13:00:00,28.76,45.7,8.65,2248.2
2019-08-04 14:00:00,27.17,52.6,11.29,2226.2
2019-08-04 15:00:00,31.51,44.5,3.55,2263.6
2019-08-04 16:00:00,29.72,40.1,5.54,2199.0
2019-08-04 17:00:00,30.56,47.6,2.54,2102.5
2019-08-04 18:00:00,30.08,47.2,1.98,1936.6
2019-08-04 19:00:00,25.31,58.5,9.92,1842.0
2019-08-04 20:00:00,25.63,51.9,2.64,1934.8
2019-08-04 21:00:00,25.56,36.3,5.41,2065.7
2019-08-04 22:00:00,19.72,59.3,7.68,2181.7
2019-08-04 23:00:00,18.81,69.6,6.01,2367.5
2019-08-05 00:00:00,17.4,58.3,1.43,2764.1
2019-08-05 01:00:00,19.75,64.1,4.64,2741.6
2019-08-05 02:00:00,18.78,52.9,8.49,2584.9
2019-08-05 03:00:00,15.89,63.8,4.68,2443.0
2019-08-05 04:00:00,19.99,50.1,4.85,2321.4
2019-08-05 05:00:00,19.78,54.2,9.4,2128.2
2019-08-05 06:00:00,23.61,51.2,7.99,2006.3
2019-08-05 07:00:00,26.51,54.6,3.61,2042.1
2019-08-05 08:00:00,23.59,46.5,13.13,2026.8
2019-08-05 09:00:00,21.74,42.9,2.75,2054.0
2019-08-05 10:00:00,26.13,54.9,3.46,2236.9
2019-08-05 11:00:00,25.5,55.1,5.35,2276.9
2019-08-05 12:00:00,25.71,52.3,7.7,2364.0
2019-08-05 13:00:00,24.79,59.6,11.85,2429.4
2019-08-05 14:00:00,26.18,49.4,3.56,2449.1
2019-08-05 15:00:00,27.04,52.6,5.49,2462.7
2019-08-05 16:00:00,29.35,45.7,13.15,2450.6
2019-08-05 17:00:00,28.22,47.4,9.85,2329.9
2019-08-05 18:00:00,30.87,50.0,6.89,2269.6
2019-08-05 19:00:00,27.17,68.4,6.01,2216.5
2019-08-05 20:00:00,25.58,57.5,1.27,2257.7
2019-08-05 21:00:00,22.72,58.2,7.62,2359.8
2019-08-05 22:00:00,19.85,62.3,3.79,2517.3
2019-08-05 23:00:00,20.06,37.2,10.72,2658.5
2019-08-06 00:00:00,18.76,59.5,5.82,2694.5
2019-08-06 01:00:00,13.47,68.5,1.68,2745.0
2019-08-06 02:00:00,16.95,59.1,2.24,2656.4
2019-08-06 03:00:00,23.34,53.0,18.23,2530.0
2019-08-06 04:00:00,20.39,48.2,7.96,2442.9
2019-08-06 05:00:00,18.93,53.4,3.45,2327.2
2019-08-06 06:00:00,21.5,48.1,6.05,2230.1
2019-08-06 07:00:00,16.45,66.8,4.52,2176.2
2019-08-06 08:00:00,23.0,65.6,10.61,2223.3
2019-08-06 09:00:00,26.53,66.3,8.55,2347.7
2019-08-06 10:00:00,24.07,45.9,24.02,2346.4
2019-08-06 11:00:00,20.9,49.9,6.65,2371.3
2019-08-06 12:00:00,25.13,45.9,1.97,2465.5
2019-08-06 13:00:00,30.0,39.9,0.87,2548.5
2019-08-06 14:00:00,27.84,41.7,0.51,2483.7
2019-08-06 15:00:00,23.79,48.8,9.96,2341.5
2019-08-06 16:00:00,33.12,52.5,5.74,2508.0
2019-08-06 17:00:00,23.66,47.3,4.52,2182.4
2019-08-06 18:00:00,25.55,60.0,2.42,2071.9
2019-08-06 19:00:00,22.74,64.7,5.02,1918.7
2019-08-06 20:00:00,21.78,56.9,8.51,2004.2
2019-08-06 21:00:00,22.2,64.1,4.61,2108.8
2019-08-06 22:00:00,23.89,42.0,11.12,2353.9
2019-08-06 23:00:00,24.56,47.9,15.52,2551.1
2019-08-07 00:00:00,19.39,58.0,6.05,2708.8
2019-08-07 01:00:00,17.19,60.0,4.28,2702.5
2019-08-07 02:00:00,20.52,67.0,3.98,2636.2
2019-08-07 03:00:00,20.45,47.6,5.82,2537.0
2019-08-07 04:00:00,19.92,51.8,6.01,2409.0
2019-08-07 05:00:00,20.41,55.0,6.67,2292.1
2019-08-07 06:00:00,20.07,51.8,1.25,2204.7
2019-08-07 07:00:00,21.43,46.5,6.48,2158.0
2019-08-07 08:00:00,21.69,50.8,6.38,2192.2
2019-08-07 09:00:00,25.86,49.3,8.31,2229.1
2019-08-07 10:00:00,29.79,59.7,9.21,2350.1
2019-08-07 11:00:00,25.63,43.3,11.65,2403.8
2019-08-07 12:00:00,26.0,57.7,6.86,2497.7
2019-08-07 13:00:00,27.29,60.3,9.27,2496.8
2019-08-07 14:00:00,25.4,47.6,6.92,2483.7
2019-08-07 15:00:00,29.1,50.8,11.5,2470.0
2019-08-07 16:00:00,28.15,54.1,5.16,2365.7
2019-08-07 17:00:00,25.6,54.8,3.51,2285.3
2019-08-07 18:00:00,28.27,50.0,5.64,2162.0
2019-08-07 19:00:00,25.23,46.4,13.26,2028.5
2019-08-07 20:00:00,21.79,59.9,3.71,2052.5
2019-08-07 21:00:00,24.06,49.8,13.09,2226.2
2019-08-07 22:00:00,22.74,54.0,7.1,2382.3
2019-08-07 23:00:00,23.58,54.5,9.9,2622.1
2019-08-08 00:00:00,22.28,61.0,7.57,2721.7
2019-08-08 01:00:00,19.29,72.0,5.96,2757.3
2019-08-08 02:00:00,17.99,51.7,3.48,2683.0
2019-08-08 03:00:00,19.04,57.2,22.58,2522.5
2019-08-08 04:00:00,20.08,44.1,1.53,2378.1
2019-08-08 05:00:00,20.78,67.2,10.88,2190.4
2019-08-08 06:00:00,20.96,55.6,1.07,2148.1
2019-08-08 07:00:00,20.8,53.0,14.66,2149.8
2019-08-08 08:00:00,24.49,52.8,8.51,2227.5
2019-08-08 09:00:00,21.35,55.7,2.73,2334.5
2019-08-08 10:00:00,30.27,41.9,2.92,2520.6
2019-08-08 11:00:00,26.94,60.0,5.65,2510.7
2019-08-08 12:00:00,23.04,58.7,0.97,2512.8
2019-08-08 13:00:00,26.96,56.7,11.37,2570.7
2019-08-08 14:00:00,28.83,43.5,3.24,2591.9
2019-08-08 15:00:00,26.16,45.2,1.73,2464.7
2019-08-08 16:00:00,23.16,52.6,10.14,2395.6
2019-08-08 17:00:00,23.9,59.3,0.78,2251.5
2019-08-08 18:00:00,27.22,54.2,5.2,2175.4
2019-08-08 19:00:00,20.64,49.3,2.29,2061.8
2019-08-08 20:00:00,20.44,61.0,7.4,2062.2
2019-08-08 21:00:00,24.37,44.7,11.53,2194.0
2019-08-08 22:00:00,21.44,49.6,0.94,2344.1
2019-08-08 23:00:00,19.29,57.8,11.6,2565.5
2019-08-09 00:00:00,18.81,47.6,4.67,2636.1
2019-08-09 01:00:00,15.74,51.7,2.04,2654.4
2019-08-09 02:00:00,20.22,68.2,1.92,2605.5
2019-08-09 03:00:00,16.86,69.4,4.69,2487.1
2019-08-09 04:00:00,17.67,76.2,0.79,2422.3
2019-08-09 05:00:00,20.28,59.4,4.53,2319.1
2019-08-09 06:00:00,19.41,61.6,5.02,2272.2
2019-08-09 07:00:00,19.12,55.5,7.8,2155.5
2019-08-09 08:00:00,16.87,55.7,10.85,2180.7
2019-08-09 09:00:00,23.8,59.9,8.3,2268.2
2019-08-09 10:00:00,24.11,63.6,13.35,2280.7
2019-08-09 11:00:00,23.58,59.4,2.34,2331.4
2019-08-09 12:00:00,23.11,46.8,7.09,2417.1
2019-08-09 13:00:00,26.37,54.0,7.54,2530.5
2019-08-09 14:00:00,27.94,43.5,13.14,2604.7
2019-08-09 15:00:00,27.12,47.7,7.46,2543.9
2019-08-09 16:00:00,30.84,60.4,2.94,2500.0
2019-08-09 17:00:00,28.1,39.9,5.3,2363.4
2019-08-09 18:00:00,25.44,69.0,7.16,2227.2
2019-08-09 19:00:00,26.72,55.0,1.36,2217.9
2019-08-09 20:00:00,24.03,49.0,14.3,2133.9
2019-08-09 21:00:00,22.99,54.2,5.37,2247.7
2019-08-09 22:00:00,25.08,46.5,18.52,2470.2
2019-08-09 23:00:00,18.63,52.7,1.59,2612.0
2019-08-10 00:00:00,19.95,56.6,2.47,2478.6
2019-08-10 01:00:00,22.23,51.6,7.73,2500.1
2019-08-10 02:00:00,19.63,48.8,4.02,2389.3
2019-08-10 03:00:00,17.8,56.0,10.54,2280.6
2019-08-10 04:00:00,14.59,49.8,5.68,2094.1
2019-08-10 05:00:00,13.58,51.0,5.47,1843.9
2019-08-10 06:00:00,25.08,41.7,5.31,1775.1
2019-08-10 07:00:00,21.49,68.2,1.78,1697.3
2019-08-10 08:00:00,20.22,59.1,5.79,1727.6
2019-08-10 09:00:00,23.59,57.9,2.33,1792.4
2019-08-10 10:00:00,21.39,55.0,19.01,1864.6
2019-08-10 11:00:00,23.89,56.9,0.61,1979.6
2019-08-10 12:00:00,23.2,62.8,6.38,2014.5
2019-08-10 13:00:00,22.65,57.1,6.96,2067.7
2019-08-10 14:00:00,21.32,68.1,7.79,2110.9
2019-08-10 15:00:00,22.73,53.5,9.27,2074.8
2019-08-10 16:00:00,29.14,53.5,1.1,2131.5
2019-08-10 17:00:00,23.72,58.7,7.15,2001.7
2019-08-10 18:00:00,26.89,43.0,5.07,1917.6
2019-08-10 19:00:00,27.11,50.7,4.51,1897.5
2019-08-10 20:00:00,23.8,38.2,10.11,1971.6
2019-08-10 21:00:00,21.97,53.4,12.29,2076.6
2019-08-10 22:00:00,22.02,52.2,1.52,2209.5
2019-08-10 23:00:00,19.68,53.5,5.36,2401.9
2019-08-11 00:00:00,22.74,50.5,8.93,2516.9
2019-08-11 01:00:00,23.79,57.1,5.75,2498.8
2019-08-11 02:00:00,22.32,47.1,11.67,2405.0
2019-08-11 03:00:00,13.18,76.3,2.86,2212.4
2019-08-11 04:00:00,17.6,62.5,11.01,1982.4
2019-08-11 05:00:00,19.11,50.3,4.05,1884.5
2019-08-11 06:00:00,20.89,60.5,2.3,1706.2
2019-08-11 07:00:00,16.24,67.0,5.79,1754.8
2019-08-11 08:00:00,17.17,61.2,4.71,1812.6
2019-08-11 09:00:00,25.83,43.3,1.37,1981.8
2019-08-11 10:00:00,22.2,72.1,5.4,2071.4
2019-08-11 11:00:00,20.84,60.4,9.82,2173.6
2019-08-11 12:00:00,22.63,43.9,12.8,2204.1
2019-08-11 13:00:00,27.0,52.1,8.89,2267.5
2019-08-11 14:00:00,24.37,50.7,2.68,2232.3
2019-08-11 15:00:00,27.16,50.3,6.87,2273.8
2019-08-11 16:00:00,23.98,43.3,1.17,2213.8
2019-08-11 17:00:00,21.66,55.1,8.11,2033.7
2019-08-11 18:00:00,28.95,42.2,7.61,2065.5
2019-08-11 19:00:00,25.56,48.8,2.66,1957.2
2019-08-11 20:00:00,22.76,56.9,3.96,1952.7
2019-08-11 21:00:00,21.26,51.2,6.39,2087.1
2019-08-11 22:00:00,25.19,49.5,7.55,2184.9
2019-08-11 23:00:00,22.04,60.9,10.1,2332.3
2019-08-12 00:00:00,22.44,46.9,1.14,2662.6
2019-08-12 01:00:00,17.48,52.8,1.05,2725.8
2019-08-12 02:00:00,18.66,47.0,6.53,2667.7
2019-08-12 03:00:00,19.4,49.9,8.69,2588.7
2019-08-12 04:00:00,17.16,59.3,4.21,2465.6
2019-08-12 05:00:00,18.7,62.2,3.87,2274.2
2019-08-12 06:00:00,18.11,51.1,2.26,2180.0
2019-08-12 07:00:00,21.4,59.8,9.18,2204.0
2019-08-12 08:00:00,18.06,58.4,6.03,2228.7
2019-08-12 09:00:00,23.83,41.9,7.37,2314.3
2019-08-12 10:00:00,24.21,54.0,4.51,2436.8
2019-08-12 11:00:00,23.89,62.4,4.03,2537.0
2019-08-12 12:00:00,26.35,35.8,5.11,2611.0
2019-08-12 13:00:00,24.95,68.1,4.74,2645.7
2019-08-12 14:00:00,24.59,47.4,12.16,2655.0
2019-08-12 15:00:00,27.76,36.6,2.05,2708.2
2019-08-12 16:00:00,27.73,50.9,9.3,2600.2
2019-08-12 17:00:00,24.6,59.0,3.23,2471.1
2019-08-12 18:00:00,23.75,50.8,3.89,2322.2
2019-08-12 19:00:00,23.94,55.3,6.52,2280.5
2019-08-12 20:00:00,22.05,71.3,8.54,2315.9
2019-08-12 21:00:00,26.21,52.7,4.58,2494.4
2019-08-12 22:00:00,22.16,78.1,1.89,2607.7
2019-08-12 23:00:00,20.44,65.8,15.16,2760.2
2019-08-13 00:00:00,17.08,58.8,1.26,2892.5
2019-08-13 01:00:00,20.62,57.8,1.99,2918.1
2019-08-13 02:00:00,16.84,56.0,13.16,2826.3
2019-08-13 03:00:00,16.6,60.7,10.96,2686.0
2019-08-13 04:00:00,20.3,60.2,13.9,2431.8
2019-08-13 05:00:00,19.74,53.0,3.22,2289.7
2019-08-13 06:00:00,13.15,50.4,2.52,2116.8
2019-08-13 07:00:00,19.84,66.7,9.91,2053.4
2019-08-13 08:00:00,21.51,62.6,1.84,2097.6
2019-08-13 09:00:00,21.39,43.6,2.56,2157.0
2019-08-13 10:00:00,23.67,54.4,1.33,2180.1
2019-08-13 11:00:00,19.71,64.4,3.06,2173.6
2019-08-13 12:00:00,17.99,65.0,2.24,2243.3
2019-08-13 13:00:00,23.26,47.8,1.62,2242.7
2019-08-13 14:00:00,26.81,58.4,5.47,2274.5
2019-08-13 15:00:00,18.17,57.6,3.74,2186.7
2019-08-13 16:00:00,23.99,55.9,7.18,2195.7
2019-08-13 17:00:00,20.89,47.9,1.94,2050.6
2019-08-13 18:00:00,24.46,18.4,2.98,1926.1
2019-08-13 19:00:00,29.13,42.5,1.12,2053.2
2019-08-13 20:00:00,22.73,58.1,3.62,2052.8
2019-08-13 21:00:00,21.97,52.8,9.89,2199.2
2019-08-13 22:00:00,23.3,58.6,8.63,2395.1
2019-08-13 23:00:00,20.29,64.6,4.67,2652.8
2019-08-14 00:00:00,18.7,54.4,18.43,2783.1
2019-08-14 01:00:00,20.92,51.8,1.18,2805.3
2019-08-14 02:00:00,19.39,39.0,10.82,2716.4
2019-08-14 03:00:00,18.79,44.6,2.05,2580.4
2019-08-14 04:00:00,17.86,47.0,4.93,2370.3
2019-08-14 05:00:00,17.74,62.3,7.79,2262.6
2019-08-14 06:00:00,21.53,52.2,2.73,2211.9
2019-08-14 07:00:00,19.23,52.3,3.19,2218.3
2019-08-14 08:00:00,24.11,47.5,10.84,2241.6
2019-08-14 09:00:00,19.45,50.2,5.38,2276.5
2019-08-14 10:00:00,26.69,58.0,1.33,2338.4
2019-08-14 11:00:00,25.25,52.5,3.82,2331.2
2019-08-14 12:00:00,22.48,61.9,2.88,2391.7
2019-08-14 13:00:00,26.81,33.0,1.01,2524.8
2019-08-14 14:00:00,24.31,56.8,1.35,2417.3
2019-08-14 15:00:00,26.15,47.2,6.36,2362.5
2019-08-14 16:00:00,24.72,50.0,2.28,2238.8
2019-08-14 17:00:00,25.2,62.7,19.47,2175.4
2019-08-14 18:00:00,27.25,47.1,6.68,2113.6
2019-08-14 19:00:00,25.37,55.6,10.0,2011.4
2019-08-14 20:00:00,20.29,47.6,0.79,2019.9
2019-08-14 21:00:00,19.4,56.8,6.68,2148.2
2019-08-14 22:00:00,21.71,41.9,5.6,2378.6
2019-08-14 23:00:00,20.93,54.8,7.48,2554.3
2019-08-15 00:00:00,17.39,61.2,0.34,2745.4
2019-08-15 01:00:00,22.42,62.9,15.98,2690.9
2019-08-15 02:00:00,20.07,49.4,4.69,2642.8
2019-08-15 03:00:00,16.34,54.7,4.67,2584.8
2019-08-15 04:00:00,16.23,53.9,5.33,2398.1
2019-08-15 05:00:00,17.87,55.7,2.59,2230.9
2019-08-15 06:00:00,18.24,49.7,14.3,2106.6
2019-08-15 07:00:00,23.04,36.3,0.61,2028.5
2019-08-15 08:00:00,23.33,45.0,3.49,2108.1
2019-08-15 09:00:00,21.99,54.0,3.6,2124.8
2019-08-15 10:00:00,24.63,51.1,2.6,2267.6
2019-08-15 11:00:00,25.96,55.6,4.27,2374.8
2019-08-15 12:00:00,24.88,58.8,3.48,2443.9
2019-08-15 13:00:00,26.37,47.3,2.2,2463.8
2019-08-15 14:00:00,27.25,37.5,4.9,2500.6
2019-08-15 15:00:00,27.12,53.5,5.67,2462.6
2019-08-15 16:00:00,23.82,52.9,21.27,2343.6
2019-08-15 17:00:00,23.67,51.0,2.16,2140.0
2019-08-15 18:00:00,24.01,62.6,6.67,2090.4
2019-08-15 19:00:00,22.14,57.9,6.54,2131.6
2019-08-15 20:00:00,19.25,57.6,9.46,2116.4
2019-08-15 21:00:00,23.59,54.4,8.48,2296.4
2019-08-15 22:00:00,21.73,61.4,0.84,2446.7
2019-08-15 23:00:00,16.55,53.2,4.1,2581.7
2019-08-16 00:00:00,18.3,50.3,2.01,2682.5
2019-08-16 01:00:00,17.81,55.9,1.37,2775.5
2019-08-16 02:00:00,18.32,47.9,4.06,2710.5
2019-08-16 03:00:00,15.03,59.6,6.88,2553.7
2019-08-16 04:00:00,14.48,61.2,13.0,2314.6
2019-08-16 05:00:00,19.57,55.8,5.27,2193.4
2019-08-16 06:00:00,15.07,57.1,2.37,2144.9
2019-08-16 07:00:00,19.15,69.9,5.76,2123.2
2019-08-16 08:00:00,19.88,63.6,7.33,2096.6
2019-08-16 09:00:00,21.42,54.1,11.72,2177.9
2019-08-16 10:00:00,23.4,54.0,2.04,2335.5
2019-08-16 11:00:00,27.73,60.8,1.34,2453.7
2019-08-16 12:00:00,20.56,50.9,6.08,2469.9
2019-08-16 13:00:00,27.39,42.4,4.86,2558.9
2019-08-16 14:00:00,19.32,58.4,3.8,2477.5
2019-08-16 15:00:00,29.22,51.9,4.63,2547.7
2019-08-16 16:00:00,20.49,59.5,2.09,2344.9
2019-08-16 17:00:00,31.29,53.6,0.72,2367.9
2019-08-16 18:00:00,23.59,47.3,8.32,2149.0
2019-08-16 19:00:00,26.96,39.2,7.97,2199.1
2019-08-16 20:00:00,25.48,46.9,1.48,2215.0
2019-08-16 21:00:00,20.64,60.1,4.44,2292.2
2019-08-16 22:00:00,19.8,48.8,7.67,2473.3
2019-08-16 23:00:00,17.64,42.4,7.0,2709.7
2019-08-17 00:00:00,20.7,56.6,2.66,2530.5
2019-08-17 01:00:00,17.04,53.8,5.63,2577.6
2019-08-17 02:00:00,15.65,45.7,1.84,2527.3
2019-08-17 03:00:00,18.9,57.5,8.9,2359.4
2019-08-17 04:00:00,15.45,56.5,4.19,2224.4
2019-08-17 05:00:00,17.27,71.6,5.8,2095.2
2019-08-17 06:00:00,19.0,57.5,6.55,2014.6
2019-08-17 07:00:00,17.95,62.3,4.23,1912.4
2019-08-17 08:00:00,19.3,56.4,6.55,1904.6
2019-08-17 09:00:00,25.4,46.9,9.11,1969.1
2019-08-17 10:00:00,22.09,50.4,2.07,2030.0
2019-08-17 11:00:00,22.66,62.5,10.58,2137.0
2019-08-17 12:00:00,23.95,58.8,3.31,2192.9
2019-08-17 13:00:00,26.16,39.2,6.81,2248.7
2019-08-17 14:00:00,22.84,43.7,4.14,2296.4
2019-08-17 15:00:00,26.63,41.2,6.03,2305.2
2019-08-17 16:00:00,26.06,59.6,10.04,2223.0
2019-08-17 17:00:00,20.55,41.7,4.89,2049.0
2019-08-17 18:00:00,28.87,55.2,6.48,2100.2
2019-08-17 19:00:00,27.21,53.4,12.07,2031.8
2019-08-17 20:00:00,20.59,56.7,3.4,1995.5
2019-08-17 21:00:00,18.75,53.2,2.43,2113.4
2019-08-17 22:00:00,21.1,64.6,9.55,2259.9
2019-08-17 23:00:00,16.0,60.1,4.32,2390.0
2019-08-18 00:00:00,21.97,42.9,3.86,2511.4
2019-08-18 01:00:00,16.75,48.9,10.68,2597.2
2019-08-18 02:00:00,21.58,41.6,2.7,2499.2
2019-08-18 03:00:00,15.33,69.3,6.87,2384.7
2019-08-18 04:00:00,17.24,69.6,13.49,2181.5
2019-08-18 05:00:00,21.09,63.8,1.9,1946.6
2019-08-18 06:00:00,17.75,56.7,13.75,1834.3
2019-08-18 07:00:00,20.07,44.5,3.63,1745.6
2019-08-18 08:00:00,23.08,45.1,3.84,1823.4
2019-08-18 09:00:00,20.0,48.1,1.27,1807.1
2019-08-18 10:00:00,19.27,56.2,5.96,1900.2
2019-08-18 11:00:00,19.74,67.3,2.1,1956.6
2019-08-18 12:00:00,25.67,62.5,7.08,2053.4
2019-08-18 13:00:00,25.82,47.4,4.58,2149.2
2019-08-18 14:00:00,27.9,31.8,5.88,2197.4
2019-08-18 15:00:00,24.7,42.9,7.83,2119.8
2019-08-18 16:00:00,21.67,64.2,16.05,2019.3
2019-08-18 17:00:00,18.97,58.7,4.94,1911.9
2019-08-18 18:00:00,31.39,44.0,7.15,1947.8
2019-08-18 19:00:00,24.7,48.8,6.42,1738.6
2019-08-18 20:00:00,22.76,47.8,5.82,1793.8
2019-08-18 21:00:00,22.08,44.7,1.5,1940.9
2019-08-18 22:00:00,16.77,75.2,2.55,2175.6
2019-08-18 23:00:00,17.4,71.8,1.61,2372.6
2019-08-19 00:00:00,22.74,47.2,12.61,2734.3
2019-08-19 01:00:00,19.39,42.5,12.77,2751.4
2019-08-19 02:00:00,15.44,61.0,7.85,2702.6
2019-08-19 03:00:00,14.14,59.5,9.6,2597.3
2019-08-19 04:00:00,16.06,64.2,1.65,2399.8
2019-08-19 05:00:00,16.96,65.3,7.14,2289.4
2019-08-19 06:00:00,23.51,43.8,3.0,2195.2
2019-08-19 07:00:00,18.74,67.2,2.07,2117.1
2019-08-19 08:00:00,17.2,55.4,9.61,2112.8
2019-08-19 09:00:00,21.06,60.0,7.11,2160.5
2019-08-19 10:00:00,22.91,51.6,1.81,2241.8
2019-08-19 11:00:00,20.01,63.4,11.81,2354.9
2019-08-19 12:00:00,25.04,33.1,4.62,2521.0
2019-08-19 13:00:00,27.7,55.7,8.15,2580.4
2019-08-19 14:00:00,25.42,45.0,3.34,2484.0
2019-08-19 15:00:00,23.22,54.0,5.99,2394.8
2019-08-19 16:00:00,23.75,63.0,8.52,2315.3
2019-08-19 17:00:00,20.53,49.2,1.95,2214.3
2019-08-19 18:00:00,23.7,45.4,14.04,2071.9
2019-08-19 19:00:00,23.99,49.8,7.94,2092.7
2019-08-19 20:00:00,20.0,52.5,6.46,2083.9
2019-08-19 21:00:00,26.06,42.8,0.5,2279.7
2019-08-19 22:00:00,22.16,55.1,4.97,2409.8
2019-08-19 23:00:00,14.73,61.5,9.72,2566.2
2019-08-20 00:00:00,13.77,64.7,0.66,2753.0
2019-08-20 01:00:00,15.11,53.4,12.68,2760.8
2019-08-20 02:00:00,21.1,47.6,1.23,2649.9
2019-08-20 03:00:00,19.26,55.6,5.95,2530.3
2019-08-20 04:00:00,21.23,53.1,14.55,2394.5
2019-08-20 05:00:00,17.59,56.1,6.65,2233.2
2019-08-20 06:00:00,17.68,52.2,8.89,2144.5
2019-08-20 07:00:00,15.91,61.9,9.62,2151.0
2019-08-20 08:00:00,20.87,47.8,7.4,2159.2
2019-08-20 09:00:00,20.54,54.6,2.44,2202.0
2019-08-20 10:00:00,21.48,52.4,4.12,2302.3
2019-08-20 11:00:00,27.08,50.1,2.47,2427.0
2019-08-20 12:00:00,23.55,62.6,13.59,2400.1
2019-08-20 13:00:00,27.83,39.2,4.2,2505.8
2019-08-20 14:00:00,20.93,36.1,10.24,2396.2
2019-08-20 15:00:00,31.75,41.8,8.12,2519.5
2019-08-20 16:00:00,23.96,43.6,5.76,2352.5
2019-08-20 17:00:00,26.27,26.9,2.36,2237.0
2019-08-20 18:00:00,26.03,65.1,2.86,2149.7
2019-08-20 19:00:00,21.79,59.0,3.18,2093.3
2019-08-20 20:00:00,24.12,58.0,1.7,2156.3
2019-08-20 21:00:00,23.21,51.1,17.05,2327.8
2019-08-20 22:00:00,18.22,60.8,7.75,2491.0
2019-08-20 23:00:00,17.28,54.8,5.74,2678.6
2019-08-21 00:00:00,18.14,64.0,0.85,2850.8
2019-08-21 01:00:00,17.1,59.8,4.43,2883.0
2019-08-21 02:00:00,20.47,55.3,4.72,2791.8
2019-08-21 03:00:00,18.61,57.4,5.42,2612.8
2019-08-21 04:00:00,16.81,70.3,5.52,2423.8
2019-08-21 05:00:00,18.91,58.2,7.42,2280.2
2019-08-21 06:00:00,12.91,53.4,1.59,2146.7
2019-08-21 07:00:00,17.32,60.8,3.46,2167.6
2019-08-21 08:00:00,20.54,59.5,7.05,2274.2
2019-08-21 09:00:00,23.64,51.9,7.16,2325.7
2019-08-21 10:00:00,22.39,53.7,5.89,2297.4
2019-08-21 11:00:00,26.5,42.3,9.06,2448.7
2019-08-21 12:00:00,25.85,52.1,4.09,2494.6
2019-08-21 13:00:00,23.1,43.8,4.98,2516.0
2019-08-21 14:00:00,24.37,50.5,9.13,2526.7
2019-08-21 15:00:00,25.88,45.9,1.73,2542.7
2019-08-21 16:00:00,23.6,61.0,13.78,2392.6
2019-08-21 17:00:00,28.15,61.9,8.41,2372.9
2019-08-21 18:00:00,20.91,46.1,3.2,2204.2
2019-08-21 19:00:00,23.64,53.0,9.38,2189.3
2019-08-21 20:00:00,23.73,50.5,1.96,2254.3
2019-08-21 21:00:00,20.07,59.7,12.42,2386.7
2019-08-21 22:00:00,18.47,58.0,0.92,2502.6
2019-08-21 23:00:00,18.66,54.0,1.56,2705.3
2019-08-22 00:00:00,19.87,56.9,2.63,2826.1
2019-08-22 01:00:00,15.96,57.5,2.83,2834.1
2019-08-22 02:00:00,14.14,73.4,6.32,2762.7
2019-08-22 03:00:00,19.55,50.0,8.9,2615.4
2019-08-22 04:00:00,17.81,59.8,1.13,2436.5
2019-08-22 05:00:00,19.73,60.3,12.96,2207.2
2019-08-22 06:00:00,19.74,59.7,7.13,2121.6
2019-08-22 07:00:00,24.12,50.3,16.84,2107.3
2019-08-22 08:00:00,22.43,65.0,4.82,2129.7
2019-08-22 09:00:00,18.86,40.2,13.9,2183.2
2019-08-22 10:00:00,22.88,44.9,17.83,2347.7
2019-08-22 11:00:00,21.28,60.3,2.83,2392.5
2019-08-22 12:00:00,22.37,47.1,2.54,2385.8
2019-08-22 13:00:00,20.61,48.0,3.95,2421.7
2019-08-22 14:00:00,23.82,49.2,3.72,2430.9
2019-08-22 15:00:00,26.04,44.9,6.18,2440.5
2019-08-22 16:00:00,24.37,57.6,3.8,2324.5
2019-08-22 17:00:00,21.39,62.1,9.36,2230.8
2019-08-22 18:00:00,19.69,57.0,7.66,2142.4
2019-08-22 19:00:00,27.95,58.1,2.64,2201.2
2019-08-22 20:00:00,22.52,42.9,4.79,2223.2
2019-08-22 21:00:00,18.61,57.7,9.75,2337.3
2019-08-22 22:00:00,20.79,66.1,6.7,2453.0
2019-08-22 23:00:00,24.15,60.5,8.03,2633.8
2019-08-23 00:00:00,19.21,68.1,2.54,2684.9
2019-08-23 01:00:00,10.06,59.2,5.24,2698.5
2019-08-23 02:00:00,23.26,60.7,1.83,2506.7
2019-08-23 03:00:00,11.87,59.1,5.75,2412.9
2019-08-23 04:00:00,16.11,63.9,4.58,2201.4
2019-08-23 05:00:00,14.19,71.1,6.04,2107.0
2019-08-23 06:00:00,15.81,53.0,2.38,2005.6
2019-08-23 07:00:00,19.2,41.8,7.17,1984.9
2019-08-23 08:00:00,14.28,75.4,9.95,2092.7
2019-08-23 09:00:00,20.26,59.7,0.55,2144.1
2019-08-23 10:00:00,24.39,51.6,1.42,2208.9
2019-08-23 11:00:00,20.38,54.4,2.8,2247.5
2019-08-23 12:00:00,19.84,39.4,3.91,2272.1
2019-08-23 13:00:00,23.61,54.8,3.22,2380.0
2019-08-23 14:00:00,23.51,48.9,1.74,2419.4
2019-08-23 15:00:00,23.0,54.0,6.08,2373.0
2019-08-23 16:00:00,21.38,55.1,5.83,2326.5
2019-08-23 17:00:00,25.25,24.8,3.22,2289.5
2019-08-23 18:00:00,24.81,56.1,6.76,2181.3
2019-08-23 19:00:00,19.83,57.7,4.43,2122.9
2019-08-23 20:00:00,19.21,59.2,14.33,2154.4
2019-08-23 21:00:00,20.83,53.9,1.19,2253.1
2019-08-23 22:00:00,17.04,58.8,2.46,2333.0
2019-08-23 23:00:00,18.94,58.2,4.1,2518.4
2019-08-24 00:00:00,21.15,57.3,10.25,2410.1
2019-08-24 01:00:00,16.69,62.5,8.44,2395.3
2019-08-24 02:00:00,13.41,63.5,7.14,2374.9
2019-08-24 03:00:00,17.29,73.0,1.52,2229.9
2019-08-24 04:00:00,16.0,53.4,2.94,2084.5
2019-08-24 05:00:00,16.47,55.8,4.44,1952.1
2019-08-24 06:00:00,18.67,70.6,9.33,1857.4
2019-08-24 07:00:00,20.03,54.7,4.7,1809.0
2019-08-24 08:00:00,19.36,64.0,7.59,1811.8
2019-08-24 09:00:00,20.15,57.0,6.86,1812.0
2019-08-24 10:00:00,26.5,49.0,7.63,2017.8
2019-08-24 11:00:00,25.31,59.6,2.74,2091.1
2019-08-24 12:00:00,25.22,56.0,8.58,2116.5
2019-08-24 13:00:00,24.1,40.4,7.3,2173.5
2019-08-24 14:00:00,21.66,56.1,13.63,2118.5
2019-08-24 15:00:00,27.12,42.3,3.65,2185.8
2019-08-24 16:00:00,24.53,62.5,5.75,2092.6
2019-08-24 17:00:00,22.33,68.2,1.72,1944.8
2019-08-24 18:00:00,22.53,69.0,1.16,1800.8
2019-08-24 19:00:00,19.89,58.9,14.99,1754.7
2019-08-24 20:00:00,23.98,49.1,6.64,1836.4
2019-08-24 21:00:00,22.01,57.0,1.06,1891.8
2019-08-24 22:00:00,19.72,48.7,7.19,2062.1
2019-08-24 23:00:00,18.2,76.2,3.63,2313.7
2019-08-25 00:00:00,15.59,69.1,7.54,2445.8
2019-08-25 01:00:00,11.33,65.4,8.86,2587.0
2019-08-25 02:00:00,12.72,69.8,6.22,2521.5
2019-08-25 03:00:00,14.26,56.7,4.02,2355.7
2019-08-25 04:00:00,14.02,51.9,5.12,2138.6
2019-08-25 05:00:00,17.38,40.4,7.76,1941.4
2019-08-25 06:00:00,19.32,57.2,8.54,1858.8
2019-08-25 07:00:00,17.8,56.1,2.65,1814.1
2019-08-25 08:00:00,22.61,58.1,1.42,1836.2
2019-08-25 09:00:00,18.16,57.6,1.84,1904.8
2019-08-25 10:00:00,20.82,59.1,4.2,1954.7
2019-08-25 11:00:00,21.99,60.9,8.35,2069.5
2019-08-25 12:00:00,25.68,39.8,4.39,2187.6
2019-08-25 13:00:00,23.85,59.9,1.65,2179.2
2019-08-25 14:00:00,24.32,49.3,6.1,2206.2
2019-08-25 15:00:00,19.98,60.2,4.77,2058.1
2019-08-25 16:00:00,21.73,62.8,8.74,2013.3
2019-08-25 17:00:00,26.32,59.2,2.21,1993.5
2019-08-25 18:00:00,17.76,58.8,6.49,1776.6
2019-08-25 19:00:00,25.48,53.0,5.97,1724.2
2019-08-25 20:00:00,22.4,61.2,7.42,1743.6
2019-08-25 21:00:00,18.25,45.4,9.63,1865.8
2019-08-25 22:00:00,17.0,50.8,0.73,2066.7
2019-08-25 23:00:00,22.86,51.5,2.99,2275.3
2019-08-26 00:00:00,20.63,44.8,4.49,2723.0
2019-08-26 01:00:00,16.17,56.9,2.96,2741.2
2019-08-26 02:00:00,16.41,56.3,5.61,2698.1
2019-08-26 03:00:00,14.32,61.2,4.54,2533.4
2019-08-26 04:00:00,16.41,58.4,1.67,2379.9
2019-08-26 05:00:00,14.78,68.7,7.63,2214.3
2019-08-26 06:00:00,16.91,63.1,2.1,2070.8
2019-08-26 07:00:00,22.46,53.5,5.67,2030.5
2019-08-26 08:00:00,18.66,54.4,1.87,2080.2
2019-08-26 09:00:00,17.31,57.8,5.66,2100.6
2019-08-26 10:00:00,17.55,57.7,4.49,2190.1
2019-08-26 11:00:00,22.25,74.3,4.99,2287.9
2019-08-26 12:00:00,20.86,43.7,5.91,2369.6
2019-08-26 13:00:00,24.01,45.4,8.99,2464.6
2019-08-26 14:00:00,19.75,47.6,3.47,2533.6
2019-08-26 15:00:00,25.66,53.6,1.55,2478.9
2019-08-26 16:00:00,21.15,56.9,4.2,2341.8
2019-08-26 17:00:00,23.51,48.6,9.17,2253.9
2019-08-26 18:00:00,21.92,61.6,0.37,2132.2
2019-08-26 19:00:00,26.23,54.0,1.54,2197.3
2019-08-26 20:00:00,21.4,62.4,4.37,2233.6
2019-08-26 21:00:00,24.8,61.8,9.78,2467.9
2019-08-26 22:00:00,20.3,38.7,3.14,2587.2
2019-08-26 23:00:00,21.5,60.3,4.23,2701.0
2019-08-27 00:00:00,16.39,48.6,2.85,2808.1
2019-08-27 01:00:00,17.14,60.3,3.54,2789.7
2019-08-27 02:00:00,18.93,56.3,7.9,2748.7
2019-08-27 03:00:00,18.01,57.4,8.75,2626.0
2019-08-27 04:00:00,17.21,48.6,8.26,2474.4
2019-08-27 05:00:00,15.46,67.9,7.4,2395.5
2019-08-27 06:00:00,16.52,48.5,1.96,2278.7
2019-08-27 07:00:00,20.59,61.5,13.79,2203.8
2019-08-27 08:00:00,22.07,42.9,12.98,2213.9
2019-08-27 09:00:00,18.26,57.2,4.49,2222.2
2019-08-27 10:00:00,18.92,71.3,9.53,2263.5
2019-08-27 11:00:00,19.48,75.3,0.61,2337.3
2019-08-27 12:00:00,24.65,39.3,10.18,2448.0
2019-08-27 13:00:00,20.88,49.7,5.55,2425.1
2019-08-27 14:00:00,25.65,47.3,2.15,2426.8
2019-08-27 15:00:00,25.11,70.0,10.49,2423.5
2019-08-27 16:00:00,22.24,53.7,0.78,2283.8
2019-08-27 17:00:00,27.12,58.9,8.27,2265.7
2019-08-27 18:00:00,18.92,59.3,10.4,2163.7
2019-08-27 19:00:00,25.89,41.7,11.59,2205.2
2019-08-27 20:00:00,21.58,39.9,0.58,2219.5
2019-08-27 21:00:00,14.56,55.4,1.22,2380.1
2019-08-27 22:00:00,22.69,72.4,1.37,2559.3
2019-08-27 23:00:00,20.17,57.9,7.74,2675.6
2019-08-28 00:00:00,15.65,67.9,13.41,2894.8
2019-08-28 01:00:00,13.68,49.7,6.59,2920.6
2019-08-28 02:00:00,11.77,60.0,3.27,2846.5
2019-08-28 03:00:00,21.59,61.0,12.49,2686.6
2019-08-28 04:00:00,13.38,52.6,12.86,2427.7
2019-08-28 05:00:00,12.93,61.1,14.26,2237.9
2019-08-28 06:00:00,17.39,51.0,2.14,2210.4
2019-08-28 07:00:00,13.46,67.8,1.57,2095.0
2019-08-28 08:00:00,16.06,62.3,1.06,2118.9
2019-08-28 09:00:00,22.04,59.8,1.55,2192.0
2019-08-28 10:00:00,21.75,61.6,0.7,2251.9
2019-08-28 11:00:00,20.59,53.7,9.44,2408.4
2019-08-28 12:00:00,22.43,62.1,6.46,2402.1
2019-08-28 13:00:00,21.91,49.8,28.45,2412.7
2019-08-28 14:00:00,23.26,58.4,4.79,2450.1
2019-08-28 15:00:00,21.65,38.9,5.26,2423.7
2019-08-28 16:00:00,21.97,48.5,10.65,2352.1
2019-08-28 17:00:00,21.49,73.3,3.53,2263.5
2019-08-28 18:00:00,20.57,60.4,2.2,2148.0
2019-08-28 19:00:00,24.16,57.6,6.19,2121.4
2019-08-28 20:00:00,22.51,47.4,4.52,2107.8
2019-08-28 21:00:00,17.22,49.5,6.02,2255.3
2019-08-28 22:00:00,15.53,57.5,14.36,2371.3
2019-08-28 23:00:00,17.16,57.7,2.67,2510.2
2019-08-29 00:00:00,21.92,69.8,2.76,2691.6
2019-08-29 01:00:00,13.33,69.5,8.81,2707.0
2019-08-29 02:00:00,15.1,60.8,2.83,2743.0
2019-08-29 03:00:00,15.58,60.1,25.23,2573.7
2019-08-29 04:00:00,15.23,65.9,4.32,2382.1
2019-08-29 05:00:00,14.75,49.6,6.43,2287.3
2019-08-29 06:00:00,19.42,41.1,10.73,2226.6
2019-08-29 07:00:00,18.5,63.1,5.45,2178.6
2019-08-29 08:00:00,20.44,56.2,4.51,2191.6
2019-08-29 09:00:00,20.84,44.8,9.82,2283.8
2019-08-29 10:00:00,22.63,37.1,2.56,2357.1
2019-08-29 11:00:00,25.32,58.9,6.26,2438.5
2019-08-29 12:00:00,25.52,47.4,2.11,2488.5
2019-08-29 13:00:00,28.64,52.3,9.24,2655.8
2019-08-29 14:00:00,26.27,48.9,4.25,2594.3
2019-08-29 15:00:00,21.69,54.4,6.35,2482.8
2019-08-29 16:00:00,25.34,47.0,11.33,2435.7
2019-08-29 17:00:00,24.6,51.7,2.33,2321.8
2019-08-29 18:00:00,26.99,55.0,7.17,2235.2
2019-08-29 19:00:00,18.94,54.6,9.33,2196.8
2019-08-29 20:00:00,21.79,51.9,8.49,2215.1
2019-08-29 21:00:00,17.66,62.7,4.21,2354.2
2019-08-29 22:00:00,19.61,61.7,1.36,2589.9
2019-08-29 23:00:00,16.82,49.4,11.63,2738.1
2019-08-30 00:00:00,17.54,57.7,1.36,2867.1
2019-08-30 01:00:00,12.18,58.1,1.11,2831.8
2019-08-30 02:00:00,17.29,58.3,4.94,2722.6
2019-08-30 03:00:00,15.68,70.9,2.92,2581.6
2019-08-30 04:00:00,15.69,62.3,6.71,2392.4
2019-08-30 05:00:00,20.58,72.8,8.85,2274.8
2019-08-30 06:00:00,15.38,61.4,4.17,2157.5
2019-08-30 07:00:00,18.02,56.2,19.5,2118.6
2019-08-30 08:00:00,18.38,57.1,2.45,2120.6
2019-08-30 09:00:00,19.66,57.4,0.92,2229.0
2019-08-30 10:00:00,25.76,54.0,4.85,2336.2
2019-08-30 11:00:00,21.33,47.0,5.19,2337.3
2019-08-30 12:00:00,20.58,53.7,7.56,2367.6
2019-08-30 13:00:00,27.31,44.4,3.66,2443.2
2019-08-30 14:00:00,22.26,62.4,1.31,2423.6
2019-08-30 15:00:00,19.16,41.3,5.38,2391.9
2019-08-30 16:00:00,21.18,56.3,6.72,2440.6
2019-08-30 17:00:00,19.52,44.2,5.69,2307.8
2019-08-30 18:00:00,17.5,61.5,6.88,2150.8
2019-08-30 19:00:00,20.26,52.6,6.19,2108.8
2019-08-30 20:00:00,20.03,41.4,5.7,2246.5
2019-08-30 21:00:00,22.12,61.8,3.28,2376.4
2019-08-30 22:00:00,19.71,36.1,3.1,2540.2
2019-08-30 23:00:00,18.63,56.8,14.9,2688.7
2019-08-31 00:00:00,13.91,66.4,2.26,2546.9
2019-08-31 01:00:00,17.72,68.8,15.11,2619.6
2019-08-31 02:00:00,18.59,44.2,2.8,2502.7
2019-08-31 03:00:00,15.96,55.1,12.64,2353.0
2019-08-31 04:00:00,16.17,67.7,9.14,2182.5
2019-08-31 05:00:00,12.35,71.3,7.75,2029.2
2019-08-31 06:00:00,18.78,67.2,0.16,1919.4
2019-08-31 07:00:00,21.43,75.4,3.2,1831.1
2019-08-31 08:00:00,18.75,52.9,6.03,1872.3
2019-08-31 09:00:00,17.49,61.0,9.67,1924.9
2019-08-31 10:00:00,19.6,53.5,4.81,2052.5
2019-08-31 11:00:00,19.92,40.3,1.55,2115.5
2019-08-31 12:00:00,20.9,54.6,5.08,2174.2
2019-08-31 13:00:00,24.06,36.8,6.89,2241.4
2019-08-31 14:00:00,23.54,49.0,4.28,2260.6
2019-08-31 15:00:00,25.48,39.9,14.22,2176.9
2019-08-31 16:00:00,23.77,56.5,5.37,2097.3
2019-08-31 17:00:00,20.28,49.5,10.13,1918.2
2019-08-31 18:00:00,20.55,41.3,3.2,1829.5
2019-08-31 19:00:00,19.57,63.3,8.43,1832.3
2019-08-31 20:00:00,19.54,51.5,2.76,1966.3
2019-08-31 21:00:00,23.46,49.8,8.59,2059.5
2019-08-31 22:00:00,22.83,45.9,4.22,2199.0
2019-08-31 23:00:00,19.07,65.9,1.61,2309.9
2019-09-01 00:00:00,16.25,61.2,3.69,2421.7
2019-09-01 01:00:00,11.91,57.6,2.37,2557.2
2019-09-01 02:00:00,15.47,44.3,3.93,2419.8
2019-09-01 03:00:00,12.8,81.8,1.65,2157.4
2019-09-01 04:00:00,18.99,72.6,1.35,2046.0
2019-09-01 05:00:00,11.3,74.5,2.24,1947.5
2019-09-01 06:00:00,16.91,52.8,0.78,1864.7
2019-09-01 07:00:00,14.59,56.3,11.08,1848.2
2019-09-01 08:00:00,17.72,61.0,5.02,1910.0
2019-09-01 09:00:00,20.44,48.5,5.46,2000.7
2019-09-01 10:00:00,22.37,46.2,4.03,2029.4
2019-09-01 11:00:00,20.63,67.2,1.93,2051.3
2019-09-01 12:00:00,23.51,52.8,6.91,2095.7
2019-09-01 13:00:00,20.59,46.6,6.26,2105.9
2019-09-01 14:00:00,23.26,61.0,2.04,2170.2
2019-09-01 15:00:00,25.28,47.2,8.75,2214.4
2019-09-01 16:00:00,23.47,37.4,1.69,2102.6
2019-09-01 17:00:00,20.92,46.2,5.34,2005.3
2019-09-01 18:00:00,20.91,51.1,9.71,1915.1
2019-09-01 19:00:00,23.32,55.1,12.48,1858.0
2019-09-01 20:00:00,17.08,59.7,4.29,1860.9
2019-09-01 21:00:00,16.42,68.7,2.54,1999.8
2019-09-01 22:00:00,19.25,54.7,1.15,2217.2
2019-09-01 23:00:00,15.68,55.7,3.75,2414.9
2019-09-02 00:00:00,12.12,72.3,3.63,2782.5
2019-09-02 01:00:00,18.5,65.0,10.13,2865.9
2019-09-02 02:00:00,11.97,60.7,5.4,2846.4
2019-09-02 03:00:00,14.08,63.1,1.61,2622.0
2019-09-02 04:00:00,13.17,57.7,8.65,2396.3
2019-09-02 05:00:00,14.37,51.2,9.83,2191.0
2019-09-02 06:00:00,13.54,78.7,5.91,2143.8
2019-09-02 07:00:00,18.37,53.0,8.83,2107.1
2019-09-02 08:00:00,17.82,60.1,4.84,2139.0
2019-09-02 09:00:00,21.04,43.0,8.22,2225.2
2019-09-02 10:00:00,18.1,63.4,3.19,2296.6
2019-09-02 11:00:00,25.92,41.6,12.76,2389.8
2019-09-02 12:00:00,16.65,72.1,1.76,2363.9
2019-09-02 13:00:00,18.08,71.9,23.36,2405.0
2019-09-02 14:00:00,26.83,55.1,16.69,2516.7
2019-09-02 15:00:00,23.77,53.9,13.06,2372.9
2019-09-02 16:00:00,23.3,51.9,2.57,2285.2
2019-09-02 17:00:00,23.13,53.1,3.85,2121.0
2019-09-02 18:00:00,22.84,57.0,3.36,2090.5
2019-09-02 19:00:00,21.33,55.7,2.7,1995.1
2019-09-02 20:00:00,17.2,66.1,3.21,1996.1
2019-09-02 21:00:00,20.63,48.2,7.28,2183.5
2019-09-02 22:00:00,19.2,68.9,4.0,2355.3
2019-09-02 23:00:00,20.15,52.5,2.03,2481.4
2019-09-03 00:00:00,19.97,50.1,0.99,2656.2
2019-09-03 01:00:00,15.75,62.3,9.26,2708.0
2019-09-03 02:00:00,11.45,66.3,5.72,2727.8
2019-09-03 03:00:00,18.82,43.1,5.1,2533.1
2019-09-03 04:00:00,11.98,58.6,0.36,2329.1
2019-09-03 05:00:00,15.77,42.0,2.07,2162.6
2019-09-03 06:00:00,14.92,54.7,5.2,2123.4
2019-09-03 07:00:00,15.31,54.7,6.94,2022.3
2019-09-03 08:00:00,19.26,59.0,0.24,2050.4
2019-09-03 09:00:00,19.0,50.5,5.04,2135.8
2019-09-03 10:00:00,20.7,51.0,6.09,2268.1
2019-09-03 11:00:00,18.35,67.8,2.32,2309.0
2019-09-03 12:00:00,20.78,71.9,10.88,2390.2
2019-09-03 13:00:00,19.93,48.7,1.6,2410.8
2019-09-03 14:00:00,21.75,62.8,6.18,2377.4
2019-09-03 15:00:00,22.09,57.4,3.45,2353.1
2019-09-03 16:00:00,26.86,36.6,7.46,2340.9
2019-09-03 17:00:00,21.2,48.7,4.9,2212.1
2019-09-03 18:00:00,15.9,35.1,10.17,2210.5
2019-09-03 19:00:00,23.87,55.5,2.03,2203.9
2019-09-03 20:00:00,20.54,47.0,3.43,2221.4
2019-09-03 21:00:00,18.06,58.6,7.55,2362.6
2019-09-03 22:00:00,16.26,79.6,5.48,2502.7
2019-09-03 23:00:00,14.02,73.5,7.65,2709.8
2019-09-04 00:00:00,20.2,49.7,8.6,2801.7
2019-09-04 01:00:00,14.85,52.0,8.33,2838.9
2019-09-04 02:00:00,9.98,74.4,6.07,2751.5
2019-09-04 03:00:00,15.01,52.0,8.5,2590.1
2019-09-04 04:00:00,17.34,66.1,4.54,2479.5
2019-09-04 05:00:00,15.11,81.8,7.21,2283.1
2019-09-04 06:00:00,13.1,66.9,1.84,2204.6
2019-09-04 07:00:00,13.71,70.5,5.63,2152.0
2019-09-04 08:00:00,14.86,68.7,5.87,2209.9
2019-09-04 09:00:00,21.99,50.0,13.79,2207.8
2019-09-04 10:00:00,19.04,59.1,4.16,2268.0
2019-09-04 11:00:00,15.99,51.6,1.4,2306.3
2019-09-04 12:00:00,21.98,64.7,1.37,2439.1
2019-09-04 13:00:00,22.0,45.7,13.75,2529.1
2019-09-04 14:00:00,20.93,60.9,11.96,2499.1
2019-09-04 15:00:00,19.64,65.3,6.43,2414.6
2019-09-04 16:00:00,19.39,52.6,1.05,2324.6
2019-09-04 17:00:00,24.37,46.7,6.52,2288.1
2019-09-04 18:00:00,21.63,53.3,6.93,2187.4
2019-09-04 19:00:00,21.38,47.8,5.08,2133.6
2019-09-04 20:00:00,19.83,57.4,6.49,2223.4
2019-09-04 21:00:00,19.01,49.5,3.72,2357.2
2019-09-04 22:00:00,15.98,52.5,1.06,2494.8
2019-09-04 23:00:00,15.67,63.8,9.17,2589.8
2019-09-05 00:00:00,18.07,62.5,6.28,2810.1
2019-09-05 01:00:00,18.06,55.2,11.99,2823.2
2019-09-05 02:00:00,11.07,50.0,8.19,2653.5
2019-09-05 03:00:00,13.47,70.6,2.53,2531.7
2019-09-05 04:00:00,16.22,55.4,0.81,2301.3
2019-09-05 05:00:00,19.23,73.1,6.78,2220.8
2019-09-05 06:00:00,19.61,55.2,5.1,2183.2
2019-09-05 07:00:00,14.0,61.9,5.38,2144.0
2019-09-05 08:00:00,20.14,52.4,6.35,2125.2
2019-09-05 09:00:00,18.13,59.4,0.69,2210.2
2019-09-05 10:00:00,21.63,82.5,4.5,2334.3
2019-09-05 11:00:00,21.96,51.6,2.52,2397.8
2019-09-05 12:00:00,17.66,68.1,5.67,2441.3
2019-09-05 13:00:00,22.83,54.5,2.66,2458.1
2019-09-05 14:00:00,24.37,61.9,3.71,2474.7
2019-09-05 15:00:00,21.94,39.0,3.54,2415.2
2019-09-05 16:00:00,21.24,70.6,3.73,2325.5
2019-09-05 17:00:00,17.52,60.7,8.78,2195.6
2019-09-05 18:00:00,22.52,51.8,3.52,2189.9
2019-09-05 19:00:00,20.51,62.8,9.32,2140.6
2019-09-05 20:00:00,16.72,59.8,0.44,2164.6
2019-09-05 21:00:00,17.17,49.1,2.71,2302.8
2019-09-05 22:00:00,17.34,38.7,0.64,2493.8
2019-09-05 23:00:00,14.59,74.9,7.89,2670.9
2019-09-06 00:00:00,14.97,58.2,4.68,2752.5
2019-09-06 01:00:00,9.95,59.1,4.07,2787.2
2019-09-06 02:00:00,17.3,53.9,3.03,2724.6
2019-09-06 03:00:00,13.83,72.7,8.85,2594.1
2019-09-06 04:00:00,11.17,59.1,5.93,2432.9
2019-09-06 05:00:00,8.17,70.6,3.08,2308.1
2019-09-06 06:00:00,17.53,55.3,17.39,2151.2
2019-09-06 07:00:00,17.18,48.2,3.67,2228.6
2019-09-06 08:00:00,17.28,65.4,1.02,2260.4
2019-09-06 09:00:00,19.95,64.9,10.11,2336.9
2019-09-06 10:00:00,20.97,49.8,3.18,2418.7
2019-09-06 11:00:00,20.27,55.5,2.21,2469.7
2019-09-06 12:00:00,19.98,56.8,7.6,2478.2
2019-09-06 13:00:00,20.21,59.4,6.34,2505.1
2019-09-06 14:00:00,22.7,69.6,2.97,2476.8
2019-09-06 15:00:00,25.28,49.2,2.82,2417.1
2019-09-06 16:00:00,21.39,52.2,8.53,2399.3
2019-09-06 17:00:00,24.94,50.6,5.29,2362.8
2019-09-06 18:00:00,21.55,47.2,8.54,2239.4
2019-09-06 19:00:00,20.74,41.6,4.49,2198.6
2019-09-06 20:00:00,24.83,53.2,1.9,2291.1
2019-09-06 21:00:00,21.92,58.7,6.34,2371.6
2019-09-06 22:00:00,20.95,55.3,7.0,2518.4
2019-09-06 23:00:00,13.79,60.5,4.0,2749.1
2019-09-07 00:00:00,20.24,48.6,4.49,2578.2
2019-09-07 01:00:00,13.92,62.9,2.21,2648.9
2019-09-07 02:00:00,13.15,62.8,1.27,2565.4
2019-09-07 03:00:00,8.19,69.2,7.81,2436.7
2019-09-07 04:00:00,14.54,63.0,1.78,2221.6
2019-09-07 05:00:00,11.41,66.0,6.23,2019.3
2019-09-07 06:00:00,15.78,69.9,9.01,1897.1
2019-09-07 07:00:00,12.68,66.4,7.08,1885.4
2019-09-07 08:00:00,21.04,59.0,8.14,1878.2
2019-09-07 09:00:00,18.96,42.9,10.88,1909.8
2019-09-07 10:00:00,24.32,61.0,0.89,2046.3
2019-09-07 11:00:00,17.03,56.0,7.04,2116.2
2019-09-07 12:00:00,24.29,53.2,5.45,2151.5
2019-09-07 13:00:00,16.54,48.6,5.4,2225.8
2019-09-07 14:00:00,21.97,71.1,7.06,2285.7
2019-09-07 15:00:00,20.01,36.2,1.45,2234.5
2019-09-07 16:00:00,20.33,67.6,12.01,2086.3
2019-09-07 17:00:00,19.76,59.6,6.56,1938.0
2019-09-07 18:00:00,18.13,42.3,0.8,1841.7
2019-09-07 19:00:00,16.44,75.1,7.47,1868.1
2019-09-07 20:00:00,17.51,62.1,0.88,1923.3
2019-09-07 21:00:00,17.88,38.8,9.03,2004.2
2019-09-07 22:00:00,19.46,53.1,8.89,2252.1
2019-09-07 23:00:00,16.32,63.2,1.79,2429.3
2019-09-08 00:00:00,17.47,71.7,1.03,2588.3
2019-09-08 01:00:00,10.22,60.5,6.83,2598.0
2019-09-08 02:00:00,12.44,40.9,0.91,2444.9
2019-09-08 03:00:00,15.16,71.5,4.0,2236.3
2019-09-08 04:00:00,14.38,64.5,13.14,2048.0
2019-09-08 05:00:00,11.77,44.7,4.29,1930.8
2019-09-08 06:00:00,16.89,61.2,8.76,1869.5
2019-09-08 07:00:00,14.06,64.3,11.23,1925.3
2019-09-08 08:00:00,14.41,57.9,10.2,1947.1
2019-09-08 09:00:00,18.6,50.5,5.59,1999.8
2019-09-08 10:00:00,18.43,52.4,2.48,2032.3
2019-09-08 11:00:00,18.08,54.9,11.25,2146.1
2019-09-08 12:00:00,18.82,59.8,0.32,2264.7
2019-09-08 13:00:00,18.17,63.8,1.32,2270.8
2019-09-08 14:00:00,20.26,38.6,5.42,2269.6
2019-09-08 15:00:00,24.13,54.7,12.83,2267.7
2019-09-08 16:00:00,21.86,58.4,10.95,2133.6
2019-09-08 17:00:00,23.24,54.8,4.07,1975.1
2019-09-08 18:00:00,21.5,51.6,9.02,1893.6
2019-09-08 19:00:00,17.85,69.1,4.7,1888.6
2019-09-08 20:00:00,14.3,71.3,3.5,1898.5
2019-09-08 21:00:00,15.07,57.0,7.02,2032.3
2019-09-08 22:00:00,14.67,59.6,4.19,2301.0
2019-09-08 23:00:00,13.51,67.4,6.64,2517.9
2019-09-09 00:00:00,16.81,68.8,9.58,2902.5
2019-09-09 01:00:00,16.14,52.6,7.72,2894.8
2019-09-09 02:00:00,18.85,48.6,1.74,2837.6
2019-09-09 03:00:00,11.27,65.2,2.83,2613.4
2019-09-09 04:00:00,17.31,49.2,13.0,2436.4
2019-09-09 05:00:00,17.7,42.3,9.08,2266.1
2019-09-09 06:00:00,13.77,54.4,5.58,2205.6
2019-09-09 07:00:00,16.37,62.2,3.64,2087.7
2019-09-09 08:00:00,19.25,69.0,8.83,2224.6
2019-09-09 09:00:00,17.03,52.7,3.21,2260.1
2019-09-09 10:00:00,17.88,56.7,6.8,2395.2
2019-09-09 11:00:00,17.61,59.2,4.51,2485.3
2019-09-09 12:00:00,14.11,55.5,5.68,2546.1
2019-09-09 13:00:00,20.82,49.5,3.94,2582.9
2019-09-09 14:00:00,19.27,59.3,8.1,2580.9
2019-09-09 15:00:00,18.49,47.6,0.56,2515.8
2019-09-09 16:00:00,22.1,48.2,1.62,2450.5
2019-09-09 17:00:00,17.02,56.8,4.05,2334.7
2019-09-09 18:00:00,22.02,57.0,5.29,2262.9
2019-09-09 19:00:00,20.39,43.6,11.72,2234.2
2019-09-09 20:00:00,17.22,57.2,9.4,2251.8
2019-09-09 21:00:00,17.02,48.1,1.19,2351.4
2019-09-09 22:00:00,13.17,56.0,5.75,2538.6
2019-09-09 23:00:00,17.06,64.7,5.14,2730.8
2019-09-10 00:00:00,14.62,59.7,0.9,2831.9
2019-09-10 01:00:00,14.17,74.0,6.79,2816.6
2019-09-10 02:00:00,14.37,59.9,5.87,2756.9
2019-09-10 03:00:00,11.37,70.6,9.54,2625.3
2019-09-10 04:00:00,9.32,70.9,5.35,2462.7
2019-09-10 05:00:00,15.91,59.2,2.52,2300.7
2019-09-10 06:00:00,15.87,48.8,5.34,2237.5
2019-09-10 07:00:00,13.64,60.2,1.71,2163.9
2019-09-10 08:00:00,16.97,54.2,4.11,2156.2
2019-09-10 09:00:00,20.12,51.3,2.27,2197.6
2019-09-10 10:00:00,20.86,56.6,11.47,2273.6
2019-09-10 11:00:00,17.57,46.4,4.59,2328.2
2019-09-10 12:00:00,16.08,52.1,2.25,2375.8
2019-09-10 13:00:00,17.15,50.2,13.58,2465.6
2019-09-10 14:00:00,20.06,53.9,4.91,2475.7
2019-09-10 15:00:00,24.63,46.1,2.66,2506.6
2019-09-10 16:00:00,19.02,51.2,3.72,2402.4
2019-09-10 17:00:00,18.95,57.9,8.35,2274.5
2019-09-10 18:00:00,18.26,53.8,6.91,2234.7
2019-09-10 19:00:00,17.65,57.9,5.69,2178.4
2019-09-10 20:00:00,17.99,48.7,1.55,2234.5
2019-09-10 21:00:00,13.78,54.4,12.96,2387.0
2019-09-10 22:00:00,18.65,73.4,9.24,2551.3
2019-09-10 23:00:00,14.62,54.7,17.91,2715.3
2019-09-11 00:00:00,20.14,39.0,4.62,2807.8
2019-09-11 01:00:00,10.38,66.4,4.88,2841.3
2019-09-11 02:00:00,16.88,52.8,0.5,2737.7
2019-09-11 03:00:00,16.25,60.9,4.1,2584.3
2019-09-11 04:00:00,11.88,61.8,1.03,2402.7
2019-09-11 05:00:00,12.32,66.5,3.8,2237.0
2019-09-11 06:00:00,11.64,61.9,10.57,2162.7
2019-09-11 07:00:00,12.5,60.2,6.8,2185.3
2019-09-11 08:00:00,15.74,68.6,11.16,2239.6
2019-09-11 09:00:00,16.83,40.8,8.77,2214.1
2019-09-11 10:00:00,13.8,50.4,4.05,2294.5
2019-09-11 11:00:00,24.51,45.8,1.78,2486.9
2019-09-11 12:00:00,18.95,43.3,9.07,2517.0
2019-09-11 13:00:00,20.4,51.8,4.62,2536.6
2019-09-11 14:00:00,19.07,52.1,10.1,2590.9
2019-09-11 15:00:00,20.11,63.7,6.03,2543.8
2019-09-11 16:00:00,19.74,55.5,6.87,2505.1
2019-09-11 17:00:00,20.23,54.1,8.61,2384.0
2019-09-11 18:00:00,19.57,53.3,12.01,2300.7
2019-09-11 19:00:00,20.79,47.0,4.5,2225.7
2019-09-11 20:00:00,18.38,64.4,4.61,2301.6
2019-09-11 21:00:00,18.53,66.9,8.32,2413.1
2019-09-11 22:00:00,15.71,49.7,2.66,2586.8
2019-09-11 23:00:00,15.35,72.7,7.92,2793.5
2019-09-12 00:00:00,13.14,56.1,8.81,2924.6
2019-09-12 01:00:00,15.61,53.5,19.44,2930.2
2019-09-12 02:00:00,13.51,65.0,7.66,2788.9
2019-09-12 03:00:00,12.17,66.8,11.4,2635.1
2019-09-12 04:00:00,12.24,61.6,3.95,2446.5
2019-09-12 05:00:00,12.83,59.0,3.7,2298.3
2019-09-12 06:00:00,13.82,70.3,4.91,2196.6
2019-09-12 07:00:00,14.43,55.5,3.15,2219.3
2019-09-12 08:00:00,14.14,60.1,7.84,2259.5
2019-09-12 09:00:00,18.48,70.8,2.47,2295.6
2019-09-12 10:00:00,19.67,45.6,2.34,2390.6
2019-09-12 11:00:00,23.03,49.9,2.17,2520.1
2019-09-12 12:00:00,17.89,65.9,6.93,2532.2
2019-09-12 13:00:00,21.7,58.9,2.35,2554.4
2019-09-12 14:00:00,15.66,66.6,2.34,2528.6
2019-09-12 15:00:00,22.64,43.3,2.38,2511.7
2019-09-12 16:00:00,16.79,61.1,0.51,2511.3
2019-09-12 17:00:00,17.57,55.7,3.54,2444.1
2019-09-12 18:00:00,20.23,74.0,8.02,2323.2
2019-09-12 19:00:00,17.02,64.9,7.39,2296.6
2019-09-12 20:00:00,15.71,59.3,7.55,2372.1
2019-09-12 21:00:00,15.36,62.0,8.74,2410.6
2019-09-12 22:00:00,17.36,58.5,8.13,2540.3
2019-09-12 23:00:00,12.24,67.8,3.95,2754.6
2019-09-13 00:00:00,13.4,54.4,8.29,2815.1
2019-09-13 01:00:00,11.95,73.4,2.08,2847.5
2019-09-13 02:00:00,14.55,49.8,5.62,2804.0
2019-09-13 03:00:00,14.48,62.1,2.17,2665.9
2019-09-13 04:00:00,7.91,59.1,3.21,2504.8
2019-09-13 05:00:00,15.51,59.9,11.93,2385.2
2019-09-13 06:00:00,12.01,70.3,4.02,2313.0
2019-09-13 07:00:00,14.96,46.3,3.2,2357.1
2019-09-13 08:00:00,12.98,60.3,9.54,2311.1
2019-09-13 09:00:00,17.29,46.6,2.95,2333.0
2019-09-13 10:00:00,23.78,50.7,7.23,2409.6
2019-09-13 11:00:00,18.68,45.5,6.03,2508.8
2019-09-13 12:00:00,18.04,58.9,4.77,2585.6
2019-09-13 13:00:00,19.25,53.2,2.68,2593.3
2019-09-13 14:00:00,16.56,64.7,14.17,2550.3
2019-09-13 15:00:00,23.99,62.6,3.09,2487.7
2019-09-13 16:00:00,21.01,55.3,12.37,2465.2
2019-09-13 17:00:00,17.21,65.4,7.57,2357.3
2019-09-13 18:00:00,16.65,69.7,9.45,2270.7
2019-09-13 19:00:00,18.4,49.9,5.96,2187.3
2019-09-13 20:00:00,19.73,67.7,14.5,2231.7
2019-09-13 21:00:00,13.49,60.9,17.02,2322.8
2019-09-13 22:00:00,18.11,49.7,4.38,2511.6
2019-09-13 23:00:00,14.14,63.1,3.24,2680.3
2019-09-14 00:00:00,11.01,62.6,5.54,2532.9
2019-09-14 01:00:00,11.53,51.5,4.23,2615.8
2019-09-14 02:00:00,16.67,49.9,11.12,2592.4
2019-09-14 03:00:00,8.69,78.1,7.84,2469.3
2019-09-14 04:00:00,10.47,65.9,1.92,2200.8
2019-09-14 05:00:00,15.08,71.8,1.87,2010.4
2019-09-14 06:00:00,13.87,57.6,6.2,1883.6
2019-09-14 07:00:00,12.18,55.8,11.07,1942.2
2019-09-14 08:00:00,17.54,44.5,2.81,2008.8
2019-09-14 09:00:00,18.69,64.8,7.41,2114.6
2019-09-14 10:00:00,18.02,60.9,8.78,2143.0
2019-09-14 11:00:00,16.63,55.4,7.69,2146.3
2019-09-14 12:00:00,17.84,51.4,1.54,2251.5
2019-09-14 13:00:00,20.34,64.7,3.83,2198.1
2019-09-14 14:00:00,16.74,57.2,3.86,2219.9
2019-09-14 15:00:00,23.48,51.9,8.8,2231.5
2019-09-14 16:00:00,24.27,47.8,3.56,2124.5
2019-09-14 17:00:00,19.03,53.5,1.98,2072.5
2019-09-14 18:00:00,19.88,60.5,8.42,1972.4
2019-09-14 19:00:00,21.12,43.8,2.48,1949.7
2019-09-14 20:00:00,22.08,55.0,1.11,2013.3
2019-09-14 21:00:00,20.05,63.6,3.73,2141.9
2019-09-14 22:00:00,10.79,62.7,1.24,2293.2
2019-09-14 23:00:00,13.37,69.7,0.91,2438.7
2019-09-15 00:00:00,14.38,71.2,0.43,2584.5
2019-09-15 01:00:00,11.25,70.2,7.06,2637.6
2019-09-15 02:00:00,16.55,54.5,5.25,2599.5
2019-09-15 03:00:00,16.03,58.9,19.07,2437.1
2019-09-15 04:00:00,10.05,66.7,3.25,2260.3
2019-09-15 05:00:00,12.08,58.6,13.35,2068.6
2019-09-15 06:00:00,11.25,59.0,7.34,2015.1
2019-09-15 07:00:00,13.47,56.7,3.43,1945.6
2019-09-15 08:00:00,14.35,80.9,2.12,1993.6
2019-09-15 09:00:00,18.34,55.2,6.18,2088.5
2019-09-15 10:00:00,14.77,68.7,2.4,2191.3
2019-09-15 11:00:00,11.41,55.9,6.09,2194.9
2019-09-15 12:00:00,14.77,73.8,2.34,2191.1
2019-09-15 13:00:00,16.85,55.5,1.78,2201.3
2019-09-15 14:00:00,18.18,57.9,0.85,2177.7
2019-09-15 15:00:00,20.42,41.0,5.77,2243.3
2019-09-15 16:00:00,17.12,67.2,4.86,2182.9
2019-09-15 17:00:00,16.39,69.6,1.73,2031.5
2019-09-15 18:00:00,16.46,49.3,4.5,1909.8
2019-09-15 19:00:00,15.16,69.3,1.27,1946.7
2019-09-15 20:00:00,15.6,48.8,5.16,2041.6
2019-09-15 21:00:00,14.46,65.5,4.6,2106.4
2019-09-15 22:00:00,16.64,56.4,8.14,2317.1
2019-09-15 23:00:00,11.48,73.5,1.2,2479.5
2019-09-16 00:00:00,12.03,64.4,0.4,2846.6
2019-09-16 01:00:00,10.92,70.7,12.6,2819.2
2019-09-16 02:00:00,13.91,70.8,6.6,2737.1
2019-09-16 03:00:00,11.36,60.6,2.82,2556.8
2019-09-16 04:00:00,14.51,60.2,11.92,2447.6
2019-09-16 05:00:00,9.4,55.6,18.77,2268.5
2019-09-16 06:00:00,12.8,59.4,6.92,2223.6
2019-09-16 07:00:00,12.31,77.6,4.5,2179.4
2019-09-16 08:00:00,11.65,68.7,1.57,2130.0
2019-09-16 09:00:00,15.58,51.2,3.62,2175.6
2019-09-16 10:00:00,21.12,68.2,1.56,2212.7
2019-09-16 11:00:00,15.62,62.6,6.82,2323.0
2019-09-16 12:00:00,18.26,64.0,22.61,2350.9
2019-09-16 13:00:00,15.93,63.2,7.37,2391.7
2019-09-16 14:00:00,15.96,62.6,11.94,2430.4
2019-09-16 15:00:00,17.78,41.8,4.38,2361.0
2019-09-16 16:00:00,18.49,66.1,6.66,2359.1
2019-09-16 17:00:00,18.2,39.4,3.92,2275.4
2019-09-16 18:00:00,18.01,65.7,1.13,2195.8
2019-09-16 19:00:00,13.63,61.9,0.58,2102.2
2019-09-16 20:00:00,15.22,66.5,21.25,2136.4
2019-09-16 21:00:00,17.0,59.7,3.08,2264.0
2019-09-16 22:00:00,11.32,71.3,4.45,2406.1
2019-09-16 23:00:00,12.86,61.8,0.62,2637.2
2019-09-17 00:00:00,13.45,63.5,3.94,2775.0
2019-09-17 01:00:00,10.12,67.1,8.47,2775.2
2019-09-17 02:00:00,12.53,77.0,7.94,2698.9
2019-09-17 03:00:00,7.74,70.6,5.21,2586.8
2019-09-17 04:00:00,13.9,50.3,8.85,2480.0
2019-09-17 05:00:00,12.99,57.1,3.15,2341.7
2019-09-17 06:00:00,12.85,66.5,12.23,2209.0
2019-09-17 07:00:00,16.35,69.0,27.26,2152.7
2019-09-17 08:00:00,13.68,55.3,10.89,2164.7
2019-09-17 09:00:00,14.0,78.7,4.51,2251.4
2019-09-17 10:00:00,20.01,57.4,2.57,2340.4
2019-09-17 11:00:00,22.14,57.6,1.63,2430.5
2019-09-17 12:00:00,16.64,48.7,5.01,2483.4
2019-09-17 13:00:00,18.72,65.9,1.63,2459.0
2019-09-17 14:00:00,22.02,50.8,6.11,2495.5
2019-09-17 15:00:00,19.35,50.6,4.64,2432.7
2019-09-17 16:00:00,20.89,52.7,2.53,2385.3
2019-09-17 17:00:00,20.96,66.3,5.47,2239.5
2019-09-17 18:00:00,16.96,62.2,5.92,2160.6
2019-09-17 19:00:00,18.59,50.0,7.33,2161.5
2019-09-17 20:00:00,16.56,54.5,4.85,2286.6
2019-09-17 21:00:00,12.5,73.3,6.91,2380.9
2019-09-17 22:00:00,12.03,60.5,11.53,2612.6
2019-09-17 23:00:00,11.91,67.0,1.79,2819.6
2019-09-18 00:00:00,14.83,66.6,1.68,2914.6
2019-09-18 01:00:00,14.27,33.2,8.61,2929.4
2019-09-18 02:00:00,13.35,71.4,3.08,2822.5
2019-09-18 03:00:00,12.44,55.2,11.77,2639.6
2019-09-18 04:00:00,12.5,59.1,9.87,2407.1
2019-09-18 05:00:00,12.57,74.3,12.02,2225.2
2019-09-18 06:00:00,13.53,72.8,1.08,2042.2
2019-09-18 07:00:00,14.52,64.3,4.67,2044.3
2019-09-18 08:00:00,10.79,69.2,6.96,2150.9
2019-09-18 09:00:00,13.36,69.1,2.04,2228.4
2019-09-18 10:00:00,13.8,72.4,4.49,2309.2
2019-09-18 11:00:00,20.1,68.4,6.34,2362.3
2019-09-18 12:00:00,22.3,55.0,2.71,2510.2
2019-09-18 13:00:00,13.38,55.4,2.01,2586.8
2019-09-18 14:00:00,23.11,51.5,3.75,2543.6
2019-09-18 15:00:00,19.55,57.4,12.44,2583.2
2019-09-18 16:00:00,21.73,54.2,7.28,2555.9
2019-09-18 17:00:00,20.07,47.8,5.76,2395.0
2019-09-18 18:00:00,21.76,58.1,9.45,2327.9
2019-09-18 19:00:00,17.86,45.2,4.8,2270.0
2019-09-18 20:00:00,12.96,62.3,3.33,2223.9
2019-09-18 21:00:00,15.07,61.1,2.15,2315.8
2019-09-18 22:00:00,15.59,60.5,4.17,2532.6
2019-09-18 23:00:00,12.8,68.6,8.2,2738.8
2019-09-19 00:00:00,13.94,66.6,0.32,2973.7
2019-09-19 01:00:00,11.5,80.6,3.36,2989.4
2019-09-19 02:00:00,9.78,60.0,4.4,2828.0
2019-09-19 03:00:00,8.41,67.5,3.31,2650.7
2019-09-19 04:00:00,10.29,65.5,9.68,2445.9
2019-09-19 05:00:00,12.18,63.6,6.98,2288.3
2019-09-19 06:00:00,7.4,56.0,3.49,2212.1
2019-09-19 07:00:00,11.18,53.6,9.16,2175.9
2019-09-19 08:00:00,9.1,64.8,1.32,2272.7
2019-09-19 09:00:00,13.59,48.5,7.15,2331.5
2019-09-19 10:00:00,19.16,54.0,2.39,2318.8
2019-09-19 11:00:00,14.16,55.5,7.57,2410.3
2019-09-19 12:00:00,19.72,53.8,5.99,2401.7
2019-09-19 13:00:00,25.72,60.5,6.12,2472.6
2019-09-19 14:00:00,22.63,45.3,6.3,2525.0
2019-09-19 15:00:00,19.46,63.4,4.38,2406.4
2019-09-19 16:00:00,21.14,50.5,6.01,2422.4
2019-09-19 17:00:00,15.17,56.3,1.68,2344.0
2019-09-19 18:00:00,14.02,64.5,4.45,2265.6
2019-09-19 19:00:00,17.2,56.0,1.61,2169.4
2019-09-19 20:00:00,17.16,51.1,14.69,2219.3
2019-09-19 21:00:00,17.87,54.7,2.39,2327.2
2019-09-19 22:00:00,12.67,47.6,13.02,2475.9
2019-09-19 23:00:00,13.61,64.2,10.13,2658.7
2019-09-20 00:00:00,12.49,37.2,3.76,2888.1
2019-09-20 01:00:00,11.13,70.2,2.86,2939.3
2019-09-20 02:00:00,10.88,68.2,4.09,2845.4
2019-09-20 03:00:00,8.79,77.8,17.82,2716.5
2019-09-20 04:00:00,11.76,80.1,3.51,2504.4
2019-09-20 05:00:00,11.95,69.9,11.51,2377.1
2019-09-20 06:00:00,10.99,58.2,12.91,2224.7
2019-09-20 07:00:00,14.59,77.7,3.07,2229.3
2019-09-20 08:00:00,16.46,49.3,4.38,2187.3
2019-09-20 09:00:00,16.62,43.5,1.07,2238.6
2019-09-20 10:00:00,13.35,76.1,5.83,2360.8
2019-09-20 11:00:00,17.17,63.1,5.84,2503.5
2019-09-20 12:00:00,15.47,44.6,4.72,2462.6
2019-09-20 13:00:00,18.63,46.3,4.18,2458.9
2019-09-20 14:00:00,16.52,63.2,8.55,2477.3
2019-09-20 15:00:00,22.12,47.3,10.28,2480.6
2019-09-20 16:00:00,20.74,49.6,9.22,2382.8
2019-09-20 17:00:00,21.27,70.7,4.77,2288.9
2019-09-20 18:00:00,20.38,72.9,7.86,2207.9
2019-09-20 19:00:00,16.25,60.2,5.04,2172.7
2019-09-20 20:00:00,14.89,58.9,3.99,2219.4
2019-09-20 21:00:00,19.28,63.8,5.33,2350.7
2019-09-20 22:00:00,13.47,56.7,3.5,2598.8
2019-09-20 23:00:00,9.54,46.5,2.22,2767.9
2019-09-21 00:00:00,14.41,38.4,11.95,2686.9
2019-09-21 01:00:00,11.61,62.1,8.63,2701.0
2019-09-21 02:00:00,14.62,67.4,2.42,2589.5
2019-09-21 03:00:00,11.32,63.1,2.64,2427.5
2019-09-21 04:00:00,10.8,69.8,6.05,2183.6
2019-09-21 05:00:00,15.07,67.2,5.01,1998.7
2019-09-21 06:00:00,8.04,76.7,3.24,1908.8
2019-09-21 07:00:00,11.25,64.5,3.77,1881.5
2019-09-21 08:00:00,11.46,65.0,2.92,1985.0
2019-09-21 09:00:00,9.23,64.3,6.3,2037.9
2019-09-21 10:00:00,17.93,55.6,9.77,2064.0
2019-09-21 11:00:00,15.32,47.2,5.29,2178.9
2019-09-21 12:00:00,19.81,65.5,4.29,2250.7
2019-09-21 13:00:00,19.15,53.6,2.13,2339.2
2019-09-21 14:00:00,20.1,52.4,1.33,2380.2
2019-09-21 15:00:00,17.58,53.6,1.67,2357.6
2019-09-21 16:00:00,16.67,47.9,6.36,2283.6
2019-09-21 17:00:00,18.4,56.6,6.49,2210.8
2019-09-21 18:00:00,19.84,60.3,0.9,2142.3
2019-09-21 19:00:00,16.59,53.1,1.61,2123.7
2019-09-21 20:00:00,14.0,69.1,3.43,2181.4
2019-09-21 21:00:00,11.72,59.7,3.65,2279.5
2019-09-21 22:00:00,14.19,48.4,20.31,2405.0
2019-09-21 23:00:00,11.33,73.9,0.65,2572.0
2019-09-22 00:00:00,11.5,64.4,4.04,2671.6
2019-09-22 01:00:00,10.45,70.5,1.41,2654.2
2019-09-22 02:00:00,9.54,71.5,6.09,2647.9
2019-09-22 03:00:00,11.24,55.4,3.12,2484.6
2019-09-22 04:00:00,12.03,58.2,3.59,2260.2
2019-09-22 05:00:00,15.96,67.5,0.27,2162.3
2019-09-22 06:00:00,13.58,75.8,8.16,2063.3
2019-09-22 07:00:00,16.49,59.3,18.41,2065.0
2019-09-22 08:00:00,11.43,57.8,4.65,2061.5
2019-09-22 09:00:00,10.51,77.1,5.21,2134.4
2019-09-22 10:00:00,15.51,54.6,8.88,2220.7
2019-09-22 11:00:00,18.65,59.7,4.96,2283.4
2019-09-22 12:00:00,19.09,53.3,4.87,2307.8
2019-09-22 13:00:00,21.0,57.4,8.11,2358.1
2019-09-22 14:00:00,12.03,54.8,0.75,2382.1
2019-09-22 15:00:00,21.64,51.7,6.0,2289.4
2019-09-22 16:00:00,19.21,51.6,3.05,2308.9
2019-09-22 17:00:00,14.11,66.0,11.68,2259.2
2019-09-22 18:00:00,19.15,58.0,5.98,2153.9
2019-09-22 19:00:00,16.93,65.5,3.05,2130.5
2019-09-22 20:00:00,16.5,52.2,7.24,2150.2
2019-09-22 21:00:00,17.01,56.7,8.93,2231.1
2019-09-22 22:00:00,14.55,65.4,5.0,2435.0
2019-09-22 23:00:00,8.83,71.8,12.93,2576.2
2019-09-23 00:00:00,11.12,51.5,11.16,2946.9
2019-09-23 01:00:00,6.8,69.1,5.85,2969.2
2019-09-23 02:00:00,12.06,55.8,3.34,2824.5
2019-09-23 03:00:00,13.8,68.2,0.8,2683.2
2019-09-23 04:00:00,7.34,81.0,4.0,2577.7
2019-09-23 05:00:00,9.16,43.8,3.09,2412.9
2019-09-23 06:00:00,9.27,59.3,5.75,2312.7
2019-09-23 07:00:00,11.17,65.2,4.58,2197.5
2019-09-23 08:00:00,14.3,60.5,5.08,2219.0
2019-09-23 09:00:00,13.2,69.0,5.78,2226.3
2019-09-23 10:00:00,16.97,59.1,10.31,2313.8
2019-09-23 11:00:00,18.97,52.6,3.49,2396.3
2019-09-23 12:00:00,19.89,47.9,3.67,2464.8
2019-09-23 13:00:00,14.97,50.5,7.98,2512.5
2019-09-23 14:00:00,21.63,48.8,13.36,2547.7
2019-09-23 15:00:00,21.97,49.9,6.7,2539.0
2019-09-23 16:00:00,22.05,57.4,20.16,2476.2
2019-09-23 17:00:00,17.37,56.8,4.82,2413.1
2019-09-23 18:00:00,15.25,54.6,7.03,2220.4
2019-09-23 19:00:00,13.84,52.9,3.53,2151.0
2019-09-23 20:00:00,12.58,56.3,23.58,2224.2
2019-09-23 21:00:00,14.33,56.0,9.1,2357.8
2019-09-23 22:00:00,15.39,53.7,6.35,2508.4
2019-09-23 23:00:00,15.57,64.9,24.54,2715.1
2019-09-24 00:00:00,10.06,74.9,3.26,2877.8
2019-09-24 01:00:00,10.54,54.2,0.56,2875.2
2019-09-24 02:00:00,9.97,73.0,2.41,2780.5
2019-09-24 03:00:00,8.51,70.7,3.01,2589.9
2019-09-24 04:00:00,12.07,63.8,6.67,2414.1
2019-09-24 05:00:00,11.54,75.0,8.73,2276.6
2019-09-24 06:00:00,11.62,61.3,1.39,2152.4
2019-09-24 07:00:00,12.99,64.8,7.28,2119.1
2019-09-24 08:00:00,14.6,61.3,0.69,2159.1
2019-09-24 09:00:00,15.61,59.9,2.04,2269.2
2019-09-24 10:00:00,13.04,65.2,9.74,2333.3
2019-09-24 11:00:00,18.34,57.7,13.4,2377.7
2019-09-24 12:00:00,17.56,61.7,9.93,2511.2
2019-09-24 13:00:00,16.48,53.5,3.92,2581.7
2019-09-24 14:00:00,18.55,52.1,2.75,2535.1
2019-09-24 15:00:00,18.96,51.4,10.83,2535.0
2019-09-24 16:00:00,20.67,52.5,2.39,2438.7
2019-09-24 17:00:00,14.95,68.1,7.34,2384.4
2019-09-24 18:00:00,20.24,52.1,3.34,2276.7
2019-09-24 19:00:00,16.16,64.3,6.87,2167.9
2019-09-24 20:00:00,13.87,63.0,1.32,2198.7
2019-09-24 21:00:00,12.76,58.3,14.1,2301.5
2019-09-24 22:00:00,10.56,74.0,1.51,2469.1
2019-09-24 23:00:00,7.75,71.7,2.24,2595.8
2019-09-25 00:00:00,12.76,61.8,5.75,2723.7
2019-09-25 01:00:00,15.38,59.0,12.66,2693.8
2019-09-25 02:00:00,5.98,68.0,1.92,2687.7
2019-09-25 03:00:00,7.52,53.8,3.97,2456.7
2019-09-25 04:00:00,11.91,55.9,4.95,2253.2
2019-09-25 05:00:00,10.31,67.4,10.04,2164.3
2019-09-25 06:00:00,13.15,48.8,1.67,2128.0
2019-09-25 07:00:00,11.64,56.7,7.96,2088.1
2019-09-25 08:00:00,11.41,59.7,11.65,2157.4
2019-09-25 09:00:00,13.33,84.6,6.16,2158.6
2019-09-25 10:00:00,8.97,70.2,1.07,2304.8
2019-09-25 11:00:00,13.03,70.4,8.43,2428.6
2019-09-25 12:00:00,19.09,50.3,12.24,2487.5
2019-09-25 13:00:00,20.34,58.6,3.92,2516.9
2019-09-25 14:00:00,21.27,40.9,1.37,2438.8
2019-09-25 15:00:00,18.99,54.2,6.29,2422.8
2019-09-25 16:00:00,12.12,66.4,4.82,2391.5
2019-09-25 17:00:00,15.77,48.0,1.81,2318.4
2019-09-25 18:00:00,20.03,59.1,8.23,2244.0
2019-09-25 19:00:00,19.95,59.8,6.43,2155.3
2019-09-25 20:00:00,18.33,52.5,4.71,2216.8
2019-09-25 21:00:00,13.3,54.7,4.29,2318.2
2019-09-25 22:00:00,9.59,58.6,6.34,2571.5
2019-09-25 23:00:00,11.79,59.8,2.03,2773.4
2019-09-26 00:00:00,10.9,60.7,10.0,2910.0
2019-09-26 01:00:00,14.14,64.8,11.7,2936.0
2019-09-26 02:00:00,10.39,59.4,4.33,2821.2
2019-09-26 03:00:00,9.73,77.0,3.72,2646.7
2019-09-26 04:00:00,10.01,76.8,2.46,2554.7
2019-09-26 05:00:00,11.22,64.9,1.47,2363.5
2019-09-26 06:00:00,12.42,59.3,3.39,2270.8
2019-09-26 07:00:00,9.88,59.8,5.33,2247.2
2019-09-26 08:00:00,10.01,66.5,8.46,2270.5
2019-09-26 09:00:00,17.11,62.2,1.69,2335.7
2019-09-26 10:00:00,10.62,61.9,4.48,2481.4
2019-09-26 11:00:00,19.78,53.0,4.72,2546.9
2019-09-26 12:00:00,11.74,65.4,7.14,2617.1
2019-09-26 13:00:00,15.69,60.0,3.07,2633.2
2019-09-26 14:00:00,19.98,51.4,12.87,2624.5
2019-09-26 15:00:00,17.69,58.8,9.72,2602.5
2019-09-26 16:00:00,14.26,55.8,5.71,2574.8
2019-09-26 17:00:00,18.22,51.4,11.96,2512.0
2019-09-26 18:00:00,16.68,58.6,7.44,2276.8
2019-09-26 19:00:00,15.15,55.3,10.96,2174.1
2019-09-26 20:00:00,13.16,55.6,9.11,2311.4
2019-09-26 21:00:00,13.6,69.5,6.73,2412.5
2019-09-26 22:00:00,11.2,59.9,6.92,2576.2
2019-09-26 23:00:00,17.77,72.5,5.86,2734.2
2019-09-27 00:00:00,10.05,69.0,20.84,2814.6
2019-09-27 01:00:00,9.08,58.2,10.11,2832.2
2019-09-27 02:00:00,8.26,74.7,5.49,2759.6
2019-09-27 03:00:00,13.92,55.1,12.55,2590.2
2019-09-27 04:00:00,5.52,83.4,3.04,2438.8
2019-09-27 05:00:00,10.92,65.1,6.08,2300.2
2019-09-27 06:00:00,10.06,68.3,3.11,2213.3
2019-09-27 07:00:00,7.92,65.9,5.18,2220.6
2019-09-27 08:00:00,10.4,65.8,3.87,2235.6
2019-09-27 09:00:00,14.27,58.7,5.43,2278.7
2019-09-27 10:00:00,12.36,54.7,3.05,2330.7
2019-09-27 11:00:00,16.13,61.8,6.2,2354.5
2019-09-27 12:00:00,20.63,63.7,1.56,2463.4
2019-09-27 13:00:00,17.37,48.6,4.16,2509.5
2019-09-27 14:00:00,13.71,73.4,3.34,2577.0
2019-09-27 15:00:00,15.36,64.5,0.26,2559.3
2019-09-27 16:00:00,16.63,55.2,10.52,2545.8
2019-09-27 17:00:00,16.07,55.5,15.38,2421.2
2019-09-27 18:00:00,16.69,73.6,7.11,2287.9
2019-09-27 19:00:00,16.26,66.5,5.01,2325.8
2019-09-27 20:00:00,18.84,66.0,3.34,2404.2
2019-09-27 21:00:00,13.47,59.2,6.03,2439.0
2019-09-27 22:00:00,9.57,68.8,8.39,2637.4
2019-09-27 23:00:00,14.37,63.3,10.23,2834.9
2019-09-28 00:00:00,13.61,59.7,8.5,2694.2
2019-09-28 01:00:00,10.39,64.6,2.97,2663.5
2019-09-28 02:00:00,8.8,73.8,3.63,2596.1
2019-09-28 03:00:00,10.83,76.1,2.05,2446.9
2019-09-28 04:00:00,8.89,62.9,2.67,2257.6
2019-09-28 05:00:00,4.67,57.8,8.31,2183.4
2019-09-28 06:00:00,11.86,75.7,4.94,1971.4
2019-09-28 07:00:00,13.51,74.4,8.55,1958.6
2019-09-28 08:00:00,15.84,62.5,9.56,2067.8
2019-09-28 09:00:00,11.45,77.2,5.62,2144.1
2019-09-28 10:00:00,14.88,62.7,8.87,2265.7
2019-09-28 11:00:00,15.9,52.0,4.24,2316.3
2019-09-28 12:00:00,16.32,48.4,5.73,2373.5
2019-09-28 13:00:00,17.03,47.8,1.51,2385.0
2019-09-28 14:00:00,17.23,58.2,4.04,2369.4
2019-09-28 15:00:00,17.81,54.0,2.73,2351.2
2019-09-28 16:00:00,18.99,52.2,1.19,2231.5
2019-09-28 17:00:00,19.79,55.3,6.52,2165.9
2019-09-28 18:00:00,14.21,67.5,4.55,2092.6
2019-09-28 19:00:00,14.85,55.7,3.73,2000.0
2019-09-28 20:00:00,13.26,55.7,3.88,2083.1
2019-09-28 21:00:00,11.86,58.7,1.67,2288.0
2019-09-28 22:00:00,8.2,72.8,7.72,2503.2
2019-09-28 23:00:00,11.34,62.4,7.71,2566.6
2019-09-29 00:00:00,11.44,65.1,2.94,2783.4
2019-09-29 01:00:00,9.22,77.0,1.95,2710.7
2019-09-29 02:00:00,9.19,87.4,6.57,2565.2
2019-09-29 03:00:00,10.12,69.0,13.29,2346.6
2019-09-29 04:00:00,12.74,66.1,5.2,2179.0
2019-09-29 05:00:00,8.56,55.7,8.42,1981.4
2019-09-29 06:00:00,7.32,69.1,3.57,1834.7
2019-09-29 07:00:00,10.85,63.8,5.9,1785.3
2019-09-29 08:00:00,16.75,65.7,0.65,1814.2
2019-09-29 09:00:00,10.17,60.7,3.33,1893.0
2019-09-29 10:00:00,15.73,61.0,1.91,2013.6
2019-09-29 11:00:00,17.97,62.5,17.37,2166.4
2019-09-29 12:00:00,9.99,79.2,4.96,2236.9
2019-09-29 13:00:00,17.56,70.5,23.16,2304.1
2019-09-29 14:00:00,18.45,67.4,4.92,2305.0
2019-09-29 15:00:00,16.4,64.7,6.5,2322.9
2019-09-29 16:00:00,15.32,56.3,4.52,2305.7
2019-09-29 17:00:00,15.06,65.8,3.71,2172.2
2019-09-29 18:00:00,15.08,53.8,6.35,2024.7
2019-09-29 19:00:00,14.32,58.9,8.15,1967.5
2019-09-29 20:00:00,12.88,75.9,2.4,1998.0
2019-09-29 21:00:00,12.21,66.5,3.65,2122.7
2019-09-29 22:00:00,15.01,61.8,1.45,2309.5
2019-09-29 23:00:00,8.04,68.4,0.96,2505.7
2019-09-30 00:00:00,5.67,66.7,8.15,2862.8
2019-09-30 01:00:00,12.42,44.8,7.56,2849.7
2019-09-30 02:00:00,8.53,55.1,4.26,2814.1
2019-09-30 03:00:00,7.9,70.6,7.56,2741.9
2019-09-30 04:00:00,8.73,57.7,8.4,2535.4
2019-09-30 05:00:00,9.93,63.2,10.46,2374.0
2019-09-30 06:00:00,8.73,55.2,0.68,2288.1
2019-09-30 07:00:00,12.13,56.5,5.07,2227.2
2019-09-30 08:00:00,9.43,64.4,1.92,2242.5
2019-09-30 09:00:00,12.12,69.7,2.68,2227.4
2019-09-30 10:00:00,8.37,74.3,2.5,2350.7
2019-09-30 11:00:00,17.8,51.9,6.16,2444.9
2019-09-30 12:00:00,15.26,62.2,3.2,2495.9
2019-09-30 13:00:00,18.01,46.2,0.67,2564.2
2019-09-30 14:00:00,17.92,58.1,6.92,2506.0
2019-09-30 15:00:00,18.24,65.0,1.88,2544.0
2019-09-30 16:00:00,16.71,58.1,1.97,2439.9
2019-09-30 17:00:00,17.3,68.7,25.25,2337.1
2019-09-30 18:00:00,13.29,68.1,12.25,2293.5
2019-09-30 19:00:00,11.94,64.4,3.2,2199.3
2019-09-30 20:00:00,13.65,59.1,2.24,2232.4
2019-09-30 21:00:00,11.17,58.8,7.92,2339.5
2019-09-30 22:00:00,15.4,48.0,29.29,2553.2
2019-09-30 23:00:00,11.81,52.2,14.25,2702.1
2019-10-01 00:00:00,8.05,73.5,8.43,2891.4
2019-10-01 01:00:00,8.52,77.3,14.17,2929.5
2019-10-01 02:00:00,9.14,56.0,7.19,2790.1
2019-10-01 03:00:00,8.5,65.7,13.54,2694.3
2019-10-01 04:00:00,9.48,51.8,2.84,2590.7
2019-10-01 05:00:00,9.37,56.7,10.29,2398.3
2019-10-01 06:00:00,6.36,69.0,4.73,2313.0
2019-10-01 07:00:00,5.29,63.6,8.25,2244.9
2019-10-01 08:00:00,10.7,48.1,14.63,2230.0
2019-10-01 09:00:00,14.07,74.5,4.0,2340.6
2019-10-01 10:00:00,12.8,61.4,2.68,2386.5
2019-10-01 11:00:00,17.76,49.0,10.93,2426.4
2019-10-01 12:00:00,15.38,60.7,6.08,2548.6
2019-10-01 13:00:00,19.52,55.7,6.5,2559.4
2019-10-01 14:00:00,19.41,59.8,2.59,2544.0
2019-10-01 15:00:00,19.3,53.8,7.87,2508.8
2019-10-01 16:00:00,13.52,63.7,9.56,2372.3
2019-10-01 17:00:00,16.17,66.6,3.21,2257.5
2019-10-01 18:00:00,18.55,46.6,4.68,2264.4
2019-10-01 19:00:00,15.35,54.2,3.25,2262.3
2019-10-01 20:00:00,15.09,66.6,7.37,2330.8
2019-10-01 21:00:00,9.2,60.2,12.18,2486.4
2019-10-01 22:00:00,16.43,58.2,0.1,2675.7
2019-10-01 23:00:00,8.69,61.3,3.5,2842.0
2019-10-02 00:00:00,4.65,65.0,17.06,3001.2
2019-10-02 01:00:00,8.12,61.6,4.41,3003.8
2019-10-02 02:00:00,2.48,59.9,6.11,2961.1
2019-10-02 03:00:00,5.75,71.1,23.66,2831.0
2019-10-02 04:00:00,15.0,68.5,15.78,2537.5
2019-10-02 05:00:00,8.05,64.1,7.63,2395.9
2019-10-02 06:00:00,6.07,74.7,4.54,2369.1
2019-10-02 07:00:00,10.53,59.6,9.38,2336.4
2019-10-02 08:00:00,9.18,60.3,3.21,2339.8
2019-10-02 09:00:00,14.63,63.6,3.39,2397.5
2019-10-02 10:00:00,11.28,66.4,1.88,2475.7
2019-10-02 11:00:00,15.14,59.0,2.92,2627.7
2019-10-02 12:00:00,12.43,67.5,4.47,2638.4
2019-10-02 13:00:00,22.43,43.8,7.2,2678.9
2019-10-02 14:00:00,17.59,55.5,7.73,2656.8
2019-10-02 15:00:00,16.1,66.8,4.08,2676.7
2019-10-02 16:00:00,15.6,67.2,6.21,2580.6
2019-10-02 17:00:00,14.54,67.1,12.85,2444.9
2019-10-02 18:00:00,13.39,69.5,9.02,2380.2
2019-10-02 19:00:00,12.49,59.0,2.63,2301.7
2019-10-02 20:00:00,17.7,44.2,5.15,2348.7
2019-10-02 21:00:00,11.08,61.1,11.68,2496.8
2019-10-02 22:00:00,6.11,72.2,2.99,2637.3
2019-10-02 23:00:00,7.55,72.4,2.47,2772.7
2019-10-03 00:00:00,11.75,58.4,3.22,2959.8
2019-10-03 01:00:00,8.17,57.7,4.57,3009.0
2019-10-03 02:00:00,8.06,58.6,2.59,2884.7
2019-10-03 03:00:00,11.19,58.7,3.32,2725.2
2019-10-03 04:00:00,6.46,51.7,13.15,2512.8
2019-10-03 05:00:00,10.38,59.5,11.9,2345.5
2019-10-03 06:00:00,7.77,66.2,0.59,2298.1
2019-10-03 07:00:00,11.7,61.9,1.15,2247.9
2019-10-03 08:00:00,10.25,61.2,9.01,2247.5
2019-10-03 09:00:00,11.66,57.2,3.1,2385.7
2019-10-03 10:00:00,15.35,55.1,2.35,2441.1
2019-10-03 11:00:00,16.13,54.7,6.83,2436.4
2019-10-03 12:00:00,14.68,65.9,8.2,2502.0
2019-10-03 13:00:00,14.55,60.4,8.93,2599.5
2019-10-03 14:00:00,20.12,81.2,8.45,2673.7
2019-10-03 15:00:00,17.74,55.2,7.14,2523.0
2019-10-03 16:00:00,15.15,63.4,4.3,2422.8
2019-10-03 17:00:00,14.09,58.2,10.0,2321.5
2019-10-03 18:00:00,17.65,55.2,9.54,2253.2
2019-10-03 19:00:00,14.55,72.9,10.91,2171.8
2019-10-03 20:00:00,12.89,69.7,2.48,2253.8
2019-10-03 21:00:00,12.55,47.9,2.38,2427.2
2019-10-03 22:00:00,12.07,54.2,24.21,2573.9
2019-10-03 23:00:00,10.12,62.8,10.94,2758.8
2019-10-04 00:00:00,12.24,58.1,3.18,2925.7
2019-10-04 01:00:00,11.75,50.5,4.23,3024.4
2019-10-04 02:00:00,9.53,65.3,8.31,2987.2
2019-10-04 03:00:00,11.5,47.8,9.1,2798.9
2019-10-04 04:00:00,8.22,66.4,0.89,2651.7
2019-10-04 05:00:00,10.32,69.6,6.66,2463.3
2019-10-04 06:00:00,11.75,69.6,9.55,2330.9
2019-10-04 07:00:00,12.61,60.8,3.33,2318.9
2019-10-04 08:00:00,13.32,73.4,0.92,2357.8
2019-10-04 09:00:00,13.64,63.7,8.67,2408.4
2019-10-04 10:00:00,17.99,64.4,1.57,2514.6
2019-10-04 11:00:00,12.71,55.9,12.35,2564.0
2019-10-04 12:00:00,14.5,72.6,2.18,2614.0
2019-10-04 13:00:00,14.99,60.0,6.17,2656.6
2019-10-04 14:00:00,15.01,72.6,1.05,2671.1
2019-10-04 15:00:00,11.09,74.0,6.0,2592.4
2019-10-04 16:00:00,19.36,58.6,5.17,2591.5
2019-10-04 17:00:00,12.96,64.9,4.17,2507.5
2019-10-04 18:00:00,15.32,58.3,3.3,2405.5
2019-10-04 19:00:00,10.51,57.0,4.31,2357.5
2019-10-04 20:00:00,14.65,65.0,3.42,2387.1
2019-10-04 21:00:00,10.1,68.3,8.22,2562.6
2019-10-04 22:00:00,8.19,52.5,6.27,2781.5
2019-10-04 23:00:00,10.55,62.9,5.76,2948.0
2019-10-05 00:00:00,7.28,73.1,6.04,2931.0
2019-10-05 01:00:00,6.96,78.2,3.75,2952.3
2019-10-05 02:00:00,8.43,71.1,6.93,2796.2
2019-10-05 03:00:00,9.86,52.0,9.61,2642.3
2019-10-05 04:00:00,5.95,58.8,7.6,2506.6
2019-10-05 05:00:00,5.92,64.5,9.44,2389.5
2019-10-05 06:00:00,9.09,75.9,8.1,2265.7
2019-10-05 07:00:00,11.21,58.2,6.76,2204.7
2019-10-05 08:00:00,14.48,68.9,1.88,2243.2
2019-10-05 09:00:00,9.18,59.7,2.89,2215.5
2019-10-05 10:00:00,12.1,66.6,1.04,2285.9
2019-10-05 11:00:00,16.8,51.0,9.6,2367.1
2019-10-05 12:00:00,19.62,54.8,1.92,2360.3
2019-10-05 13:00:00,12.84,52.7,2.64,2401.2
2019-10-05 14:00:00,13.88,72.4,3.94,2377.9
2019-10-05 15:00:00,16.82,53.0,3.96,2325.9
2019-10-05 16:00:00,14.28,48.2,4.51,2289.7
2019-10-05 17:00:00,13.43,48.2,9.77,2146.0
2019-10-05 18:00:00,15.3,59.1,6.68,2052.3
2019-10-05 19:00:00,17.74,54.1,7.79,1982.6
2019-10-05 20:00:00,9.62,69.5,2.42,2047.5
2019-10-05 21:00:00,15.61,57.6,7.9,2188.9
2019-10-05 22:00:00,9.39,73.8,2.3,2325.3
2019-10-05 23:00:00,10.73,60.3,4.4,2494.6
2019-10-06 00:00:00,12.81,70.0,3.21,2625.1
2019-10-06 01:00:00,9.01,57.2,3.38,2676.7
2019-10-06 02:00:00,7.06,54.3,20.34,2667.7
2019-10-06 03:00:00,9.46,57.8,3.59,2458.3
2019-10-06 04:00:00,7.37,57.1,0.81,2295.7
2019-10-06 05:00:00,9.5,54.5,9.33,2184.2
2019-10-06 06:00:00,8.32,68.6,4.69,2131.5
2019-10-06 07:00:00,11.82,60.4,7.57,2040.9
2019-10-06 08:00:00,7.14,67.4,2.64,2090.1
2019-10-06 09:00:00,9.13,68.9,4.52,2146.3
2019-10-06 10:00:00,9.18,51.2,5.06,2252.0
2019-10-06 11:00:00,13.52,65.7,5.04,2321.9
2019-10-06 12:00:00,10.67,53.8,4.7,2392.3
2019-10-06 13:00:00,13.4,56.7,8.93,2441.6
2019-10-06 14:00:00,12.76,46.7,9.84,2441.3
2019-10-06 15:00:00,19.36,61.7,2.56,2334.8
2019-10-06 16:00:00,13.05,48.0,9.45,2240.9
2019-10-06 17:00:00,11.91,52.9,2.79,2196.1
2019-10-06 18:00:00,15.11,50.9,7.24,2139.2
2019-10-06 19:00:00,17.88,56.7,0.71,2093.6
2019-10-06 20:00:00,12.41,60.8,8.99,2120.2
2019-10-06 21:00:00,11.57,69.2,6.73,2211.6
2019-10-06 22:00:00,13.86,60.1,2.95,2356.2
2019-10-06 23:00:00,11.86,70.2,5.38,2578.4
2019-10-07 00:00:00,9.7,67.3,4.68,2944.9
2019-10-07 01:00:00,6.55,59.2,5.81,3016.0
2019-10-07 02:00:00,8.74,59.7,5.93,3015.0
2019-10-07 03:00:00,4.06,80.8,4.74,2902.4
2019-10-07 04:00:00,6.04,77.0,13.49,2665.0
2019-10-07 05:00:00,11.58,69.3,3.62,2502.7
2019-10-07 06:00:00,11.89,70.1,7.12,2439.8
2019-10-07 07:00:00,10.56,67.3,6.44,2316.2
2019-10-07 08:00:00,5.61,70.2,3.91,2432.2
2019-10-07 09:00:00,8.45,65.6,12.44,2416.4
2019-10-07 10:00:00,10.8,76.9,2.41,2534.8
2019-10-07 11:00:00,13.04,57.9,8.09,2645.8
2019-10-07 12:00:00,11.17,65.0,7.08,2694.8
2019-10-07 13:00:00,14.31,46.9,6.64,2685.8
2019-10-07 14:00:00,19.75,44.8,5.34,2729.3
2019-10-07 15:00:00,16.47,73.3,9.41,2697.9
2019-10-07 16:00:00,15.88,64.2,1.8,2577.0
2019-10-07 17:00:00,12.39,60.4,2.87,2491.5
2019-10-07 18:00:00,10.2,64.5,6.84,2348.9
2019-10-07 19:00:00,10.4,52.8,3.04,2321.5
2019-10-07 20:00:00,8.3,61.9,2.59,2390.3
2019-10-07 21:00:00,11.65,51.0,11.43,2513.9
2019-10-07 22:00:00,11.39,60.5,11.85,2734.4
2019-10-07 23:00:00,7.05,71.8,7.15,2909.9
2019-10-08 00:00:00,8.81,68.6,3.1,2985.9
2019-10-08 01:00:00,11.48,75.5,3.69,2998.8
2019-10-08 02:00:00,12.3,64.5,6.04,2954.2
2019-10-08 03:00:00,9.2,44.8,4.5,2798.4
2019-10-08 04:00:00,6.97,82.0,8.28,2577.6
2019-10-08 05:00:00,9.65,57.6,2.12,2395.0
2019-10-08 06:00:00,11.82,63.8,2.17,2309.3
2019-10-08 07:00:00,4.25,69.4,4.76,2310.2
2019-10-08 08:00:00,13.94,62.8,11.89,2191.1
2019-10-08 09:00:00,9.91,64.5,7.01,2283.5
2019-10-08 10:00:00,10.97,63.8,5.67,2318.2
2019-10-08 11:00:00,12.38,51.5,5.64,2450.2
2019-10-08 12:00:00,14.9,80.8,11.53,2616.2
2019-10-08 13:00:00,11.96,67.6,15.5,2617.8
2019-10-08 14:00:00,14.42,60.9,2.06,2642.4
2019-10-08 15:00:00,16.58,73.5,6.13,2620.0
2019-10-08 16:00:00,15.68,50.9,6.54,2481.1
2019-10-08 17:00:00,15.69,66.4,3.71,2292.9
2019-10-08 18:00:00,13.29,56.9,2.77,2171.8
2019-10-08 19:00:00,15.0,63.2,0.89,2148.8
2019-10-08 20:00:00,14.95,63.4,5.39,2313.4
2019-10-08 21:00:00,13.76,42.3,14.95,2467.5
2019-10-08 22:00:00,11.3,51.5,9.44,2611.9
2019-10-08 23:00:00,11.62,75.4,5.42,2761.1
2019-10-09 00:00:00,10.42,61.6,6.87,2871.5
2019-10-09 01:00:00,14.3,76.6,5.28,2836.3
2019-10-09 02:00:00,10.26,74.3,5.25,2748.8
2019-10-09 03:00:00,6.85,64.8,9.46,2674.8
2019-10-09 04:00:00,4.93,65.6,5.53,2529.0
2019-10-09 05:00:00,6.96,79.6,2.0,2358.3
2019-10-09 06:00:00,7.42,82.9,2.44,2308.8
2019-10-09 07:00:00,10.35,61.4,3.81,2217.1
2019-10-09 08:00:00,8.29,77.7,6.68,2289.9
2019-10-09 09:00:00,14.05,69.0,2.57,2294.7
2019-10-09 10:00:00,8.64,74.7,0.93,2428.5
2019-10-09 11:00:00,8.99,65.6,4.05,2507.0
2019-10-09 12:00:00,13.56,55.8,7.43,2571.1
2019-10-09 13:00:00,12.43,53.6,9.98,2610.6
2019-10-09 14:00:00,11.79,52.1,2.81,2644.7
2019-10-09 15:00:00,13.48,76.5,4.66,2576.7
2019-10-09 16:00:00,13.03,61.7,2.17,2546.9
2019-10-09 17:00:00,14.56,51.2,3.53,2436.2
2019-10-09 18:00:00,12.35,70.1,1.1,2368.4
2019-10-09 19:00:00,11.73,58.8,1.69,2355.3
2019-10-09 20:00:00,12.1,57.1,1.64,2361.5
2019-10-09 21:00:00,13.61,77.7,10.33,2505.9
2019-10-09 22:00:00,13.72,50.4,2.57,2651.0
2019-10-09 23:00:00,9.44,66.3,8.43,2772.8
2019-10-10 00:00:00,8.62,60.4,1.72,2926.5
2019-10-10 01:00:00,6.96,60.4,4.93,3064.1
2019-10-10 02:00:00,8.22,53.7,6.18,2944.4
2019-10-10 03:00:00,7.86,66.2,7.06,2818.7
2019-10-10 04:00:00,10.33,56.7,0.82,2651.7
2019-10-10 05:00:00,2.69,74.6,7.19,2519.1
2019-10-10 06:00:00,7.46,65.7,7.94,2351.4
2019-10-10 07:00:00,9.73,61.7,2.29,2352.2
2019-10-10 08:00:00,9.78,57.2,7.55,2397.4
2019-10-10 09:00:00,8.53,76.6,14.42,2462.6
2019-10-10 10:00:00,8.67,71.0,7.46,2462.9
2019-10-10 11:00:00,14.9,54.6,0.45,2501.6
2019-10-10 12:00:00,11.82,51.7,7.16,2590.1
2019-10-10 13:00:00,9.96,48.9,1.68,2507.6
2019-10-10 14:00:00,16.88,67.6,6.2,2568.3
2019-10-10 15:00:00,16.03,66.5,7.6,2591.9
2019-10-10 16:00:00,14.45,68.8,6.17,2592.1
2019-10-10 17:00:00,12.06,61.4,8.99,2536.7
2019-10-10 18:00:00,13.42,67.7,2.74,2450.8
2019-10-10 19:00:00,15.92,67.5,7.78,2430.9
2019-10-10 20:00:00,7.88,65.1,3.84,2464.1
2019-10-10 21:00:00,6.97,63.6,7.64,2564.3
2019-10-10 22:00:00,8.27,57.6,1.95,2740.1
2019-10-10 23:00:00,8.81,68.4,2.95,2871.7
2019-10-11 00:00:00,6.62,71.2,8.5,3001.1
2019-10-11 01:00:00,8.83,61.7,4.77,3093.7
2019-10-11 02:00:00,9.54,62.1,2.65,2969.6
2019-10-11 03:00:00,7.38,64.4,8.76,2845.9
2019-10-11 04:00:00,8.22,71.8,2.96,2591.6
2019-10-11 05:00:00,7.9,54.7,6.83,2415.0
2019-10-11 06:00:00,7.88,56.9,3.1,2296.0
2019-10-11 07:00:00,5.45,59.0,14.34,2297.3
2019-10-11 08:00:00,7.08,65.1,5.58,2280.7
2019-10-11 09:00:00,7.31,68.7,4.93,2339.2
2019-10-11 10:00:00,11.35,54.4,9.89,2377.6
2019-10-11 11:00:00,13.27,68.7,2.78,2456.2
2019-10-11 12:00:00,9.89,75.8,8.26,2465.7
2019-10-11 13:00:00,14.33,63.8,2.53,2464.3
2019-10-11 14:00:00,12.36,71.1,4.7,2531.0
2019-10-11 15:00:00,12.01,55.1,3.33,2492.3
2019-10-11 16:00:00,12.99,54.5,1.79,2443.7
2019-10-11 17:00:00,11.35,67.0,1.81,2375.5
2019-10-11 18:00:00,15.03,59.7,3.36,2301.1
2019-10-11 19:00:00,12.27,55.0,7.93,2218.9
2019-10-11 20:00:00,13.76,72.4,24.18,2195.2
2019-10-11 21:00:00,9.58,66.7,1.84,2333.4
2019-10-11 22:00:00,8.64,70.7,4.63,2546.5
2019-10-11 23:00:00,13.37,55.9,3.88,2787.3
2019-10-12 00:00:00,3.61,82.6,8.16,2815.6
2019-10-12 01:00:00,10.24,62.6,11.8,2787.7
2019-10-12 02:00:00,10.77,71.5,5.86,2703.6
2019-10-12 03:00:00,8.41,60.6,1.95,2563.2
2019-10-12 04:00:00,5.8,68.7,3.9,2409.7
2019-10-12 05:00:00,10.6,68.0,7.05,2186.7
2019-10-12 06:00:00,6.86,82.5,4.05,2179.1
2019-10-12 07:00:00,6.73,63.1,2.26,2127.2
2019-10-12 08:00:00,8.49,66.8,5.03,2144.3
2019-10-12 09:00:00,9.07,69.5,4.21,2204.5
2019-10-12 10:00:00,9.16,53.4,6.09,2175.8
2019-10-12 11:00:00,15.27,42.4,8.44,2206.9
2019-10-12 12:00:00,11.39,54.9,11.38,2295.9
2019-10-12 13:00:00,13.88,68.6,15.89,2395.8
2019-10-12 14:00:00,10.75,77.1,20.24,2412.2
2019-10-12 15:00:00,14.57,53.0,1.46,2404.5
2019-10-12 16:00:00,11.47,53.1,6.53,2280.5
2019-10-12 17:00:00,11.01,75.5,0.9,2185.9
2019-10-12 18:00:00,13.05,57.0,5.89,2053.6
2019-10-12 19:00:00,15.14,56.9,7.81,2057.1
2019-10-12 20:00:00,12.63,73.6,1.56,2105.2
2019-10-12 21:00:00,11.77,72.9,16.4,2302.6
2019-10-12 22:00:00,9.13,72.2,1.66,2480.5
2019-10-12 23:00:00,7.66,52.2,2.14,2603.7
2019-10-13 00:00:00,9.45,54.4,7.88,2729.4
2019-10-13 01:00:00,5.43,76.6,6.59,2778.8
2019-10-13 02:00:00,8.53,67.7,6.7,2714.9
2019-10-13 03:00:00,9.39,58.3,0.28,2526.2
2019-10-13 04:00:00,4.34,65.8,7.02,2454.8
2019-10-13 05:00:00,5.1,76.8,6.31,2235.1
2019-10-13 06:00:00,6.11,79.3,3.26,2190.1
2019-10-13 07:00:00,4.64,68.2,1.17,2114.5
2019-10-13 08:00:00,8.09,60.0,4.95,2076.0
2019-10-13 09:00:00,13.56,59.0,8.57,2149.6
2019-10-13 10:00:00,8.73,75.8,10.6,2322.2
2019-10-13 11:00:00,15.62,70.1,3.96,2373.8
2019-10-13 12:00:00,12.05,63.9,11.68,2369.3
2019-10-13 13:00:00,19.05,52.5,1.06,2316.6
2019-10-13 14:00:00,12.46,70.7,8.64,2376.7
2019-10-13 15:00:00,13.94,73.8,4.81,2414.5
2019-10-13 16:00:00,11.89,50.9,1.01,2377.8
2019-10-13 17:00:00,12.05,60.5,10.36,2275.1
2019-10-13 18:00:00,16.48,68.1,4.87,2146.7
2019-10-13 19:00:00,13.49,61.8,9.08,2126.5
2019-10-13 20:00:00,13.91,57.0,4.5,2177.2
2019-10-13 21:00:00,7.01,67.9,4.4,2404.1
2019-10-13 22:00:00,10.91,66.2,3.21,2555.0
2019-10-13 23:00:00,5.88,58.3,5.04,2791.5
2019-10-14 00:00:00,3.94,69.6,6.83,3161.9
2019-10-14 01:00:00,7.25,69.1,4.66,3098.6
2019-10-14 02:00:00,6.82,62.6,1.71,3017.7
2019-10-14 03:00:00,6.25,60.8,6.46,2771.1
2019-10-14 04:00:00,8.04,61.3,6.46,2586.6
2019-10-14 05:00:00,8.83,57.2,1.64,2447.6
2019-10-14 06:00:00,10.96,70.0,2.93,2322.8
2019-10-14 07:00:00,5.14,60.0,1.53,2362.6
2019-10-14 08:00:00,12.83,63.2,5.13,2384.8
2019-10-14 09:00:00,14.82,57.2,7.8,2444.5
2019-10-14 10:00:00,10.23,58.2,7.15,2508.8
2019-10-14 11:00:00,7.94,76.6,1.16,2582.8
2019-10-14 12:00:00,9.48,63.4,4.92,2618.7
2019-10-14 13:00:00,12.42,56.7,1.99,2734.9
2019-10-14 14:00:00,19.01,50.7,1.46,2700.6
2019-10-14 15:00:00,14.16,63.4,4.93,2636.7
2019-10-14 16:00:00,12.44,68.7,3.29,2599.1
2019-10-14 17:00:00,11.87,72.7,14.74,2463.8
2019-10-14 18:00:00,9.64,62.9,15.78,2414.7
2019-10-14 19:00:00,14.3,58.7,7.78,2331.5
2019-10-14 20:00:00,10.92,64.3,3.12,2375.3
2019-10-14 21:00:00,15.36,61.0,0.79,2538.9
2019-10-14 22:00:00,10.65,57.3,3.0,2663.5
2019-10-14 23:00:00,10.19,75.5,8.65,2874.7
2019-10-15 00:00:00,6.49,67.0,3.54,3071.2
2019-10-15 01:00:00,3.73,73.3,1.15,3108.0
2019-10-15 02:00:00,3.88,72.3,13.08,3079.0
2019-10-15 03:00:00,2.5,73.2,2.29,2926.3
2019-10-15 04:00:00,8.34,57.3,2.55,2681.2
2019-10-15 05:00:00,5.5,67.5,11.17,2580.8
2019-10-15 06:00:00,9.48,82.7,5.74,2485.6
2019-10-15 07:00:00,8.27,78.1,5.96,2338.8
2019-10-15 08:00:00,8.16,66.7,6.07,2284.2
2019-10-15 09:00:00,7.0,63.5,2.04,2317.4
2019-10-15 10:00:00,11.72,44.9,7.48,2405.0
2019-10-15 11:00:00,11.38,58.9,9.67,2499.4
2019-10-15 12:00:00,15.01,59.4,5.23,2496.0
2019-10-15 13:00:00,11.6,60.2,4.23,2634.4
2019-10-15 14:00:00,15.33,57.8,11.8,2670.6
2019-10-15 15:00:00,18.03,62.6,8.93,2627.0
2019-10-15 16:00:00,14.47,52.4,2.39,2574.0
2019-10-15 17:00:00,15.35,61.9,8.21,2461.7
2019-10-15 18:00:00,14.18,59.8,4.38,2418.6
2019-10-15 19:00:00,16.67,51.6,5.97,2430.1
2019-10-15 20:00:00,11.89,75.9,15.19,2523.1
2019-10-15 21:00:00,11.68,68.6,1.13,2647.6
2019-10-15 22:00:00,8.8,58.7,0.58,2822.2
2019-10-15 23:00:00,5.99,71.3,2.93,3052.4
2019-10-16 00:00:00,3.89,57.8,4.27,3247.0
2019-10-16 01:00:00,9.44,59.1,2.55,3179.2
2019-10-16 02:00:00,3.36,79.9,7.59,3201.1
2019-10-16 03:00:00,7.6,68.7,6.81,2960.3
2019-10-16 04:00:00,6.92,68.6,5.04,2741.3
2019-10-16 05:00:00,8.57,73.0,6.29,2576.1
2019-10-16 06:00:00,5.63,72.4,6.06,2468.2
2019-10-16 07:00:00,5.76,65.3,12.49,2354.3
2019-10-16 08:00:00,9.65,71.8,2.15,2337.6
2019-10-16 09:00:00,9.01,51.3,5.79,2504.6
2019-10-16 10:00:00,7.7,60.5,11.02,2505.8
2019-10-16 11:00:00,16.59,58.0,4.07,2592.3
2019-10-16 12:00:00,10.59,67.9,4.95,2641.0
2019-10-16 13:00:00,10.72,60.8,8.75,2652.9
2019-10-16 14:00:00,13.0,47.3,0.71,2630.7
2019-10-16 15:00:00,16.87,43.1,9.75,2608.3
2019-10-16 16:00:00,8.19,64.9,6.47,2545.7
2019-10-16 17:00:00,16.13,55.3,8.11,2459.8
2019-10-16 18:00:00,10.29,56.5,7.72,2462.6
2019-10-16 19:00:00,12.4,53.5,1.29,2423.7
2019-10-16 20:00:00,9.09,65.8,1.45,2440.5
2019-10-16 21:00:00,14.72,70.6,0.43,2566.7
2019-10-16 22:00:00,9.02,65.9,1.29,2722.0
2019-10-16 23:00:00,5.97,77.7,2.01,2910.3
2019-10-17 00:00:00,5.97,64.2,5.13,3010.7
2019-10-17 01:00:00,6.32,70.5,11.46,3076.7
2019-10-17 02:00:00,6.14,77.9,3.86,3037.1
2019-10-17 03:00:00,6.65,65.4,4.78,2869.9
2019-10-17 04:00:00,5.69,67.7,4.47,2642.4
2019-10-17 05:00:00,2.65,66.9,6.96,2491.2
2019-10-17 06:00:00,5.88,72.0,2.92,2371.7
2019-10-17 07:00:00,9.07,72.0,4.65,2364.9
2019-10-17 08:00:00,6.85,69.3,9.14,2290.2
2019-10-17 09:00:00,11.24,61.2,11.71,2344.4
2019-10-17 10:00:00,10.67,51.5,11.11,2457.1
2019-10-17 11:00:00,11.01,62.8,10.12,2564.6
2019-10-17 12:00:00,15.37,58.2,10.69,2657.0
2019-10-17 13:00:00,8.67,66.9,5.03,2751.0
2019-10-17 14:00:00,11.73,63.5,2.82,2728.3
2019-10-17 15:00:00,16.64,71.3,6.29,2718.1
2019-10-17 16:00:00,17.99,52.0,6.86,2559.0
2019-10-17 17:00:00,18.73,44.4,3.98,2445.2
2019-10-17 18:00:00,12.51,52.9,2.97,2376.3
2019-10-17 19:00:00,12.7,56.8,10.89,2322.1
2019-10-17 20:00:00,12.63,70.5,4.89,2329.6
2019-10-17 21:00:00,12.74,51.4,3.8,2439.6
2019-10-17 22:00:00,9.3,55.2,4.1,2664.1
2019-10-17 23:00:00,9.87,67.4,5.69,2839.2
2019-10-18 00:00:00,7.69,72.6,2.87,2992.8
2019-10-18 01:00:00,7.21,53.8,6.76,3045.2
2019-10-18 02:00:00,3.21,55.3,0.2,3023.8
2019-10-18 03:00:00,4.55,62.1,1.62,2921.3
2019-10-18 04:00:00,4.2,73.9,3.69,2789.5
2019-10-18 05:00:00,2.94,70.8,7.11,2654.2
2019-10-18 06:00:00,2.41,64.1,3.72,2538.7
2019-10-18 07:00:00,6.31,72.9,9.55,2513.3
2019-10-18 08:00:00,7.68,66.9,11.58,2574.1
2019-10-18 09:00:00,9.64,63.4,4.49,2526.2
2019-10-18 10:00:00,11.8,49.6,2.32,2579.5
2019-10-18 11:00:00,11.84,56.4,4.62,2634.4
2019-10-18 12:00:00,11.56,78.4,9.34,2650.5
2019-10-18 13:00:00,10.55,60.9,2.15,2671.2
2019-10-18 14:00:00,15.43,52.0,7.64,2667.0
2019-10-18 15:00:00,13.12,58.4,4.39,2680.0
2019-10-18 16:00:00,12.15,63.2,8.02,2546.2
2019-10-18 17:00:00,12.37,69.2,6.72,2463.4
2019-10-18 18:00:00,10.37,68.7,3.13,2348.3
2019-10-18 19:00:00,10.05,58.6,4.44,2368.7
2019-10-18 20:00:00,9.0,75.0,6.95,2425.3
2019-10-18 21:00:00,8.65,71.6,9.07,2590.6
2019-10-18 22:00:00,9.98,60.5,4.42,2752.9
2019-10-18 23:00:00,8.39,64.3,9.32,2876.1
2019-10-19 00:00:00,10.23,68.6,16.32,2720.2
2019-10-19 01:00:00,8.76,73.6,9.75,2834.9
2019-10-19 02:00:00,10.22,51.7,4.93,2766.4
2019-10-19 03:00:00,6.59,67.3,4.81,2725.2
2019-10-19 04:00:00,6.68,66.4,1.38,2593.5
2019-10-19 05:00:00,4.51,63.8,4.27,2415.1
2019-10-19 06:00:00,8.43,60.7,7.72,2210.9
2019-10-19 07:00:00,5.55,76.0,9.06,2247.3
2019-10-19 08:00:00,4.48,72.7,2.06,2311.2
2019-10-19 09:00:00,13.01,78.4,6.63,2298.0
2019-10-19 10:00:00,7.1,61.8,10.45,2325.7
2019-10-19 11:00:00,12.29,63.3,1.98,2343.0
2019-10-19 12:00:00,9.82,66.6,6.02,2412.8
2019-10-19 13:00:00,15.47,66.8,3.22,2481.4
2019-10-19 14:00:00,16.21,69.9,1.66,2443.8
2019-10-19 15:00:00,14.51,61.1,4.5,2451.7
2019-10-19 16:00:00,16.17,50.3,1.22,2402.6
2019-10-19 17:00:00,12.67,56.2,3.13,2326.8
2019-10-19 18:00:00,17.6,59.1,5.17,2247.4
2019-10-19 19:00:00,13.06,70.5,9.09,2109.6
2019-10-19 20:00:00,7.97,54.0,2.13,2186.5
2019-10-19 21:00:00,9.36,55.1,4.05,2281.5
2019-10-19 22:00:00,7.77,71.8,9.21,2500.4
2019-10-19 23:00:00,6.56,56.4,2.7,2624.9
2019-10-20 00:00:00,2.04,61.4,1.75,2724.0
2019-10-20 01:00:00,6.51,75.9,11.41,2748.0
2019-10-20 02:00:00,1.68,68.9,4.72,2698.1
2019-10-20 03:00:00,-1.3,70.7,9.49,2510.1
2019-10-20 04:00:00,4.29,79.5,3.05,2263.9
2019-10-20 05:00:00,3.66,60.6,7.84,2141.2
2019-10-20 06:00:00,4.03,58.7,9.36,2112.8
2019-10-20 07:00:00,-0.75,85.6,3.31,2146.8
2019-10-20 08:00:00,5.85,69.2,7.55,2094.0
2019-10-20 09:00:00,8.58,70.6,2.86,2127.9
2019-10-20 10:00:00,8.46,62.7,11.25,2244.4
2019-10-20 11:00:00,11.98,61.6,2.87,2329.4
2019-10-20 12:00:00,15.32,54.1,11.73,2421.8
2019-10-20 13:00:00,13.77,63.5,6.59,2530.0
2019-10-20 14:00:00,15.44,66.3,4.14,2527.3
2019-10-20 15:00:00,15.78,60.9,12.7,2510.3
2019-10-20 16:00:00,10.33,72.2,3.18,2335.3
2019-10-20 17:00:00,13.57,66.4,16.18,2244.8
2019-10-20 18:00:00,14.33,52.2,7.59,2103.0
2019-10-20 19:00:00,9.92,62.9,1.89,2049.8
2019-10-20 20:00:00,8.07,62.0,3.68,2103.7
2019-10-20 21:00:00,10.34,69.8,4.3,2221.5
2019-10-20 22:00:00,4.27,72.3,16.48,2443.9
2019-10-20 23:00:00,4.29,69.6,10.82,2619.0
2019-10-21 00:00:00,4.34,76.6,9.14,3034.0
2019-10-21 01:00:00,6.5,51.9,3.27,3049.3
2019-10-21 02:00:00,5.52,62.8,4.6,2986.9
2019-10-21 03:00:00,7.41,61.9,7.73,2824.1
2019-10-21 04:00:00,2.66,71.9,8.0,2692.5
2019-10-21 05:00:00,2.93,74.1,4.82,2583.5
2019-10-21 06:00:00,7.31,66.1,4.4,2439.3
2019-10-21 07:00:00,4.84,57.6,7.78,2523.5
2019-10-21 08:00:00,6.29,70.2,12.77,2536.8
2019-10-21 09:00:00,4.19,69.7,1.26,2630.4
2019-10-21 10:00:00,10.6,51.8,7.86,2614.2
2019-10-21 11:00:00,14.69,57.9,3.59,2695.2
2019-10-21 12:00:00,9.09,67.7,2.53,2792.3
2019-10-21 13:00:00,14.85,73.3,1.53,2814.0
2019-10-21 14:00:00,12.55,53.2,2.74,2789.6
2019-10-21 15:00:00,8.42,71.6,5.38,2802.8
2019-10-21 16:00:00,10.46,55.0,4.45,2772.9
2019-10-21 17:00:00,9.91,53.9,4.84,2589.2
2019-10-21 18:00:00,10.87,53.6,4.71,2468.2
2019-10-21 19:00:00,11.88,67.3,7.28,2421.1
2019-10-21 20:00:00,14.49,61.4,7.72,2442.9
2019-10-21 21:00:00,5.26,65.3,2.07,2609.7
2019-10-21 22:00:00,6.59,70.4,3.91,2731.9
2019-10-21 23:00:00,4.59,68.7,15.66,2971.2
2019-10-22 00:00:00,2.66,70.8,2.15,3116.1
2019-10-22 01:00:00,5.43,65.2,6.0,3122.6
2019-10-22 02:00:00,4.8,59.9,8.33,3039.4
2019-10-22 03:00:00,0.12,85.4,10.48,2908.9
2019-10-22 04:00:00,4.84,79.3,7.12,2664.4
2019-10-22 05:00:00,2.18,83.0,4.11,2611.2
2019-10-22 06:00:00,5.86,63.0,3.19,2436.1
2019-10-22 07:00:00,9.83,58.7,7.01,2353.0
2019-10-22 08:00:00,8.78,61.7,8.85,2319.6
2019-10-22 09:00:00,9.1,73.3,12.36,2408.1
2019-10-22 10:00:00,8.37,65.3,11.11,2532.0
2019-10-22 11:00:00,10.82,59.0,9.35,2520.1
2019-10-22 12:00:00,12.89,64.6,1.63,2565.3
2019-10-22 13:00:00,13.28,55.5,2.11,2589.4
2019-10-22 14:00:00,12.27,51.3,21.07,2600.7
2019-10-22 15:00:00,13.2,62.5,4.81,2605.5
2019-10-22 16:00:00,9.23,60.5,6.51,2547.6
2019-10-22 17:00:00,10.29,63.7,0.62,2450.6
2019-10-22 18:00:00,13.25,39.9,9.69,2313.9
2019-10-22 19:00:00,12.76,54.7,5.56,2290.9
2019-10-22 20:00:00,9.93,63.7,5.4,2386.3
2019-10-22 21:00:00,12.35,50.0,19.93,2520.9
2019-10-22 22:00:00,8.89,53.0,7.15,2634.3
2019-10-22 23:00:00,6.07,67.5,4.47,2907.4
2019-10-23 00:00:00,2.6,75.5,5.45,3128.7
2019-10-23 01:00:00,8.62,58.0,3.37,3114.5
2019-10-23 02:00:00,6.54,64.7,2.31,3091.6
2019-10-23 03:00:00,8.98,62.9,4.74,2927.2
2019-10-23 04:00:00,10.04,51.5,1.36,2757.1
2019-10-23 05:00:00,1.8,80.0,3.91,2651.0
2019-10-23 06:00:00,2.44,68.6,0.48,2572.6
2019-10-23 07:00:00,-0.68,71.2,9.48,2472.2
2019-10-23 08:00:00,9.74,67.2,16.92,2388.8
2019-10-23 09:00:00,10.12,51.4,4.71,2484.1
2019-10-23 10:00:00,9.76,71.5,2.53,2614.4
2019-10-23 11:00:00,7.42,74.5,6.01,2715.3
2019-10-23 12:00:00,11.09,64.3,10.38,2787.0
2019-10-23 13:00:00,12.41,65.8,2.98,2808.2
2019-10-23 14:00:00,14.3,57.9,7.87,2827.3
2019-10-23 15:00:00,13.17,68.4,1.5,2805.3
2019-10-23 16:00:00,14.01,54.2,5.92,2617.1
2019-10-23 17:00:00,11.64,62.4,8.31,2548.3
2019-10-23 18:00:00,14.26,60.8,1.2,2459.4
2019-10-23 19:00:00,12.06,62.0,8.4,2425.8
2019-10-23 20:00:00,6.55,75.3,4.37,2533.2
2019-10-23 21:00:00,11.96,79.9,13.52,2592.3
2019-10-23 22:00:00,10.51,62.7,5.84,2766.0
2019-10-23 23:00:00,7.65,69.6,8.76,2965.8
2019-10-24 00:00:00,6.18,60.6,15.74,3118.1
2019-10-24 01:00:00,8.99,73.1,4.37,3024.2
2019-10-24 02:00:00,0.36,67.6,0.84,3070.1
2019-10-24 03:00:00,7.41,91.2,2.5,2882.0
2019-10-24 04:00:00,3.26,56.0,5.27,2695.1
2019-10-24 05:00:00,7.58,83.1,22.02,2477.2
2019-10-24 06:00:00,5.78,75.3,13.31,2455.2
2019-10-24 07:00:00,3.2,60.5,3.02,2413.0
2019-10-24 08:00:00,6.03,85.7,4.26,2475.3
2019-10-24 09:00:00,10.86,55.9,8.09,2453.0
2019-10-24 10:00:00,8.82,62.4,11.66,2578.5
2019-10-24 11:00:00,8.76,54.6,1.29,2608.9
2019-10-24 12:00:00,9.57,63.2,8.16,2698.2
2019-10-24 13:00:00,13.38,60.9,5.33,2741.1
2019-10-24 14:00:00,16.55,65.4,1.01,2755.1
2019-10-24 15:00:00,6.96,85.9,3.79,2705.3
2019-10-24 16:00:00,19.18,52.6,3.21,2601.2
2019-10-24 17:00:00,12.28,40.2,3.15,2472.9
2019-10-24 18:00:00,12.59,67.1,11.63,2356.0
2019-10-24 19:00:00,9.22,60.2,6.77,2390.5
2019-10-24 20:00:00,9.34,79.1,3.83,2548.1
2019-10-24 21:00:00,8.79,64.7,3.18,2632.2
2019-10-24 22:00:00,4.65,62.2,6.08,2859.8
2019-10-24 23:00:00,4.3,60.5,3.63,3069.3
2019-10-25 00:00:00,8.27,70.4,8.39,3116.8
2019-10-25 01:00:00,0.8,69.2,4.52,3174.2
2019-10-25 02:00:00,5.38,79.4,0.76,3051.8
2019-10-25 03:00:00,3.21,67.7,1.35,2924.1
2019-10-25 04:00:00,1.87,81.8,2.82,2660.9
2019-10-25 05:00:00,9.61,53.3,4.47,2456.9
2019-10-25 06:00:00,2.93,55.8,6.76,2471.2
2019-10-25 07:00:00,3.31,76.0,6.4,2460.9
2019-10-25 08:00:00,6.64,63.0,14.3,2441.6
2019-10-25 09:00:00,6.22,64.9,0.3,2447.2
2019-10-25 10:00:00,9.19,56.5,0.22,2517.9
2019-10-25 11:00:00,10.53,54.9,1.15,2556.5
2019-10-25 12:00:00,11.56,67.8,2.27,2614.8
2019-10-25 13:00:00,11.29,62.8,8.68,2665.8
2019-10-25 14:00:00,10.25,55.3,6.04,2714.4
2019-10-25 15:00:00,13.75,67.3,1.16,2723.9
2019-10-25 16:00:00,11.72,72.0,2.3,2652.2
2019-10-25 17:00:00,10.37,62.8,2.45,2549.7
2019-10-25 18:00:00,14.67,68.3,1.97,2488.1
2019-10-25 19:00:00,9.84,56.1,3.65,2409.5
2019-10-25 20:00:00,11.91,67.1,2.97,2421.7
2019-10-25 21:00:00,11.21,64.3,3.18,2608.1
2019-10-25 22:00:00,10.32,57.4,1.25,2838.5
2019-10-25 23:00:00,7.87,82.1,6.74,2953.4
2019-10-26 00:00:00,5.14,69.7,4.63,2835.9
2019-10-26 01:00:00,4.35,63.8,2.77,2909.1
2019-10-26 02:00:00,3.5,69.4,1.59,2853.9
2019-10-26 03:00:00,-1.45,66.2,3.4,2743.1
2019-10-26 04:00:00,5.9,58.0,0.8,2442.9
2019-10-26 05:00:00,5.12,64.3,6.11,2283.3
2019-10-26 06:00:00,7.21,63.2,6.48,2140.0
2019-10-26 07:00:00,5.68,61.0,4.44,2190.2
2019-10-26 08:00:00,8.6,75.1,13.85,2155.4
2019-10-26 09:00:00,4.53,62.3,6.64,2264.1
2019-10-26 10:00:00,6.08,59.7,8.1,2340.6
2019-10-26 11:00:00,3.78,59.5,6.32,2431.4
2019-10-26 12:00:00,10.46,53.4,6.37,2430.0
2019-10-26 13:00:00,9.5,72.6,5.21,2425.5
2019-10-26 14:00:00,9.58,66.4,7.88,2425.8
2019-10-26 15:00:00,12.81,67.3,4.88,2383.7
2019-10-26 16:00:00,10.77,71.5,1.74,2293.9
2019-10-26 17:00:00,7.85,63.1,8.6,2284.1
2019-10-26 18:00:00,17.16,70.0,6.21,2253.4
2019-10-26 19:00:00,9.88,59.1,1.9,2247.4
2019-10-26 20:00:00,6.3,58.2,4.23,2372.5
2019-10-26 21:00:00,6.3,70.0,1.01,2451.5
2019-10-26 22:00:00,6.5,68.0,11.37,2605.0
2019-10-26 23:00:00,5.53,68.7,5.9,2748.0
2019-10-27 00:00:00,8.23,73.5,1.42,2848.4
2019-10-27 01:00:00,4.14,69.5,3.86,2876.1
2019-10-27 02:00:00,8.58,67.6,1.77,2716.4
2019-10-27 03:00:00,2.72,80.7,2.94,2525.2
2019-10-27 04:00:00,5.01,70.1,6.4,2369.7
2019-10-27 05:00:00,6.9,70.4,8.42,2264.0
2019-10-27 06:00:00,7.96,54.3,1.53,2208.5
2019-10-27 07:00:00,9.09,94.5,11.38,2197.7
2019-10-27 08:00:00,6.09,54.4,9.82,2279.8
2019-10-27 09:00:00,7.79,61.5,3.28,2299.1
2019-10-27 10:00:00,2.64,65.3,2.47,2353.3
2019-10-27 11:00:00,9.32,81.4,7.64,2319.7
2019-10-27 12:00:00,13.36,56.5,19.84,2372.2
2019-10-27 13:00:00,13.51,64.7,4.59,2336.5
2019-10-27 14:00:00,11.45,58.3,3.07,2388.9
2019-10-27 15:00:00,16.05,50.8,2.77,2386.3
2019-10-27 16:00:00,10.71,68.0,0.12,2342.3
2019-10-27 17:00:00,9.48,58.7,2.19,2290.7
2019-10-27 18:00:00,9.46,66.1,0.19,2130.1
2019-10-27 19:00:00,7.0,71.4,8.74,2096.4
2019-10-27 20:00:00,10.4,78.9,10.63,2076.6
2019-10-27 21:00:00,8.53,55.1,3.21,2212.2
2019-10-27 22:00:00,8.3,64.1,4.2,2383.6
2019-10-27 23:00:00,4.77,67.3,2.23,2531.2
2019-10-28 00:00:00,4.67,68.3,2.35,2967.1
2019-10-28 01:00:00,-1.27,93.6,4.33,3128.4
2019-10-28 02:00:00,4.72,66.8,5.63,2974.7
2019-10-28 03:00:00,3.89,48.7,14.35,2822.5
2019-10-28 04:00:00,1.03,69.6,1.07,2725.7
2019-10-28 05:00:00,3.92,67.9,3.93,2550.7
2019-10-28 06:00:00,4.17,66.7,5.42,2482.6
2019-10-28 07:00:00,10.05,58.2,3.56,2356.3
2019-10-28 08:00:00,3.95,58.3,6.74,2473.5
2019-10-28 09:00:00,8.47,82.5,9.24,2505.2
2019-10-28 10:00:00,5.95,69.8,3.63,2584.6
2019-10-28 11:00:00,8.25,63.9,4.1,2634.5
2019-10-28 12:00:00,11.16,80.1,2.87,2596.1
2019-10-28 13:00:00,10.58,56.6,7.01,2640.8
2019-10-28 14:00:00,11.49,67.6,2.03,2664.4
2019-10-28 15:00:00,12.47,52.0,8.71,2625.4
2019-10-28 16:00:00,10.27,69.8,2.54,2528.3
2019-10-28 17:00:00,13.32,52.3,5.9,2500.6
2019-10-28 18:00:00,9.71,68.0,5.83,2470.6
2019-10-28 19:00:00,9.4,80.1,11.79,2435.5
2019-10-28 20:00:00,9.58,65.1,0.85,2488.5
2019-10-28 21:00:00,8.21,47.9,9.36,2550.5
2019-10-28 22:00:00,8.22,65.7,2.07,2691.0
2019-10-28 23:00:00,6.43,70.7,9.15,2881.4
2019-10-29 00:00:00,5.82,74.5,1.82,2985.5
2019-10-29 01:00:00,3.2,81.2,4.78,3096.4
2019-10-29 02:00:00,0.94,83.4,3.08,3028.5
2019-10-29 03:00:00,-0.09,71.0,8.59,2853.7
2019-10-29 04:00:00,-0.56,67.2,1.71,2781.4
2019-10-29 05:00:00,8.42,56.3,1.13,2617.0
2019-10-29 06:00:00,-0.88,68.4,5.43,2635.5
2019-10-29 07:00:00,8.46,69.0,1.92,2422.4
2019-10-29 08:00:00,4.39,57.7,6.41,2547.6
2019-10-29 09:00:00,10.45,56.2,5.9,2599.2
2019-10-29 10:00:00,3.01,74.1,4.52,2656.5
2019-10-29 11:00:00,8.89,59.7,4.71,2576.2
2019-10-29 12:00:00,13.94,63.8,6.37,2615.8
2019-10-29 13:00:00,12.73,55.3,4.2,2683.9
2019-10-29 14:00:00,10.5,65.9,2.76,2757.7
2019-10-29 15:00:00,6.62,60.5,4.0,2680.6
2019-10-29 16:00:00,8.04,50.4,3.98,2673.6
2019-10-29 17:00:00,14.42,68.1,4.85,2485.9
2019-10-29 18:00:00,9.44,58.9,17.02,2446.6
2019-10-29 19:00:00,9.3,62.6,3.95,2411.7
2019-10-29 20:00:00,9.22,59.1,11.55,2507.5
2019-10-29 21:00:00,4.22,73.0,9.37,2691.9
2019-10-29 22:00:00,7.46,68.7,2.08,2827.8
2019-10-29 23:00:00,4.43,72.8,1.7,3058.0
2019-10-30 00:00:00,5.23,63.4,5.36,3136.1
2019-10-30 01:00:00,2.41,69.7,9.17,3182.9
2019-10-30 02:00:00,-0.48,75.7,4.29,3081.4
2019-10-30 03:00:00,2.25,82.6,5.44,2941.5
2019-10-30 04:00:00,5.06,70.4,5.19,2787.6
2019-10-30 05:00:00,4.84,60.1,13.45,2650.9
2019-10-30 06:00:00,4.57,70.5,8.65,2559.5
2019-10-30 07:00:00,7.56,64.6,3.16,2479.6
2019-10-30 08:00:00,5.78,51.4,1.18,2612.7
2019-10-30 09:00:00,7.46,51.3,4.56,2633.3
2019-10-30 10:00:00,7.16,65.7,4.32,2629.8
2019-10-30 11:00:00,11.71,62.8,22.39,2691.6
2019-10-30 12:00:00,10.88,60.9,4.85,2748.4
2019-10-30 13:00:00,9.39,71.6,4.93,2872.0
2019-10-30 14:00:00,7.46,58.6,3.63,2881.0
2019-10-30 15:00:00,14.08,49.6,3.47,2751.9
2019-10-30 16:00:00,9.32,57.9,8.61,2746.1
2019-10-30 17:00:00,10.96,58.4,8.04,2638.3
2019-10-30 18:00:00,16.03,58.7,3.99,2513.7
2019-10-30 19:00:00,11.32,56.6,7.15,2558.9
2019-10-30 20:00:00,12.38,45.0,5.17,2580.0
2019-10-30 21:00:00,5.97,46.7,5.49,2706.1
2019-10-30 22:00:00,8.96,65.8,2.24,2881.3
2019-10-30 23:00:00,5.39,58.7,7.59,3118.5
2019-10-31 00:00:00,5.25,51.8,3.97,3264.6
2019-10-31 01:00:00,8.75,70.0,10.7,3288.3
2019-10-31 02:00:00,2.6,82.3,1.41,3172.7
2019-10-31 03:00:00,3.21,68.7,3.7,3040.6
2019-10-31 04:00:00,1.04,73.3,1.5,2877.0
2019-10-31 05:00:00,5.92,69.5,8.99,2670.1
2019-10-31 06:00:00,2.93,51.1,6.04,2573.2
2019-10-31 07:00:00,7.72,72.9,1.41,2471.6
2019-10-31 08:00:00,2.0,80.3,5.2,2539.8
2019-10-31 09:00:00,8.53,79.9,4.02,2536.3
2019-10-31 10:00:00,6.59,63.2,3.61,2537.6
2019-10-31 11:00:00,10.99,54.1,4.74,2615.4
2019-10-31 12:00:00,9.96,74.9,15.45,2721.8
2019-10-31 13:00:00,9.29,68.6,15.64,2786.5
2019-10-31 14:00:00,10.06,70.9,5.28,2806.9
2019-10-31 15:00:00,9.04,59.6,4.2,2813.8
2019-10-31 16:00:00,13.12,63.7,1.27,2726.1
2019-10-31 17:00:00,8.0,57.2,5.44,2723.1
2019-10-31 18:00:00,9.32,64.5,15.91,2599.3
2019-10-31 19:00:00,10.03,61.2,6.45,2575.3
2019-10-31 20:00:00,12.23,81.0,3.8,2560.2
2019-10-31 21:00:00,7.14,70.7,2.09,2695.3
2019-10-31 22:00:00,5.52,50.4,4.88,2923.4
2019-10-31 23:00:00,5.85,67.3,14.69,3076.1
2019-11-01 00:00:00,-1.01,75.7,4.0,3236.5
2019-11-01 01:00:00,0.55,67.8,10.35,3254.0
2019-11-01 02:00:00,2.2,61.4,4.3,3156.2
2019-11-01 03:00:00,1.22,76.3,0.76,2973.3
2019-11-01 04:00:00,-0.86,65.0,1.09,2804.1
2019-11-01 05:00:00,5.69,72.1,7.63,2598.3
2019-11-01 06:00:00,4.83,59.8,5.19,2415.1
2019-11-01 07:00:00,5.36,63.4,9.6,2396.3
2019-11-01 08:00:00,4.24,76.3,4.55,2407.6
2019-11-01 09:00:00,7.21,70.1,10.13,2441.1
2019-11-01 10:00:00,9.33,64.8,7.25,2455.8
2019-11-01 11:00:00,8.34,65.1,1.53,2543.2
2019-11-01 12:00:00,10.95,64.0,3.93,2679.3
2019-11-01 13:00:00,8.48,58.9,2.94,2700.1
2019-11-01 14:00:00,11.11,51.0,2.01,2677.0
2019-11-01 15:00:00,13.86,65.5,4.32,2640.8
2019-11-01 16:00:00,13.95,73.1,10.05,2493.2
2019-11-01 17:00:00,13.79,65.8,3.16,2348.6
2019-11-01 18:00:00,10.55,65.6,1.84,2313.4
2019-11-01 19:00:00,9.09,55.1,8.86,2284.8
2019-11-01 20:00:00,6.92,73.5,5.21,2444.3
2019-11-01 21:00:00,2.49,73.9,0.88,2585.2
2019-11-01 22:00:00,2.61,76.0,6.78,2849.6
2019-11-01 23:00:00,4.59,76.6,6.9,2938.1
2019-11-02 00:00:00,3.76,81.7,4.56,2827.0
2019-11-02 01:00:00,6.92,57.5,1.41,2795.7
2019-11-02 02:00:00,6.28,56.7,2.83,2771.6
2019-11-02 03:00:00,1.14,72.3,3.58,2655.4
2019-11-02 04:00:00,5.04,60.6,4.6,2430.5
2019-11-02 05:00:00,2.2,61.5,1.81,2315.6
2019-11-02 06:00:00,5.73,77.2,8.05,2298.1
2019-11-02 07:00:00,6.87,58.4,16.17,2305.6
2019-11-02 08:00:00,8.92,64.8,2.18,2276.7
2019-11-02 09:00:00,5.62,54.5,2.82,2320.0
2019-11-02 10:00:00,10.43,64.2,2.62,2310.8
2019-11-02 11:00:00,4.17,78.1,24.26,2400.1
2019-11-02 12:00:00,12.92,71.4,5.81,2454.1
2019-11-02 13:00:00,10.26,72.2,10.34,2467.1
2019-11-02 14:00:00,10.71,62.8,6.34,2529.5
2019-11-02 15:00:00,5.76,76.3,1.54,2583.5
2019-11-02 16:00:00,9.75,67.6,2.07,2452.8
2019-11-02 17:00:00,13.71,57.5,2.61,2285.1
2019-11-02 18:00:00,8.62,68.2,2.88,2245.4
2019-11-02 19:00:00,10.64,70.6,8.15,2142.7
2019-11-02 20:00:00,7.98,55.0,20.67,2212.4
2019-11-02 21:00:00,9.51,55.9,4.06,2388.0
2019-11-02 22:00:00,6.3,65.8,5.28,2496.7
2019-11-02 23:00:00,2.52,60.2,4.66,2712.4
2019-11-03 00:00:00,4.02,58.9,1.24,2809.0
2019-11-03 01:00:00,7.24,62.8,12.17,2797.6
2019-11-03 02:00:00,4.08,76.7,7.38,2711.7
2019-11-03 03:00:00,2.41,77.9,4.26,2683.6
2019-11-03 04:00:00,8.48,67.8,17.61,2460.4
2019-11-03 05:00:00,6.14,68.5,0.93,2254.2
2019-11-03 06:00:00,5.92,84.0,8.5,2191.3
2019-11-03 07:00:00,5.5,63.3,4.51,2221.1
2019-11-03 08:00:00,7.49,67.9,3.41,2224.4
2019-11-03 09:00:00,8.61,60.4,3.2,2338.5
2019-11-03 10:00:00,2.28,59.9,4.11,2382.2
2019-11-03 11:00:00,9.69,73.7,3.76,2431.2
2019-11-03 12:00:00,9.13,62.3,6.68,2486.2
2019-11-03 13:00:00,8.92,70.4,5.71,2492.9
2019-11-03 14:00:00,10.08,62.0,11.54,2526.9
2019-11-03 15:00:00,6.81,76.5,3.73,2554.9
2019-11-03 16:00:00,6.06,59.2,14.39,2542.4
2019-11-03 17:00:00,13.28,70.7,13.42,2449.4
2019-11-03 18:00:00,10.69,70.6,3.18,2344.3
2019-11-03 19:00:00,2.67,55.5,2.43,2298.8
2019-11-03 20:00:00,6.3,62.8,8.56,2227.4
2019-11-03 21:00:00,8.91,73.0,6.46,2264.2
2019-11-03 22:00:00,4.97,81.1,2.96,2480.4
2019-11-03 23:00:00,7.82,71.5,6.44,2656.3
2019-11-04 00:00:00,6.35,63.7,2.93,3081.9
2019-11-04 01:00:00,-0.3,64.5,5.74,3205.0
2019-11-04 02:00:00,2.33,74.7,5.14,3073.6
2019-11-04 03:00:00,1.44,67.4,3.31,2996.1
2019-11-04 04:00:00,-0.78,69.6,14.77,2906.3
2019-11-04 05:00:00,-0.54,70.6,15.47,2701.1
2019-11-04 06:00:00,1.71,77.7,3.89,2575.6
2019-11-04 07:00:00,2.95,84.1,12.55,2557.9
2019-11-04 08:00:00,6.23,75.2,2.76,2601.2
2019-11-04 09:00:00,9.17,64.7,0.89,2639.5
2019-11-04 10:00:00,8.88,57.7,4.34,2674.7
2019-11-04 11:00:00,10.43,69.0,4.09,2684.4
2019-11-04 12:00:00,8.72,78.3,1.66,2713.1
2019-11-04 13:00:00,11.53,70.8,2.8,2735.3
2019-11-04 14:00:00,10.05,65.6,12.96,2728.1
2019-11-04 15:00:00,9.45,60.5,5.43,2655.6
2019-11-04 16:00:00,15.16,62.6,13.44,2617.2
2019-11-04 17:00:00,4.19,77.9,6.72,2570.2
2019-11-04 18:00:00,4.7,70.1,8.21,2503.5
2019-11-04 19:00:00,9.51,63.6,6.87,2371.3
2019-11-04 20:00:00,6.93,61.0,6.19,2492.6
2019-11-04 21:00:00,2.96,90.3,3.92,2694.9
2019-11-04 22:00:00,2.88,62.6,7.48,2918.8
2019-11-04 23:00:00,2.24,62.3,7.79,3090.6
2019-11-05 00:00:00,5.81,68.7,9.38,3165.9
2019-11-05 01:00:00,5.98,65.6,10.71,3211.9
2019-11-05 02:00:00,6.65,74.9,13.97,3175.2
2019-11-05 03:00:00,-1.56,81.7,6.36,3094.0
2019-11-05 04:00:00,-0.87,63.0,7.02,2838.9
2019-11-05 05:00:00,-0.64,66.5,5.97,2667.1
2019-11-05 06:00:00,6.8,59.6,13.61,2554.1
2019-11-05 07:00:00,5.45,73.9,6.54,2562.3
2019-11-05 08:00:00,5.58,71.0,6.49,2587.7
2019-11-05 09:00:00,6.98,63.4,7.27,2604.0
2019-11-05 10:00:00,7.3,67.9,7.24,2734.7
2019-11-05 11:00:00,5.61,58.5,6.0,2766.5
2019-11-05 12:00:00,10.52,57.6,3.32,2777.7
2019-11-05 13:00:00,9.41,54.1,3.26,2837.4
2019-11-05 14:00:00,7.27,67.3,1.67,2875.7
2019-11-05 15:00:00,11.85,63.7,4.43,2772.9
2019-11-05 16:00:00,9.21,56.8,1.59,2734.9
2019-11-05 17:00:00,10.44,67.0,0.71,2644.1
2019-11-05 18:00:00,8.93,73.3,10.17,2564.0
2019-11-05 19:00:00,10.64,55.2,3.3,2523.8
2019-11-05 20:00:00,8.0,63.0,0.37,2554.5
2019-11-05 21:00:00,4.2,72.7,10.95,2786.2
2019-11-05 22:00:00,6.18,67.0,2.27,2982.7
2019-11-05 23:00:00,5.3,56.8,4.3,3121.9
2019-11-06 00:00:00,4.72,64.7,9.96,3233.2
2019-11-06 01:00:00,5.39,63.9,7.62,3287.6
2019-11-06 02:00:00,0.86,69.9,1.33,3268.3
2019-11-06 03:00:00,3.94,67.8,1.76,3076.3
2019-11-06 04:00:00,-1.91,86.1,5.13,2905.5
2019-11-06 05:00:00,2.5,68.3,2.02,2667.7
2019-11-06 06:00:00,2.75,56.1,6.61,2572.7
2019-11-06 07:00:00,7.89,66.4,5.56,2557.4
2019-11-06 08:00:00,4.84,82.1,15.14,2647.8
2019-11-06 09:00:00,7.79,64.4,5.46,2685.1
2019-11-06 10:00:00,2.9,66.2,3.13,2818.2
2019-11-06 11:00:00,7.39,63.6,2.5,2734.0
2019-11-06 12:00:00,6.98,71.1,3.04,2809.2
2019-11-06 13:00:00,15.92,56.8,11.11,2827.6
2019-11-06 14:00:00,8.46,53.1,5.27,2786.6
2019-11-06 15:00:00,10.45,58.3,4.27,2830.3
2019-11-06 16:00:00,10.45,63.1,6.24,2763.3
2019-11-06 17:00:00,5.76,71.7,1.51,2718.3
2019-11-06 18:00:00,7.78,61.1,6.45,2567.2
2019-11-06 19:00:00,9.28,62.2,4.43,2519.6
2019-11-06 20:00:00,7.52,66.3,4.05,2579.4
2019-11-06 21:00:00,0.52,65.4,13.55,2845.0
2019-11-06 22:00:00,3.81,68.2,4.1,3011.5
2019-11-06 23:00:00,6.82,70.3,4.68,3147.3
2019-11-07 00:00:00,4.77,58.7,2.89,3215.2
2019-11-07 01:00:00,5.71,69.9,8.19,3175.3
2019-11-07 02:00:00,-0.2,63.4,23.11,3058.5
2019-11-07 03:00:00,5.33,59.2,1.92,2858.2
2019-11-07 04:00:00,2.15,65.0,4.73,2752.8
2019-11-07 05:00:00,6.64,77.6,2.69,2570.9
2019-11-07 06:00:00,3.31,55.6,10.33,2543.8
2019-11-07 07:00:00,-0.99,69.1,10.55,2645.9
2019-11-07 08:00:00,7.22,66.0,3.4,2540.0
2019-11-07 09:00:00,5.02,77.3,6.23,2578.7
2019-11-07 10:00:00,6.22,82.6,4.97,2646.7
2019-11-07 11:00:00,4.49,65.0,3.71,2675.0
2019-11-07 12:00:00,13.01,65.9,9.01,2689.9
2019-11-07 13:00:00,8.29,64.6,3.25,2739.0
2019-11-07 14:00:00,13.93,60.0,6.75,2689.7
2019-11-07 15:00:00,9.05,66.9,2.27,2629.7
2019-11-07 16:00:00,7.67,53.2,19.41,2568.7
2019-11-07 17:00:00,12.89,61.3,5.02,2440.6
2019-11-07 18:00:00,8.77,68.6,3.4,2373.4
2019-11-07 19:00:00,7.97,58.7,3.59,2419.8
2019-11-07 20:00:00,3.96,72.5,4.6,2555.1
2019-11-07 21:00:00,4.98,54.2,4.52,2688.4
2019-11-07 22:00:00,6.16,67.8,1.38,2881.7
2019-11-07 23:00:00,0.88,82.0,10.57,3067.9
2019-11-08 00:00:00,1.81,68.8,3.38,3212.2
2019-11-08 01:00:00,1.47,63.0,16.6,3200.3
2019-11-08 02:00:00,2.29,58.8,6.42,3145.6
2019-11-08 03:00:00,5.69,70.6,3.16,3036.8
2019-11-08 04:00:00,1.38,78.3,7.91,2935.1
2019-11-08 05:00:00,0.8,70.9,5.09,2810.7
2019-11-08 06:00:00,10.03,60.3,16.87,2563.0
2019-11-08 07:00:00,2.91,54.2,6.33,2594.9
2019-11-08 08:00:00,4.48,69.4,10.39,2607.3
2019-11-08 09:00:00,5.1,62.4,7.93,2693.0
2019-11-08 10:00:00,6.33,61.9,2.39,2711.0
2019-11-08 11:00:00,8.18,78.4,16.26,2754.0
2019-11-08 12:00:00,11.12,48.7,1.58,2857.5
2019-11-08 13:00:00,10.46,50.3,4.69,2886.8
2019-11-08 14:00:00,12.55,63.8,6.63,2792.8
2019-11-08 15:00:00,12.6,58.8,0.67,2716.7
2019-11-08 16:00:00,10.37,59.5,3.08,2624.1
2019-11-08 17:00:00,10.39,65.9,6.02,2496.9
2019-11-08 18:00:00,11.59,64.8,6.25,2436.0
2019-11-08 19:00:00,5.21,60.0,18.27,2505.6
2019-11-08 20:00:00,13.27,56.7,11.4,2557.8
2019-11-08 21:00:00,4.71,68.6,3.58,2787.5
2019-11-08 22:00:00,4.08,70.1,0.66,2936.4
2019-11-08 23:00:00,0.96,75.1,1.23,3130.3
2019-11-09 00:00:00,0.07,67.3,5.01,3007.7
2019-11-09 01:00:00,4.83,70.9,8.55,3100.7
2019-11-09 02:00:00,7.67,73.5,2.85,2993.5
2019-11-09 03:00:00,0.44,72.0,17.85,2892.6
2019-11-09 04:00:00,2.86,68.9,5.23,2642.4
2019-11-09 05:00:00,2.94,67.8,4.31,2531.2
2019-11-09 06:00:00,5.53,62.6,19.48,2346.5
2019-11-09 07:00:00,9.4,57.0,17.02,2283.6
2019-11-09 08:00:00,8.62,62.7,10.69,2307.1
2019-11-09 09:00:00,5.26,71.4,3.92,2380.9
2019-11-09 10:00:00,8.21,58.3,18.22,2498.0
2019-11-09 11:00:00,9.42,63.9,11.71,2566.7
2019-11-09 12:00:00,8.63,63.6,5.06,2662.9
2019-11-09 13:00:00,6.58,81.0,14.99,2658.6
2019-11-09 14:00:00,7.72,71.6,3.7,2687.8
2019-11-09 15:00:00,12.73,67.5,1.6,2672.6
2019-11-09 16:00:00,12.85,69.1,4.08,2587.5
2019-11-09 17:00:00,8.8,60.6,1.44,2463.6
2019-11-09 18:00:00,9.34,75.5,5.33,2324.2
2019-11-09 19:00:00,10.85,64.6,5.07,2274.7
2019-11-09 20:00:00,2.63,69.5,3.16,2377.6
2019-11-09 21:00:00,4.74,58.5,11.61,2454.0
2019-11-09 22:00:00,9.86,60.9,6.48,2600.4
2019-11-09 23:00:00,4.6,54.2,3.54,2836.9
2019-11-10 00:00:00,0.07,70.0,4.35,2990.0
2019-11-10 01:00:00,2.55,65.3,9.08,2976.5
2019-11-10 02:00:00,4.41,65.3,11.24,2816.3
2019-11-10 03:00:00,-4.64,64.6,6.06,2763.2
2019-11-10 04:00:00,2.3,75.8,2.63,2480.6
2019-11-10 05:00:00,1.33,75.7,4.6,2340.4
2019-11-10 06:00:00,-1.21,86.5,8.36,2299.1
2019-11-10 07:00:00,3.93,82.2,13.13,2155.6
2019-11-10 08:00:00,4.35,69.8,3.97,2185.0
2019-11-10 09:00:00,5.66,75.7,2.32,2263.0
2019-11-10 10:00:00,5.89,69.4,9.55,2285.4
2019-11-10 11:00:00,5.17,64.4,12.74,2361.0
2019-11-10 12:00:00,4.91,65.8,5.75,2393.0
2019-11-10 13:00:00,7.46,71.1,2.92,2469.2
2019-11-10 14:00:00,11.73,95.3,4.04,2443.4
2019-11-10 15:00:00,10.31,73.1,5.99,2399.9
2019-11-10 16:00:00,9.41,66.4,3.38,2383.5
2019-11-10 17:00:00,6.59,70.6,1.86,2313.8
2019-11-10 18:00:00,7.62,69.7,3.34,2299.0
2019-11-10 19:00:00,9.57,63.6,4.01,2262.4
2019-11-10 20:00:00,8.02,71.6,3.98,2334.5
2019-11-10 21:00:00,4.53,67.1,0.53,2507.8
2019-11-10 22:00:00,-1.84,65.4,29.71,2793.2
2019-11-10 23:00:00,2.04,74.2,3.44,2793.4
2019-11-11 00:00:00,1.56,75.7,2.16,3207.9
2019-11-11 01:00:00,-0.14,70.9,4.35,3219.3
2019-11-11 02:00:00,0.7,73.9,12.0,3094.2
2019-11-11 03:00:00,3.63,76.8,11.62,2922.4
2019-11-11 04:00:00,1.64,70.3,10.26,2775.6
2019-11-11 05:00:00,4.6,64.7,15.54,2534.6
2019-11-11 06:00:00,-1.01,67.1,2.63,2466.9
2019-11-11 07:00:00,2.83,67.7,1.92,2365.0
2019-11-11 08:00:00,-0.29,84.5,8.36,2414.6
2019-11-11 09:00:00,4.53,66.8,3.83,2473.1
2019-11-11 10:00:00,4.01,71.7,9.95,2556.3
2019-11-11 11:00:00,10.8,60.8,11.25,2600.1
2019-11-11 12:00:00,9.45,61.2,6.62,2650.9
2019-11-11 13:00:00,11.59,55.7,4.87,2758.6
2019-11-11 14:00:00,8.38,66.1,14.13,2771.5
2019-11-11 15:00:00,7.04,62.2,6.21,2795.1
2019-11-11 16:00:00,6.83,76.7,3.53,2726.1
2019-11-11 17:00:00,9.72,63.4,4.98,2568.4
2019-11-11 18:00:00,12.95,61.3,5.81,2570.2
2019-11-11 19:00:00,8.62,63.7,0.84,2588.4
2019-11-11 20:00:00,5.69,70.4,16.47,2638.0
2019-11-11 21:00:00,5.12,79.8,2.91,2795.1
2019-11-11 22:00:00,4.48,60.1,1.23,2964.5
2019-11-11 23:00:00,8.66,67.3,6.1,3077.8
2019-11-12 00:00:00,5.72,54.9,6.83,3196.6
2019-11-12 01:00:00,2.65,79.7,3.03,3249.9
2019-11-12 02:00:00,1.88,69.6,3.99,3192.7
2019-11-12 03:00:00,2.21,58.3,6.09,3045.2
2019-11-12 04:00:00,2.84,59.5,5.91,2883.1
2019-11-12 05:00:00,0.97,77.7,9.73,2742.4
2019-11-12 06:00:00,0.53,58.3,6.17,2593.3
2019-11-12 07:00:00,6.05,69.4,1.06,2526.5
2019-11-12 08:00:00,4.49,65.0,4.85,2536.5
2019-11-12 09:00:00,7.84,64.2,7.99,2497.7
2019-11-12 10:00:00,10.62,58.1,3.32,2551.0
2019-11-12 11:00:00,8.77,57.4,4.69,2625.6
2019-11-12 12:00:00,9.19,60.7,9.13,2661.9
2019-11-12 13:00:00,16.93,63.0,5.95,2658.1
2019-11-12 14:00:00,9.85,61.8,7.88,2700.0
2019-11-12 15:00:00,6.74,70.0,6.61,2686.5
2019-11-12 16:00:00,8.63,63.2,4.48,2572.1
2019-11-12 17:00:00,12.81,66.6,19.9,2495.8
2019-11-12 18:00:00,5.06,71.3,2.41,2464.1
2019-11-12 19:00:00,5.58,63.2,1.33,2450.2
2019-11-12 20:00:00,9.27,57.0,5.45,2459.8
2019-11-12 21:00:00,4.79,75.8,4.53,2653.2
2019-11-12 22:00:00,4.16,62.2,5.47,2784.9
2019-11-12 23:00:00,6.15,71.1,10.52,3014.8
2019-11-13 00:00:00,0.72,71.7,2.75,3129.0
2019-11-13 01:00:00,-1.79,69.7,0.52,3227.4
2019-11-13 02:00:00,-1.99,77.0,26.29,3155.5
2019-11-13 03:00:00,2.8,80.7,4.61,3051.8
2019-11-13 04:00:00,2.13,75.3,7.74,2878.3
2019-11-13 05:00:00,0.15,72.9,4.79,2767.0
2019-11-13 06:00:00,-0.38,85.3,3.96,2584.4
2019-11-13 07:00:00,2.67,56.5,4.85,2577.6
2019-11-13 08:00:00,7.1,57.4,8.05,2571.9
2019-11-13 09:00:00,3.25,65.7,10.17,2590.4
2019-11-13 10:00:00,4.72,79.6,13.9,2626.1
2019-11-13 11:00:00,4.37,76.1,8.71,2697.5
2019-11-13 12:00:00,7.25,52.5,4.67,2782.9
2019-11-13 13:00:00,9.65,60.8,19.41,2789.9
2019-11-13 14:00:00,14.49,49.8,7.96,2745.4
2019-11-13 15:00:00,9.89,63.8,8.9,2703.9
2019-11-13 16:00:00,9.07,72.0,14.03,2669.5
2019-11-13 17:00:00,10.96,71.0,5.37,2563.1
2019-11-13 18:00:00,9.91,66.2,13.23,2508.5
2019-11-13 19:00:00,5.9,63.9,1.3,2415.4
2019-11-13 20:00:00,12.13,61.5,4.97,2506.2
2019-11-13 21:00:00,5.28,73.2,15.11,2680.0
2019-11-13 22:00:00,4.9,86.9,11.47,2877.2
2019-11-13 23:00:00,4.72,58.7,7.05,3092.1
2019-11-14 00:00:00,3.26,82.1,2.05,3278.5
2019-11-14 01:00:00,5.57,69.5,0.94,3316.0
2019-11-14 02:00:00,-0.12,78.7,5.18,3249.5
2019-11-14 03:00:00,3.18,70.9,4.79,2991.6
2019-11-14 04:00:00,1.77,81.8,10.05,2853.7
2019-11-14 05:00:00,4.21,71.3,6.07,2724.9
2019-11-14 06:00:00,1.86,65.3,11.08,2665.5
2019-11-14 07:00:00,2.34,73.7,6.8,2537.2
2019-11-14 08:00:00,6.02,76.2,2.45,2610.9
2019-11-14 09:00:00,6.12,67.1,7.59,2638.0
2019-11-14 10:00:00,4.21,52.0,5.7,2759.0
2019-11-14 11:00:00,10.59,62.6,5.25,2687.8
2019-11-14 12:00:00,9.88,64.9,5.92,2810.4
2019-11-14 13:00:00,8.5,64.8,7.01,2899.9
2019-11-14 14:00:00,7.91,61.7,5.45,2886.1
2019-11-14 15:00:00,10.13,74.5,1.44,2876.3
2019-11-14 16:00:00,10.74,44.4,1.76,2795.0
2019-11-14 17:00:00,4.7,69.0,3.95,2770.4
2019-11-14 18:00:00,8.99,65.7,12.5,2619.7
2019-11-14 19:00:00,8.85,81.7,6.3,2543.6
2019-11-14 20:00:00,0.38,71.6,5.33,2737.8
2019-11-14 21:00:00,5.71,71.0,19.0,2812.8
2019-11-14 22:00:00,5.92,68.3,6.79,2917.1
2019-11-14 23:00:00,4.67,69.0,5.45,3108.5
2019-11-15 00:00:00,4.28,82.7,4.26,3261.0
2019-11-15 01:00:00,0.82,62.5,3.77,3357.6
2019-11-15 02:00:00,-1.36,67.8,1.15,3376.1
2019-11-15 03:00:00,-3.4,80.8,5.38,3247.9
2019-11-15 04:00:00,3.97,70.9,1.93,2946.1
2019-11-15 05:00:00,3.4,67.0,2.84,2775.4
2019-11-15 06:00:00,5.2,67.3,1.85,2701.7
2019-11-15 07:00:00,1.29,78.3,18.04,2664.1
2019-11-15 08:00:00,6.08,71.0,6.62,2636.6
2019-11-15 09:00:00,1.35,65.2,13.04,2711.0
2019-11-15 10:00:00,3.96,70.7,9.57,2737.3
2019-11-15 11:00:00,7.42,65.7,4.55,2761.4
2019-11-15 12:00:00,9.59,68.1,3.23,2808.2
2019-11-15 13:00:00,12.76,59.2,4.5,2836.2
2019-11-15 14:00:00,8.37,55.6,2.54,2794.1
2019-11-15 15:00:00,6.94,71.8,0.56,2831.2
2019-11-15 16:00:00,6.67,71.1,1.28,2802.0
2019-11-15 17:00:00,6.85,77.8,8.41,2702.5
2019-11-15 18:00:00,13.48,50.7,1.43,2626.0
2019-11-15 19:00:00,9.0,64.2,2.84,2615.1
2019-11-15 20:00:00,8.92,63.0,4.31,2674.7
2019-11-15 21:00:00,4.51,65.2,1.96,2838.9
2019-11-15 22:00:00,4.06,56.4,7.85,3034.3
2019-11-15 23:00:00,4.85,59.6,10.82,3144.3
2019-11-16 00:00:00,0.89,73.4,1.5,3036.7
2019-11-16 01:00:00,0.8,67.4,1.37,2999.0
2019-11-16 02:00:00,-0.56,65.8,3.37,2893.3
2019-11-16 03:00:00,-0.13,83.5,8.85,2800.2
2019-11-16 04:00:00,1.25,90.0,8.7,2629.8
2019-11-16 05:00:00,-0.53,72.0,1.23,2474.9
2019-11-16 06:00:00,2.87,57.7,7.09,2308.6
2019-11-16 07:00:00,3.7,72.2,4.48,2221.9
2019-11-16 08:00:00,3.5,52.5,11.85,2213.6
2019-11-16 09:00:00,2.92,58.9,2.35,2271.5
2019-11-16 10:00:00,6.29,70.3,1.89,2216.0
2019-11-16 11:00:00,5.73,56.3,9.13,2363.4
2019-11-16 12:00:00,7.93,63.3,1.26,2438.7
2019-11-16 13:00:00,11.2,51.2,5.77,2493.4
2019-11-16 14:00:00,5.72,67.9,4.79,2582.3
2019-11-16 15:00:00,14.42,69.4,3.47,2510.8
2019-11-16 16:00:00,8.67,60.2,4.03,2463.1
2019-11-16 17:00:00,9.48,64.3,5.77,2358.2
2019-11-16 18:00:00,5.93,60.7,0.67,2367.5
2019-11-16 19:00:00,9.84,58.2,2.4,2249.6
2019-11-16 20:00:00,5.71,60.8,0.88,2367.8
2019-11-16 21:00:00,4.0,75.1,0.31,2462.6
2019-11-16 22:00:00,2.51,58.7,1.15,2611.9
2019-11-16 23:00:00,2.32,67.5,4.66,2742.5
2019-11-17 00:00:00,3.09,72.8,7.89,2800.5
2019-11-17 01:00:00,1.84,77.8,10.78,2875.4
2019-11-17 02:00:00,0.91,74.8,10.22,2789.1
2019-11-17 03:00:00,-0.9,72.1,5.89,2695.3
2019-11-17 04:00:00,-0.91,68.2,0.55,2604.7
2019-11-17 05:00:00,0.26,79.2,1.19,2429.3
2019-11-17 06:00:00,3.2,62.5,7.71,2327.1
2019-11-17 07:00:00,4.53,61.6,2.11,2329.2
2019-11-17 08:00:00,5.83,78.2,10.48,2349.1
2019-11-17 09:00:00,4.87,71.0,2.7,2417.5
2019-11-17 10:00:00,6.87,69.7,7.29,2397.8
2019-11-17 11:00:00,6.45,71.6,7.11,2484.9
2019-11-17 12:00:00,3.35,68.6,12.43,2606.6
2019-11-17 13:00:00,7.8,54.3,4.93,2675.5
2019-11-17 14:00:00,7.8,67.8,4.95,2658.2
2019-11-17 15:00:00,6.28,66.8,5.44,2681.1
2019-11-17 16:00:00,7.32,59.3,10.22,2557.0
2019-11-17 17:00:00,8.68,56.3,2.27,2474.3
2019-11-17 18:00:00,4.87,67.7,4.11,2379.2
2019-11-17 19:00:00,5.1,57.1,5.07,2339.9
2019-11-17 20:00:00,9.78,63.0,1.27,2304.8
2019-11-17 21:00:00,0.87,69.2,3.75,2519.2
2019-11-17 22:00:00,3.38,68.3,7.07,2672.2
2019-11-17 23:00:00,-0.04,75.3,1.6,2888.2
2019-11-18 00:00:00,0.06,76.9,8.76,3230.7
2019-11-18 01:00:00,0.81,65.7,5.42,3251.8
2019-11-18 02:00:00,-1.57,80.2,11.42,3218.3
2019-11-18 03:00:00,2.2,68.5,11.32,3020.2
2019-11-18 04:00:00,4.28,82.6,14.64,2793.4
2019-11-18 05:00:00,3.41,64.6,5.44,2629.0
2019-11-18 06:00:00,4.5,55.5,8.02,2573.7
2019-11-18 07:00:00,-0.68,79.2,5.89,2599.3
2019-11-18 08:00:00,3.12,72.9,4.12,2644.0
2019-11-18 09:00:00,5.93,76.9,4.68,2657.9
2019-11-18 10:00:00,7.98,68.1,3.21,2699.6
2019-11-18 11:00:00,11.15,81.8,1.87,2770.3
2019-11-18 12:00:00,10.27,62.3,5.1,2848.6
2019-11-18 13:00:00,10.47,72.0,6.22,2935.0
2019-11-18 14:00:00,15.21,55.6,3.39,2841.7
2019-11-18 15:00:00,9.01,68.7,3.52,2836.8
2019-11-18 16:00:00,7.91,71.1,14.9,2727.0
2019-11-18 17:00:00,8.67,71.7,4.0,2619.7
2019-11-18 18:00:00,5.31,74.0,1.4,2525.4
2019-11-18 19:00:00,6.94,40.6,5.02,2491.2
2019-11-18 20:00:00,1.48,70.3,4.81,2553.5
2019-11-18 21:00:00,3.44,64.6,4.82,2596.1
2019-11-18 22:00:00,3.44,66.2,5.35,2750.4
2019-11-18 23:00:00,5.14,65.6,3.7,2983.3
2019-11-19 00:00:00,4.61,76.1,2.65,3156.6
2019-11-19 01:00:00,-1.21,74.6,0.7,3300.9
2019-11-19 02:00:00,5.99,63.2,1.79,3075.6
2019-11-19 03:00:00,1.03,59.4,7.24,3059.6
2019-11-19 04:00:00,1.4,83.1,14.59,2976.4
2019-11-19 05:00:00,-2.85,69.1,2.65,2811.2
2019-11-19 06:00:00,0.28,70.7,3.64,2693.6
2019-11-19 07:00:00,5.28,84.9,4.93,2580.8
2019-11-19 08:00:00,4.05,63.8,17.97,2645.5
2019-11-19 09:00:00,4.93,65.9,4.88,2753.2
2019-11-19 10:00:00,6.26,68.8,19.18,2756.5
2019-11-19 11:00:00,3.05,56.7,0.69,2800.0
2019-11-19 12:00:00,7.25,52.4,0.88,2810.4
2019-11-19 13:00:00,11.64,58.8,13.33,2971.7
2019-11-19 14:00:00,11.24,59.4,1.94,2993.7
2019-11-19 15:00:00,8.35,66.4,4.2,2974.2
2019-11-19 16:00:00,12.43,54.2,3.99,2901.6
2019-11-19 17:00:00,4.98,71.5,1.09,2875.2
2019-11-19 18:00:00,5.06,50.7,4.32,2772.1
2019-11-19 19:00:00,11.32,62.4,22.26,2658.1
2019-11-19 20:00:00,7.14,69.2,9.89,2685.2
2019-11-19 21:00:00,3.94,71.5,1.31,2836.7
2019-11-19 22:00:00,3.49,67.9,0.98,3051.5
2019-11-19 23:00:00,0.64,66.2,7.57,3283.1
2019-11-20 00:00:00,2.42,68.5,15.22,3347.1
2019-11-20 01:00:00,1.59,80.6,18.8,3361.7
2019-11-20 02:00:00,0.74,66.6,6.96,3234.9
2019-11-20 03:00:00,-2.34,81.7,1.3,3156.7
2019-11-20 04:00:00,1.35,80.0,6.92,2956.9
2019-11-20 05:00:00,-0.23,58.3,1.95,2799.7
2019-11-20 06:00:00,-0.74,71.6,6.23,2685.1
2019-11-20 07:00:00,5.72,59.6,8.67,2547.6
2019-11-20 08:00:00,8.95,52.8,2.74,2545.0
2019-11-20 09:00:00,9.41,70.8,12.48,2659.3
2019-11-20 10:00:00,7.22,70.0,4.42,2713.9
2019-11-20 11:00:00,5.89,69.4,4.12,2741.8
2019-11-20 12:00:00,7.21,57.5,2.65,2801.4
2019-11-20 13:00:00,9.03,66.5,7.36,2875.9
2019-11-20 14:00:00,7.37,55.6,8.26,2935.8
2019-11-20 15:00:00,11.85,63.1,13.04,2915.4
2019-11-20 16:00:00,3.33,64.0,3.91,2871.3
2019-11-20 17:00:00,7.28,74.6,6.02,2759.1
2019-11-20 18:00:00,9.39,61.6,4.15,2651.9
2019-11-20 19:00:00,4.44,70.3,6.67,2640.6
2019-11-20 20:00:00,4.99,69.9,9.0,2669.5
2019-11-20 21:00:00,6.04,66.6,5.02,2808.7
2019-11-20 22:00:00,7.32,67.0,3.99,2985.1
2019-11-20 23:00:00,-0.68,75.0,4.78,3251.7
2019-11-21 00:00:00,-1.79,66.3,6.78,3400.7
2019-11-21 01:00:00,-1.37,76.3,5.08,3390.0
2019-11-21 02:00:00,-3.25,81.5,6.62,3269.3
2019-11-21 03:00:00,-3.21,77.7,5.85,3090.7
2019-11-21 04:00:00,-1.84,70.6,5.02,2940.5
2019-11-21 05:00:00,4.08,70.1,4.79,2670.2
2019-11-21 06:00:00,0.85,68.4,4.82,2613.7
2019-11-21 07:00:00,2.53,69.0,3.94,2577.7
2019-11-21 08:00:00,1.03,61.7,2.88,2649.0
2019-11-21 09:00:00,6.04,78.2,4.16,2604.0
2019-11-21 10:00:00,10.18,79.3,4.97,2552.2
2019-11-21 11:00:00,4.24,63.0,8.16,2677.5
2019-11-21 12:00:00,11.6,69.0,8.59,2723.0
2019-11-21 13:00:00,8.83,76.6,14.0,2843.9
2019-11-21 14:00:00,8.36,57.6,6.44,2832.5
2019-11-21 15:00:00,9.46,47.2,0.54,2759.9
2019-11-21 16:00:00,9.3,76.7,4.52,2705.9
2019-11-21 17:00:00,12.56,61.9,4.71,2690.6
2019-11-21 18:00:00,8.59,61.0,3.79,2629.0
2019-11-21 19:00:00,7.81,66.1,0.56,2613.2
2019-11-21 20:00:00,4.44,65.5,8.27,2758.2
2019-11-21 21:00:00,6.55,90.4,5.86,2879.4
2019-11-21 22:00:00,1.03,66.9,3.6,3096.8
2019-11-21 23:00:00,2.73,72.4,1.91,3192.9
2019-11-22 00:00:00,8.74,75.3,4.89,3251.1
2019-11-22 01:00:00,-5.37,86.6,21.19,3438.0
2019-11-22 02:00:00,1.08,79.9,5.86,3244.8
2019-11-22 03:00:00,1.04,67.8,5.22,3129.8
2019-11-22 04:00:00,-0.07,70.8,1.99,2953.1
2019-11-22 05:00:00,0.38,54.3,7.11,2782.0
2019-11-22 06:00:00,1.76,70.0,3.27,2631.2
2019-11-22 07:00:00,1.73,70.9,7.32,2617.0
2019-11-22 08:00:00,3.88,74.8,0.84,2646.0
2019-11-22 09:00:00,3.14,83.9,2.25,2663.4
2019-11-22 10:00:00,10.45,69.3,3.18,2689.5
2019-11-22 11:00:00,5.73,76.0,4.06,2838.5
2019-11-22 12:00:00,8.61,65.0,13.41,2898.3
2019-11-22 13:00:00,6.15,77.4,11.03,2962.2
2019-11-22 14:00:00,10.56,63.6,6.49,2908.3
2019-11-22 15:00:00,10.19,73.0,1.99,2856.4
2019-11-22 16:00:00,9.27,71.0,2.06,2727.9
2019-11-22 17:00:00,5.26,70.9,10.25,2648.6
2019-11-22 18:00:00,5.31,55.4,3.85,2556.2
2019-11-22 19:00:00,10.57,72.3,2.8,2448.4
2019-11-22 20:00:00,3.49,72.2,3.5,2574.4
2019-11-22 21:00:00,5.96,72.9,4.52,2744.0
2019-11-22 22:00:00,0.96,73.7,6.11,3038.1
2019-11-22 23:00:00,4.88,72.0,4.36,3143.0
2019-11-23 00:00:00,-0.28,82.6,0.6,3135.2
2019-11-23 01:00:00,-1.61,69.5,5.38,3204.7
2019-11-23 02:00:00,-1.38,76.8,6.38,3079.9
2019-11-23 03:00:00,-1.12,66.7,6.24,2936.0
2019-11-23 04:00:00,1.41,75.5,4.39,2721.8
2019-11-23 05:00:00,0.97,73.2,1.85,2481.3
2019-11-23 06:00:00,-1.3,68.0,1.28,2360.4
2019-11-23 07:00:00,2.2,71.0,3.49,2333.5
2019-11-23 08:00:00,0.37,67.2,8.32,2317.7
2019-11-23 09:00:00,5.87,64.3,2.85,2405.3
2019-11-23 10:00:00,7.37,68.9,28.64,2502.1
2019-11-23 11:00:00,6.21,69.2,9.44,2606.7
2019-11-23 12:00:00,7.77,50.4,3.69,2580.8
2019-11-23 13:00:00,12.11,65.3,3.41,2642.4
2019-11-23 14:00:00,7.74,63.4,4.04,2706.3
2019-11-23 15:00:00,5.9,64.0,4.95,2716.1
2019-11-23 16:00:00,9.58,55.3,1.62,2627.2
2019-11-23 17:00:00,4.9,67.7,3.08,2627.3
2019-11-23 18:00:00,6.57,62.6,13.33,2468.1
2019-11-23 19:00:00,4.77,78.4,7.04,2424.1
2019-11-23 20:00:00,3.55,55.2,3.97,2430.6
2019-11-23 21:00:00,3.64,61.4,6.36,2580.2
2019-11-23 22:00:00,5.48,59.4,4.16,2720.6
2019-11-23 23:00:00,5.03,70.0,8.89,2843.1
2019-11-24 00:00:00,3.66,78.5,16.5,2987.8
2019-11-24 01:00:00,1.55,74.8,4.9,2956.4
2019-11-24 02:00:00,-0.33,63.5,1.7,2916.6
2019-11-24 03:00:00,-5.72,73.1,1.99,2837.7
2019-11-24 04:00:00,1.23,64.5,10.19,2584.7
2019-11-24 05:00:00,-4.99,80.1,16.08,2546.0
2019-11-24 06:00:00,-3.46,71.2,2.9,2365.7
2019-11-24 07:00:00,1.77,59.3,2.8,2299.9
2019-11-24 08:00:00,3.8,73.6,7.16,2321.9
2019-11-24 09:00:00,3.05,79.7,1.58,2392.9
2019-11-24 10:00:00,9.05,63.3,7.16,2460.6
2019-11-24 11:00:00,7.33,67.1,7.85,2521.9
2019-11-24 12:00:00,6.38,54.8,2.62,2591.4
2019-11-24 13:00:00,11.1,46.6,0.89,2602.7
2019-11-24 14:00:00,11.95,47.6,2.56,2596.3
2019-11-24 15:00:00,9.46,64.1,8.41,2508.1
2019-11-24 16:00:00,6.1,64.7,6.67,2539.0
2019-11-24 17:00:00,6.26,71.4,4.45,2408.5
2019-11-24 18:00:00,3.39,67.7,10.59,2324.7
2019-11-24 19:00:00,6.07,75.0,6.28,2180.9
2019-11-24 20:00:00,2.58,76.9,5.77,2282.8
2019-11-24 21:00:00,3.35,66.7,1.29,2425.6
2019-11-24 22:00:00,3.79,60.9,6.57,2664.0
2019-11-24 23:00:00,-2.78,58.9,8.35,2897.9
2019-11-25 00:00:00,-1.9,85.0,15.72,3281.2
2019-11-25 01:00:00,-0.64,65.0,3.01,3338.9
2019-11-25 02:00:00,0.09,60.0,4.46,3309.3
2019-11-25 03:00:00,-1.15,74.0,11.89,3177.6
2019-11-25 04:00:00,-0.45,60.5,7.76,2971.2
2019-11-25 05:00:00,-1.14,73.9,7.34,2867.8
2019-11-25 06:00:00,-2.36,71.2,2.13,2820.7
2019-11-25 07:00:00,0.75,78.8,4.49,2671.3
2019-11-25 08:00:00,2.52,76.7,8.12,2685.9
2019-11-25 09:00:00,3.31,78.2,2.56,2767.8
2019-11-25 10:00:00,5.4,69.3,5.38,2835.8
2019-11-25 11:00:00,7.13,59.4,4.28,2864.9
2019-11-25 12:00:00,8.62,56.8,7.6,2881.6
2019-11-25 13:00:00,5.97,63.0,6.3,2997.6
2019-11-25 14:00:00,4.01,84.7,0.65,3021.3
2019-11-25 15:00:00,11.27,61.0,4.35,2906.7
2019-11-25 16:00:00,8.91,66.2,14.44,2826.1
2019-11-25 17:00:00,5.16,80.0,9.68,2756.9
2019-11-25 18:00:00,7.61,67.9,4.19,2632.0
2019-11-25 19:00:00,8.76,59.0,8.77,2625.1
2019-11-25 20:00:00,9.45,70.3,3.63,2668.0
2019-11-25 21:00:00,4.71,64.8,7.56,2843.6
2019-11-25 22:00:00,5.7,69.8,2.9,2991.8
2019-11-25 23:00:00,-0.94,76.8,17.07,3250.5
2019-11-26 00:00:00,1.08,67.2,4.32,3308.6
2019-11-26 01:00:00,-0.3,73.7,5.28,3351.9
2019-11-26 02:00:00,1.0,84.0,10.58,3194.6
2019-11-26 03:00:00,4.03,63.8,5.18,3011.6
2019-11-26 04:00:00,0.76,81.9,5.86,2855.8
2019-11-26 05:00:00,-1.81,68.7,5.79,2738.0
2019-11-26 06:00:00,-1.98,88.0,6.6,2635.7
2019-11-26 07:00:00,6.12,60.3,2.06,2554.2
2019-11-26 08:00:00,4.25,65.4,7.03,2574.0
2019-11-26 09:00:00,5.12,80.0,3.45,2665.6
2019-11-26 10:00:00,4.18,81.1,3.1,2810.4
2019-11-26 11:00:00,6.67,73.2,4.08,2805.7
2019-11-26 12:00:00,4.36,59.9,1.59,2914.4
2019-11-26 13:00:00,8.44,65.9,4.04,2899.4
2019-11-26 14:00:00,4.93,68.1,1.92,2977.7
2019-11-26 15:00:00,7.1,59.5,0.58,2870.9
2019-11-26 16:00:00,6.26,72.6,8.7,2852.1
2019-11-26 17:00:00,-0.68,66.3,4.03,2800.5
2019-11-26 18:00:00,5.96,56.9,6.08,2633.6
2019-11-26 19:00:00,3.76,56.0,7.71,2608.2
2019-11-26 20:00:00,4.51,82.1,12.13,2598.7
2019-11-26 21:00:00,4.01,64.7,4.12,2767.2
2019-11-26 22:00:00,7.39,62.2,5.08,2888.7
2019-11-26 23:00:00,2.76,61.5,7.32,3137.5
2019-11-27 00:00:00,1.93,81.4,1.16,3261.8
2019-11-27 01:00:00,1.7,59.6,3.68,3284.3
2019-11-27 02:00:00,2.24,60.6,4.93,3247.3
2019-11-27 03:00:00,1.06,68.6,3.15,3047.2
2019-11-27 04:00:00,0.76,71.2,3.17,2790.4
2019-11-27 05:00:00,2.24,75.5,2.61,2615.6
2019-11-27 06:00:00,-4.97,70.6,26.1,2609.1
2019-11-27 07:00:00,7.14,78.6,4.92,2465.9
2019-11-27 08:00:00,6.86,61.2,2.47,2479.0
2019-11-27 09:00:00,4.46,60.4,4.18,2646.4
2019-11-27 10:00:00,1.42,62.0,2.31,2804.6
2019-11-27 11:00:00,8.95,58.7,5.26,2691.8
2019-11-27 12:00:00,5.02,58.6,6.1,2779.3
2019-11-27 13:00:00,8.72,71.0,12.29,2814.0
2019-11-27 14:00:00,4.58,60.3,1.4,2887.4
2019-11-27 15:00:00,13.49,60.1,9.64,2773.7
2019-11-27 16:00:00,4.18,60.4,5.14,2820.3
2019-11-27 17:00:00,7.56,56.6,8.42,2652.4
2019-11-27 18:00:00,1.45,79.7,9.95,2631.2
2019-11-27 19:00:00,5.82,80.2,11.34,2553.4
2019-11-27 20:00:00,3.89,79.0,1.86,2630.9
2019-11-27 21:00:00,6.77,54.8,7.63,2707.8
2019-11-27 22:00:00,1.82,59.9,2.52,2961.1
2019-11-27 23:00:00,4.77,84.0,2.45,3079.0
2019-11-28 00:00:00,-1.54,71.2,6.74,3288.1
2019-11-28 01:00:00,-0.32,61.3,6.98,3283.3
2019-11-28 02:00:00,-0.67,81.2,8.07,3274.6
2019-11-28 03:00:00,1.08,71.7,3.44,3096.2
2019-11-28 04:00:00,0.9,75.8,6.18,2930.1
2019-11-28 05:00:00,2.19,52.3,6.57,2808.2
2019-11-28 06:00:00,1.68,68.0,4.27,2718.8
2019-11-28 07:00:00,3.5,76.8,10.62,2694.8
2019-11-28 08:00:00,0.56,66.4,0.92,2688.3
2019-11-28 09:00:00,4.82,78.0,2.33,2723.0
2019-11-28 10:00:00,8.9,54.3,10.55,2740.3
2019-11-28 11:00:00,1.64,69.8,6.73,2915.2
2019-11-28 12:00:00,7.9,78.8,19.69,2925.1
2019-11-28 13:00:00,9.0,55.6,7.87,2965.8
2019-11-28 14:00:00,11.36,65.1,2.97,2980.2
2019-11-28 15:00:00,9.66,69.0,9.94,2976.2
2019-11-28 16:00:00,7.96,66.4,11.23,2816.7
2019-11-28 17:00:00,8.38,63.3,6.38,2679.4
2019-11-28 18:00:00,4.84,61.1,2.12,2628.2
2019-11-28 19:00:00,4.87,69.7,6.25,2545.8
2019-11-28 20:00:00,1.54,69.9,3.73,2621.3
2019-11-28 21:00:00,7.56,54.5,3.14,2703.1
2019-11-28 22:00:00,3.93,77.7,5.75,2987.3
2019-11-28 23:00:00,-0.45,65.1,0.99,3234.3
2019-11-29 00:00:00,1.62,59.4,4.62,3360.2
2019-11-29 01:00:00,3.2,64.7,3.01,3362.0
2019-11-29 02:00:00,2.39,62.9,2.15,3216.7
2019-11-29 03:00:00,-2.55,72.0,3.95,3090.8
2019-11-29 04:00:00,-7.93,68.4,3.53,2911.4
2019-11-29 05:00:00,1.29,74.5,9.9,2705.9
2019-11-29 06:00:00,-1.28,84.1,4.88,2650.0
2019-11-29 07:00:00,3.33,70.2,6.79,2589.8
2019-11-29 08:00:00,5.11,56.4,11.97,2621.1
2019-11-29 09:00:00,6.55,59.5,3.04,2646.9
2019-11-29 10:00:00,9.17,66.4,5.07,2644.3
2019-11-29 11:00:00,8.86,49.2,7.42,2712.6
2019-11-29 12:00:00,10.97,53.4,5.54,2792.8
2019-11-29 13:00:00,10.68,50.3,4.52,2772.3
2019-11-29 14:00:00,11.3,63.9,4.17,2804.7
2019-11-29 15:00:00,7.67,83.2,6.48,2758.3
2019-11-29 16:00:00,4.41,58.4,2.57,2756.9
2019-11-29 17:00:00,13.44,67.8,2.47,2562.7
2019-11-29 18:00:00,6.76,62.1,13.49,2556.3
2019-11-29 19:00:00,8.84,54.4,0.89,2453.0
2019-11-29 20:00:00,3.43,81.8,2.72,2529.4
2019-11-29 21:00:00,6.18,84.3,7.96,2674.6
2019-11-29 22:00:00,-3.38,78.0,9.99,2954.7
2019-11-29 23:00:00,0.74,74.3,1.63,3025.5
2019-11-30 00:00:00,0.62,72.0,10.71,2952.7
2019-11-30 01:00:00,1.39,69.7,28.12,2901.5
2019-11-30 02:00:00,2.52,72.7,12.41,2833.5
2019-11-30 03:00:00,-3.04,79.8,4.68,2846.0
2019-11-30 04:00:00,1.49,84.1,4.68,2636.6
2019-11-30 05:00:00,3.3,65.2,6.0,2458.8
2019-11-30 06:00:00,6.74,67.6,2.3,2333.0
2019-11-30 07:00:00,3.47,68.5,3.56,2298.0
2019-11-30 08:00:00,1.51,79.0,4.52,2360.0
2019-11-30 09:00:00,0.52,90.8,8.57,2523.2
2019-11-30 10:00:00,9.31,73.0,8.14,2484.5
2019-11-30 11:00:00,7.54,72.4,2.12,2539.2
2019-11-30 12:00:00,6.47,74.1,4.28,2633.1
2019-11-30 13:00:00,3.11,79.6,1.73,2736.8
2019-11-30 14:00:00,5.23,87.1,11.18,2722.8
2019-11-30 15:00:00,9.28,51.1,4.09,2630.9
2019-11-30 16:00:00,8.45,70.0,6.33,2583.4
2019-11-30 17:00:00,2.3,49.5,4.95,2482.1
2019-11-30 18:00:00,8.11,73.1,7.95,2320.9
2019-11-30 19:00:00,1.78,75.0,2.07,2261.5
2019-11-30 20:00:00,8.12,61.1,1.2,2256.4
2019-11-30 21:00:00,4.22,47.3,1.44,2429.4
2019-11-30 22:00:00,1.51,70.7,2.11,2692.9
2019-11-30 23:00:00,4.17,70.4,1.8,2817.8
2019-12-01 00:00:00,1.69,70.1,2.82,3020.9
2019-12-01 01:00:00,3.48,64.2,3.2,3024.4
2019-12-01 02:00:00,-0.03,64.9,0.93,3014.5
2019-12-01 03:00:00,-0.02,71.6,4.96,2896.5
2019-12-01 04:00:00,-0.95,66.3,6.69,2728.6
2019-12-01 05:00:00,0.82,77.8,1.89,2566.6
2019-12-01 06:00:00,5.05,67.3,5.33,2400.9
2019-12-01 07:00:00,0.37,57.9,2.34,2464.4
2019-12-01 08:00:00,4.22,70.0,10.45,2549.6
2019-12-01 09:00:00,1.43,74.2,6.39,2553.7
2019-12-01 10:00:00,-0.5,85.3,11.73,2636.5
2019-12-01 11:00:00,6.15,74.5,13.69,2620.4
2019-12-01 12:00:00,7.39,58.9,0.68,2680.7
2019-12-01 13:00:00,6.82,78.0,4.93,2654.2
2019-12-01 14:00:00,3.75,57.9,11.1,2653.1
2019-12-01 15:00:00,8.39,65.5,9.4,2649.8
2019-12-01 16:00:00,8.16,71.5,2.73,2631.8
2019-12-01 17:00:00,4.87,79.8,3.37,2490.2
2019-12-01 18:00:00,3.08,84.7,4.72,2498.9
2019-12-01 19:00:00,5.0,78.2,12.05,2401.1
2019-12-01 20:00:00,6.3,65.9,9.39,2458.9
2019-12-01 21:00:00,4.67,72.9,13.03,2586.4
2019-12-01 22:00:00,0.39,73.5,10.57,2810.3
2019-12-01 23:00:00,1.97,64.7,4.95,2971.1
2019-12-02 00:00:00,2.96,68.7,17.54,3367.5
2019-12-02 01:00:00,-2.83,88.6,1.56,3419.8
2019-12-02 02:00:00,-0.14,77.3,4.31,3386.1
2019-12-02 03:00:00,2.92,86.1,4.51,3234.7
2019-12-02 04:00:00,-3.48,66.1,10.29,3089.5
2019-12-02 05:00:00,2.99,66.6,3.48,2860.2
2019-12-02 06:00:00,4.79,71.5,15.35,2738.9
2019-12-02 07:00:00,1.01,77.1,7.52,2718.4
2019-12-02 08:00:00,1.67,69.7,3.88,2714.6
2019-12-02 09:00:00,6.15,73.5,2.05,2755.2
2019-12-02 10:00:00,4.14,75.0,0.54,2862.0
2019-12-02 11:00:00,-0.32,61.1,0.63,2945.6
2019-12-02 12:00:00,6.15,73.1,4.41,2938.9
2019-12-02 13:00:00,8.21,74.0,21.63,2912.9
2019-12-02 14:00:00,9.28,66.9,7.33,2979.2
2019-12-02 15:00:00,5.37,53.0,8.75,3005.0
2019-12-02 16:00:00,6.76,64.4,2.63,2899.0
2019-12-02 17:00:00,9.47,67.9,2.73,2769.3
2019-12-02 18:00:00,6.25,60.1,0.81,2736.1
2019-12-02 19:00:00,1.74,78.0,10.69,2709.3
2019-12-02 20:00:00,7.7,71.7,0.49,2684.0
2019-12-02 21:00:00,3.03,70.7,5.63,2877.0
2019-12-02 22:00:00,5.26,67.9,4.77,2974.4
2019-12-02 23:00:00,-1.92,75.1,5.03,3245.1
2019-12-03 00:00:00,0.37,71.7,12.12,3442.5
2019-12-03 01:00:00,1.32,60.7,5.36,3374.5
2019-12-03 02:00:00,-0.58,69.0,2.51,3348.8
2019-12-03 03:00:00,-3.45,75.3,9.43,3169.3
2019-12-03 04:00:00,-6.32,88.4,10.39,2966.7
2019-12-03 05:00:00,3.85,74.5,2.72,2704.9
2019-12-03 06:00:00,1.3,82.7,2.29,2664.6
2019-12-03 07:00:00,4.42,57.2,3.48,2629.6
2019-12-03 08:00:00,4.79,65.3,3.17,2644.8
2019-12-03 09:00:00,5.0,84.6,7.43,2658.0
2019-12-03 10:00:00,3.74,63.1,3.7,2743.3
2019-12-03 11:00:00,6.73,60.5,5.76,2719.0
2019-12-03 12:00:00,9.92,61.9,21.12,2798.5
2019-12-03 13:00:00,7.18,82.4,4.42,2859.7
2019-12-03 14:00:00,12.12,56.9,3.32,2893.4
2019-12-03 15:00:00,3.76,73.5,12.64,2884.2
2019-12-03 16:00:00,3.35,72.5,22.17,2841.2
2019-12-03 17:00:00,9.44,49.0,13.4,2613.5
2019-12-03 18:00:00,4.29,68.4,4.69,2644.1
2019-12-03 19:00:00,10.61,59.1,9.26,2570.7
2019-12-03 20:00:00,7.88,71.1,14.61,2620.4
2019-12-03 21:00:00,7.47,79.9,3.24,2734.5
2019-12-03 22:00:00,4.68,65.5,5.92,2932.6
2019-12-03 23:00:00,-0.8,69.9,2.92,3171.4
2019-12-04 00:00:00,-3.53,95.0,1.81,3265.0
2019-12-04 01:00:00,3.72,63.3,8.2,3219.4
2019-12-04 02:00:00,-4.16,64.6,4.29,3224.8
2019-12-04 03:00:00,3.41,80.3,2.2,3054.7
2019-12-04 04:00:00,1.26,70.6,2.2,2886.6
2019-12-04 05:00:00,-0.21,74.4,10.18,2716.8
2019-12-04 06:00:00,1.72,88.5,8.22,2612.4
2019-12-04 07:00:00,2.61,58.7,8.58,2608.1
2019-12-04 08:00:00,1.91,68.9,3.24,2648.9
2019-12-04 09:00:00,7.01,56.5,12.25,2662.4
2019-12-04 10:00:00,7.96,68.3,10.83,2730.0
2019-12-04 11:00:00,5.84,62.9,12.79,2819.1
2019-12-04 12:00:00,4.78,58.8,1.79,2871.9
2019-12-04 13:00:00,10.18,69.7,7.1,2834.9
2019-12-04 14:00:00,2.26,70.3,7.08,2931.1
2019-12-04 15:00:00,8.56,55.1,2.91,2854.8
2019-12-04 16:00:00,9.16,55.1,4.72,2780.6
2019-12-04 17:00:00,4.84,69.8,6.42,2656.6
2019-12-04 18:00:00,8.71,51.7,12.45,2581.2
2019-12-04 19:00:00,5.38,69.5,5.75,2529.0
2019-12-04 20:00:00,3.12,80.2,7.78,2555.5
2019-12-04 21:00:00,5.86,72.7,1.28,2631.1
2019-12-04 22:00:00,-0.3,67.3,3.82,2876.8
2019-12-04 23:00:00,3.62,71.3,4.17,3033.5
2019-12-05 00:00:00,-4.39,65.5,11.33,3297.3
2019-12-05 01:00:00,0.64,72.6,11.52,3323.7
2019-12-05 02:00:00,-0.36,69.7,1.76,3192.6
2019-12-05 03:00:00,-1.96,65.2,3.04,3001.4
2019-12-05 04:00:00,0.5,76.6,6.81,2867.4
2019-12-05 05:00:00,-0.27,56.4,4.53,2729.3
2019-12-05 06:00:00,3.2,60.0,3.95,2569.9
2019-12-05 07:00:00,2.79,61.2,3.62,2583.1
2019-12-05 08:00:00,3.49,65.2,6.39,2655.1
2019-12-05 09:00:00,4.12,79.1,6.4,2724.9
2019-12-05 10:00:00,3.25,75.4,3.3,2773.4
2019-12-05 11:00:00,4.64,69.1,3.68,2748.6
2019-12-05 12:00:00,6.84,67.0,4.72,2824.7
2019-12-05 13:00:00,6.42,66.8,5.49,2875.0
2019-12-05 14:00:00,10.04,74.9,0.43,2823.2
2019-12-05 15:00:00,7.63,51.4,2.78,2763.0
2019-12-05 16:00:00,8.2,71.6,3.15,2711.1
2019-12-05 17:00:00,3.35,65.3,4.55,2654.7
2019-12-05 18:00:00,8.58,69.2,6.31,2538.1
2019-12-05 19:00:00,3.94,72.9,2.95,2597.6
2019-12-05 20:00:00,1.82,76.4,4.32,2640.6
2019-12-05 21:00:00,7.51,78.7,0.82,2803.1
2019-12-05 22:00:00,4.1,57.7,12.85,3006.1
2019-12-05 23:00:00,3.84,77.0,1.56,3213.9
2019-12-06 00:00:00,1.65,70.2,16.74,3332.2
2019-12-06 01:00:00,-0.35,68.6,5.98,3398.9
2019-12-06 02:00:00,-1.22,89.2,9.29,3290.5
2019-12-06 03:00:00,1.29,76.6,4.89,3143.4
2019-12-06 04:00:00,2.31,66.8,6.46,3054.8
2019-12-06 05:00:00,-0.29,79.9,6.41,2868.3
2019-12-06 06:00:00,5.7,67.1,9.93,2611.5
2019-12-06 07:00:00,0.85,67.9,7.07,2611.9
2019-12-06 08:00:00,-1.18,68.1,1.42,2677.1
2019-12-06 09:00:00,-0.96,75.2,1.05,2742.2
2019-12-06 10:00:00,0.16,67.0,2.13,2790.3
2019-12-06 11:00:00,4.31,69.8,4.94,2869.7
2019-12-06 12:00:00,5.59,74.6,10.23,2899.0
2019-12-06 13:00:00,8.51,66.1,2.92,2947.4
2019-12-06 14:00:00,7.14,82.1,1.41,2950.1
2019-12-06 15:00:00,9.45,64.5,2.01,2855.6
2019-12-06 16:00:00,7.32,76.9,17.46,2810.4
2019-12-06 17:00:00,6.84,74.3,9.64,2726.1
2019-12-06 18:00:00,4.73,80.4,1.98,2735.5
2019-12-06 19:00:00,8.9,80.7,3.87,2664.2
2019-12-06 20:00:00,0.55,57.5,5.37,2791.0
2019-12-06 21:00:00,4.1,70.8,7.04,2874.6
2019-12-06 22:00:00,1.85,69.6,25.87,3042.8
2019-12-06 23:00:00,3.3,70.3,4.96,3192.0
2019-12-07 00:00:00,0.42,68.5,2.54,3072.0
2019-12-07 01:00:00,-0.15,67.8,13.22,3110.1
2019-12-07 02:00:00,-1.23,64.2,18.9,2984.6
2019-12-07 03:00:00,2.78,70.6,4.47,2735.8
2019-12-07 04:00:00,-0.56,79.9,7.36,2583.0
2019-12-07 05:00:00,4.76,64.2,4.87,2364.1
2019-12-07 06:00:00,1.15,68.5,7.48,2338.9
2019-12-07 07:00:00,1.35,65.3,8.96,2301.0
2019-12-07 08:00:00,1.9,62.5,6.35,2358.5
2019-12-07 09:00:00,4.71,66.3,12.11,2374.3
2019-12-07 10:00:00,2.86,72.5,6.26,2566.3
2019-12-07 11:00:00,5.66,77.5,2.46,2597.8
2019-12-07 12:00:00,6.14,57.5,11.4,2670.4
2019-12-07 13:00:00,7.57,65.7,12.05,2668.8
2019-12-07 14:00:00,8.03,75.0,0.54,2657.0
2019-12-07 15:00:00,8.3,55.9,20.13,2641.0
2019-12-07 16:00:00,7.4,76.2,2.25,2575.5
2019-12-07 17:00:00,10.68,59.9,4.49,2480.7
2019-12-07 18:00:00,7.18,71.9,3.8,2458.2
2019-12-07 19:00:00,11.81,60.8,2.75,2466.5
2019-12-07 20:00:00,4.46,72.1,6.74,2573.7
2019-12-07 21:00:00,5.69,80.3,1.66,2666.9
2019-12-07 22:00:00,0.45,70.7,5.65,2863.0
2019-12-07 23:00:00,4.8,76.1,9.43,2956.8
2019-12-08 00:00:00,-1.34,75.3,5.09,3119.7
2019-12-08 01:00:00,0.93,65.0,13.3,3128.8
2019-12-08 02:00:00,-1.27,71.9,1.62,3118.5
2019-12-08 03:00:00,0.38,70.0,3.72,2957.7
2019-12-08 04:00:00,-1.2,61.7,2.5,2776.8
2019-12-08 05:00:00,-2.19,77.4,8.84,2580.1
2019-12-08 06:00:00,-0.26,77.5,5.34,2434.9
2019-12-08 07:00:00,5.11,74.4,3.93,2365.1
2019-12-08 08:00:00,3.39,80.7,9.62,2431.8
2019-12-08 09:00:00,0.03,79.6,15.56,2560.2
2019-12-08 10:00:00,7.03,61.6,7.34,2593.5
2019-12-08 11:00:00,3.02,66.5,10.73,2653.7
2019-12-08 12:00:00,7.94,72.4,0.42,2634.7
2019-12-08 13:00:00,8.1,68.6,7.56,2709.2
2019-12-08 14:00:00,8.66,64.9,23.26,2749.1
2019-12-08 15:00:00,11.89,55.5,7.51,2691.1
2019-12-08 16:00:00,5.04,63.7,7.72,2720.7
2019-12-08 17:00:00,8.24,70.1,6.72,2619.0
2019-12-08 18:00:00,9.23,49.0,4.64,2527.2
2019-12-08 19:00:00,3.64,50.4,4.06,2538.2
2019-12-08 20:00:00,2.42,75.6,4.98,2504.5
2019-12-08 21:00:00,2.53,65.7,7.21,2584.1
2019-12-08 22:00:00,3.03,73.3,2.2,2753.2
2019-12-08 23:00:00,-2.27,86.4,4.94,3049.3
2019-12-09 00:00:00,1.76,62.5,10.56,3427.2
2019-12-09 01:00:00,-3.77,61.7,5.0,3464.7
2019-12-09 02:00:00,2.58,67.7,3.96,3355.8
2019-12-09 03:00:00,0.5,66.1,7.17,3178.6
2019-12-09 04:00:00,4.13,68.5,1.14,2856.9
2019-12-09 05:00:00,1.42,75.2,4.61,2820.5
2019-12-09 06:00:00,-0.38,74.9,2.04,2651.5
2019-12-09 07:00:00,-0.78,73.0,6.09,2522.6
2019-12-09 08:00:00,2.77,78.2,3.5,2547.2
2019-12-09 09:00:00,3.14,74.9,7.31,2609.5
2019-12-09 10:00:00,7.21,64.8,4.69,2674.1
2019-12-09 11:00:00,2.89,74.8,8.04,2877.8
2019-12-09 12:00:00,11.09,50.8,5.64,2908.0
2019-12-09 13:00:00,9.86,72.6,1.9,2967.3
2019-12-09 14:00:00,6.57,66.9,2.08,2965.8
2019-12-09 15:00:00,11.71,53.0,1.51,2875.9
2019-12-09 16:00:00,5.12,64.6,6.57,2874.2
2019-12-09 17:00:00,7.19,74.5,3.84,2735.4
2019-12-09 18:00:00,2.85,63.6,4.01,2724.0
2019-12-09 19:00:00,9.83,67.4,9.69,2622.4
2019-12-09 20:00:00,0.13,78.9,10.87,2750.0
2019-12-09 21:00:00,-0.39,72.5,5.7,2922.7
2019-12-09 22:00:00,0.59,64.6,1.89,3072.5
2019-12-09 23:00:00,4.52,67.9,5.82,3150.7
2019-12-10 00:00:00,2.73,58.5,11.82,3345.9
2019-12-10 01:00:00,0.02,68.1,2.8,3394.9
2019-12-10 02:00:00,1.86,61.7,9.78,3288.5
2019-12-10 03:00:00,-1.11,72.5,11.09,3162.5
2019-12-10 04:00:00,0.37,61.6,12.34,2949.6
2019-12-10 05:00:00,3.84,69.6,6.17,2871.0
2019-12-10 06:00:00,-0.27,81.3,7.27,2751.7
2019-12-10 07:00:00,-0.74,82.2,3.0,2736.9
2019-12-10 08:00:00,3.32,59.4,3.31,2723.3
2019-12-10 09:00:00,5.03,62.7,4.66,2790.2
2019-12-10 10:00:00,4.49,75.2,0.57,2843.3
2019-12-10 11:00:00,7.68,71.5,1.56,2926.3
2019-12-10 12:00:00,5.5,62.7,7.24,2983.4
2019-12-10 13:00:00,6.96,62.5,11.44,2980.8
2019-12-10 14:00:00,7.98,66.3,3.35,2977.3
2019-12-10 15:00:00,7.89,51.0,1.31,2953.2
2019-12-10 16:00:00,11.07,67.3,6.5,2894.2
2019-12-10 17:00:00,7.56,74.6,3.69,2756.2
2019-12-10 18:00:00,5.24,64.7,4.32,2726.2
2019-12-10 19:00:00,6.49,55.5,4.48,2709.0
2019-12-10 20:00:00,6.73,77.9,2.93,2766.9
2019-12-10 21:00:00,5.11,69.7,2.27,2891.3
2019-12-10 22:00:00,3.94,74.5,16.74,3049.9
2019-12-10 23:00:00,-2.57,63.5,9.28,3306.0
2019-12-11 00:00:00,-5.92,66.2,8.61,3464.3
2019-12-11 01:00:00,2.87,73.0,0.18,3334.4
2019-12-11 02:00:00,0.37,79.9,2.04,3322.1
2019-12-11 03:00:00,-0.91,63.7,8.17,3154.9
2019-12-11 04:00:00,1.01,70.4,1.29,2936.0
2019-12-11 05:00:00,4.5,55.7,5.07,2797.2
2019-12-11 06:00:00,3.85,63.3,5.22,2712.6
2019-12-11 07:00:00,3.55,67.1,3.49,2675.6
2019-12-11 08:00:00,-0.11,76.0,6.69,2719.4
2019-12-11 09:00:00,1.25,54.2,3.04,2754.5
2019-12-11 10:00:00,-1.79,84.0,3.04,2857.3
2019-12-11 11:00:00,6.73,65.3,1.85,2911.4
2019-12-11 12:00:00,8.74,75.4,12.41,2867.0
2019-12-11 13:00:00,9.58,69.9,2.14,3004.1
2019-12-11 14:00:00,8.69,71.9,3.3,3103.1
2019-12-11 15:00:00,6.76,82.8,4.72,3049.7
2019-12-11 16:00:00,5.59,61.3,3.71,2974.9
2019-12-11 17:00:00,4.54,69.4,12.49,2877.3
2019-12-11 18:00:00,5.56,59.6,9.61,2806.7
2019-12-11 19:00:00,2.7,69.0,4.56,2784.7
2019-12-11 20:00:00,8.57,70.9,4.56,2767.2
2019-12-11 21:00:00,-0.11,81.1,2.6,3009.8
2019-12-11 22:00:00,1.61,67.7,0.4,3071.9
2019-12-11 23:00:00,-3.7,65.3,1.24,3290.5
2019-12-12 00:00:00,1.02,71.8,12.18,3372.5
2019-12-12 01:00:00,-0.36,65.5,7.32,3394.5
2019-12-12 02:00:00,-1.64,68.7,3.09,3262.0
2019-12-12 03:00:00,-3.22,80.0,6.6,3139.1
2019-12-12 04:00:00,-0.75,76.5,20.07,2924.9
2019-12-12 05:00:00,-1.71,80.0,7.95,2775.4
2019-12-12 06:00:00,-0.06,69.3,1.78,2673.6
2019-12-12 07:00:00,6.01,75.3,4.16,2524.0
2019-12-12 08:00:00,2.51,70.1,6.8,2588.8
2019-12-12 09:00:00,4.44,66.2,11.34,2616.5
2019-12-12 10:00:00,2.99,60.8,5.06,2669.6
2019-12-12 11:00:00,3.15,52.8,4.27,2782.8
2019-12-12 12:00:00,5.88,54.8,3.04,2782.1
2019-12-12 13:00:00,12.84,63.5,1.39,2825.3
2019-12-12 14:00:00,6.26,59.7,8.5,2920.9
2019-12-12 15:00:00,8.02,52.4,4.12,2872.0
2019-12-12 16:00:00,4.9,64.7,1.35,2878.3
2019-12-12 17:00:00,-0.31,74.5,2.67,2923.6
2019-12-12 18:00:00,3.97,72.1,5.89,2801.4
2019-12-12 19:00:00,11.06,62.9,5.16,2676.2
2019-12-12 20:00:00,5.64,67.0,7.64,2798.7
2019-12-12 21:00:00,7.21,61.9,3.26,2813.9
2019-12-12 22:00:00,1.21,76.1,4.69,3143.3
2019-12-12 23:00:00,-4.78,74.4,1.06,3369.2
2019-12-13 00:00:00,-2.51,73.4,2.88,3468.0
2019-12-13 01:00:00,0.61,79.8,9.74,3386.7
2019-12-13 02:00:00,-0.18,78.5,5.69,3354.0
2019-12-13 03:00:00,-0.94,71.3,3.8,3210.3
2019-12-13 04:00:00,-2.1,71.1,8.29,3035.2
2019-12-13 05:00:00,1.97,67.7,6.21,2813.3
2019-12-13 06:00:00,-1.0,56.6,10.22,2711.8
2019-12-13 07:00:00,1.85,79.3,1.7,2628.3
2019-12-13 08:00:00,2.54,64.5,6.48,2588.9
2019-12-13 09:00:00,2.16,77.1,5.56,2675.2
2019-12-13 10:00:00,1.92,70.8,9.46,2825.9
2019-12-13 11:00:00,4.02,79.9,2.66,2893.9
2019-12-13 12:00:00,10.6,67.8,7.01,2861.5
2019-12-13 13:00:00,9.33,71.8,0.13,2925.9
2019-12-13 14:00:00,9.5,59.7,9.05,2827.4
2019-12-13 15:00:00,5.12,57.6,7.59,2922.0
2019-12-13 16:00:00,3.35,70.5,2.06,2845.7
2019-12-13 17:00:00,9.29,49.2,4.7,2714.8
2019-12-13 18:00:00,8.18,61.7,1.74,2638.6
2019-12-13 19:00:00,5.43,58.1,5.57,2655.2
2019-12-13 20:00:00,3.19,62.7,8.74,2812.7
2019-12-13 21:00:00,-0.57,77.2,8.32,2875.2
2019-12-13 22:00:00,4.22,72.9,6.45,3016.1
2019-12-13 23:00:00,4.05,67.5,1.15,3206.2
2019-12-14 00:00:00,-1.46,75.7,7.15,3117.8
2019-12-14 01:00:00,-2.31,69.5,6.85,3122.8
2019-12-14 02:00:00,2.3,89.6,8.14,3044.5
2019-12-14 03:00:00,-2.54,76.4,2.46,2940.9
2019-12-14 04:00:00,3.65,64.4,3.23,2703.3
2019-12-14 05:00:00,-0.67,79.5,17.77,2582.3
2019-12-14 06:00:00,-0.73,82.5,1.66,2482.2
2019-12-14 07:00:00,1.18,64.9,5.91,2459.0
2019-12-14 08:00:00,1.06,59.8,2.35,2504.6
2019-12-14 09:00:00,5.88,57.5,4.2,2477.6
2019-12-14 10:00:00,6.31,61.6,4.65,2532.9
2019-12-14 11:00:00,7.78,65.3,7.04,2632.4
2019-12-14 12:00:00,6.35,53.9,5.21,2770.7
2019-12-14 13:00:00,5.39,64.3,0.61,2874.3
2019-12-14 14:00:00,6.9,64.8,2.59,2909.1
2019-12-14 15:00:00,6.0,69.8,3.9,2863.3
2019-12-14 16:00:00,10.59,68.4,8.96,2763.6
2019-12-14 17:00:00,9.03,68.0,3.26,2661.1
2019-12-14 18:00:00,5.66,81.8,4.93,2551.5
2019-12-14 19:00:00,2.75,78.6,5.79,2521.4
2019-12-14 20:00:00,7.95,67.4,5.6,2490.0
2019-12-14 21:00:00,3.4,61.5,5.01,2687.1
2019-12-14 22:00:00,1.7,65.2,2.08,2899.6
2019-12-14 23:00:00,4.94,56.6,3.26,3024.3
2019-12-15 00:00:00,-1.06,74.1,8.55,3185.6
2019-12-15 01:00:00,-1.22,75.6,9.72,3175.8
2019-12-15 02:00:00,-1.4,80.3,10.57,3084.8
2019-12-15 03:00:00,-4.25,77.5,2.87,2958.4
2019-12-15 04:00:00,-0.03,80.5,3.62,2754.0
2019-12-15 05:00:00,-2.33,82.5,6.41,2627.6
2019-12-15 06:00:00,-1.21,64.7,14.97,2486.1
2019-12-15 07:00:00,-0.72,68.4,21.37,2433.7
2019-12-15 08:00:00,0.54,71.5,2.86,2445.5
2019-12-15 09:00:00,0.95,65.6,2.53,2524.0
2019-12-15 10:00:00,4.7,66.3,1.39,2539.2
2019-12-15 11:00:00,4.65,70.7,7.29,2556.4
2019-12-15 12:00:00,5.99,66.2,1.19,2571.7
2019-12-15 13:00:00,12.39,62.1,6.75,2601.7
2019-12-15 14:00:00,6.52,59.2,6.88,2675.3
2019-12-15 15:00:00,8.56,69.2,13.45,2604.7
2019-12-15 16:00:00,8.7,68.5,2.46,2497.8
2019-12-15 17:00:00,6.35,60.8,0.6,2380.6
2019-12-15 18:00:00,6.56,56.4,1.5,2257.1
2019-12-15 19:00:00,5.1,77.8,3.95,2245.1
2019-12-15 20:00:00,4.58,82.3,2.42,2254.5
2019-12-15 21:00:00,1.58,72.6,3.31,2446.4
2019-12-15 22:00:00,0.77,68.5,8.46,2677.8
2019-12-15 23:00:00,1.09,79.5,3.44,2816.3
2019-12-16 00:00:00,-4.73,79.5,3.59,3230.8
2019-12-16 01:00:00,3.3,67.7,5.78,3199.2
2019-12-16 02:00:00,4.57,76.1,2.87,3102.1
2019-12-16 03:00:00,-0.55,66.0,6.83,3036.5
2019-12-16 04:00:00,0.83,65.8,8.71,2907.4
2019-12-16 05:00:00,2.27,73.1,2.53,2744.5
2019-12-16 06:00:00,-3.11,75.4,12.77,2645.4
2019-12-16 07:00:00,3.35,74.4,1.27,2576.4
2019-12-16 08:00:00,0.93,80.8,1.58,2626.1
2019-12-16 09:00:00,8.75,52.6,3.62,2641.6
2019-12-16 10:00:00,3.59,69.4,1.68,2867.4
2019-12-16 11:00:00,7.3,81.4,5.78,2857.6
2019-12-16 12:00:00,5.41,62.9,20.21,2909.1
2019-12-16 13:00:00,11.98,56.7,3.66,2920.2
2019-12-16 14:00:00,5.61,49.6,3.47,3009.0
2019-12-16 15:00:00,9.94,64.9,1.58,3009.7
2019-12-16 16:00:00,8.46,69.9,23.18,2917.0
2019-12-16 17:00:00,7.5,70.6,12.62,2782.5
2019-12-16 18:00:00,6.43,58.6,9.6,2670.1
2019-12-16 19:00:00,3.36,69.2,4.27,2648.2
2019-12-16 20:00:00,-2.4,75.7,10.51,2743.2
2019-12-16 21:00:00,5.71,67.8,7.37,2799.3
2019-12-16 22:00:00,0.77,62.6,2.89,3031.6
2019-12-16 23:00:00,3.95,69.5,22.77,3129.7
2019-12-17 00:00:00,1.07,64.6,0.74,3231.4
2019-12-17 01:00:00,2.55,55.0,3.91,3256.3
2019-12-17 02:00:00,1.16,76.5,2.63,3180.6
2019-12-17 03:00:00,-7.15,78.8,0.3,3109.2
2019-12-17 04:00:00,0.69,76.2,0.72,2910.8
2019-12-17 05:00:00,-1.31,68.8,15.03,2816.7
2019-12-17 06:00:00,3.1,74.5,3.29,2668.2
2019-12-17 07:00:00,2.49,78.2,4.06,2691.5
2019-12-17 08:00:00,3.49,83.2,3.37,2748.3
2019-12-17 09:00:00,2.33,76.6,3.5,2865.3
2019-12-17 10:00:00,1.77,73.7,0.68,2990.8
2019-12-17 11:00:00,3.93,57.8,6.4,3011.2
2019-12-17 12:00:00,1.34,70.1,7.04,3125.8
2019-12-17 13:00:00,5.0,56.6,3.01,3096.5
2019-12-17 14:00:00,3.22,62.9,8.74,3154.6
2019-12-17 15:00:00,3.42,84.9,15.22,3087.7
2019-12-17 16:00:00,7.17,58.1,0.8,2958.7
2019-12-17 17:00:00,7.81,47.0,4.2,2799.0
2019-12-17 18:00:00,5.76,73.9,6.35,2685.0
2019-12-17 19:00:00,3.77,63.6,0.9,2685.4
2019-12-17 20:00:00,1.68,76.8,12.77,2786.4
2019-12-17 21:00:00,2.22,60.9,8.04,2857.9
2019-12-17 22:00:00,-0.08,68.7,8.15,3112.3
2019-12-17 23:00:00,0.86,80.9,12.8,3322.1
2019-12-18 00:00:00,-3.63,64.3,4.11,3493.1
2019-12-18 01:00:00,1.3,69.6,4.2,3494.1
2019-12-18 02:00:00,-2.27,76.2,5.18,3416.3
2019-12-18 03:00:00,-0.05,66.3,6.79,3176.8
2019-12-18 04:00:00,1.36,72.8,7.09,2966.0
2019-12-18 05:00:00,0.36,71.8,2.16,2874.4
2019-12-18 06:00:00,2.18,74.5,1.53,2806.2
2019-12-18 07:00:00,-4.16,90.1,7.55,2779.8
2019-12-18 08:00:00,0.74,92.8,7.1,2703.5
2019-12-18 09:00:00,5.76,71.1,10.68,2679.5
2019-12-18 10:00:00,5.32,66.9,9.32,2687.1
2019-12-18 11:00:00,9.63,67.8,1.18,2710.4
2019-12-18 12:00:00,10.1,62.1,1.55,2807.3
2019-12-18 13:00:00,7.22,53.5,2.42,2769.5
2019-12-18 14:00:00,6.24,66.6,5.72,2814.1
2019-12-18 15:00:00,4.61,77.0,12.11,2878.5
2019-12-18 16:00:00,5.68,55.7,5.72,2842.0
2019-12-18 17:00:00,5.45,59.8,4.61,2767.2
2019-12-18 18:00:00,4.35,63.9,1.64,2697.2
2019-12-18 19:00:00,2.71,72.8,4.44,2723.7
2019-12-18 20:00:00,5.05,87.0,8.03,2758.2
2019-12-18 21:00:00,7.25,59.7,3.58,2843.0
2019-12-18 22:00:00,4.3,69.3,3.15,3083.3
2019-12-18 23:00:00,0.2,71.9,10.05,3238.5
2019-12-19 00:00:00,2.71,67.4,6.87,3369.3
2019-12-19 01:00:00,0.4,71.3,9.29,3435.9
2019-12-19 02:00:00,-0.96,69.1,2.52,3375.5
2019-12-19 03:00:00,-1.26,94.9,14.55,3226.2
2019-12-19 04:00:00,-1.36,79.1,3.02,3113.6
2019-12-19 05:00:00,1.17,67.4,4.02,2964.8
2019-12-19 06:00:00,0.52,81.1,7.52,2911.1
2019-12-19 07:00:00,-0.82,74.7,3.04,2888.7
2019-12-19 08:00:00,0.02,72.4,6.17,2925.8
2019-12-19 09:00:00,3.77,67.5,6.33,2936.4
2019-12-19 10:00:00,5.11,65.9,4.25,2962.7
2019-12-19 11:00:00,4.22,58.9,6.56,3053.4
2019-12-19 12:00:00,3.0,56.2,3.48,3093.3
2019-12-19 13:00:00,9.59,67.3,6.87,3097.2
2019-12-19 14:00:00,9.46,62.9,8.06,3035.6
2019-12-19 15:00:00,2.03,77.4,5.05,3053.8
2019-12-19 16:00:00,10.21,56.7,8.79,2862.8
2019-12-19 17:00:00,5.94,58.5,2.58,2894.7
2019-12-19 18:00:00,6.3,73.2,5.17,2760.4
2019-12-19 19:00:00,7.85,63.4,15.91,2695.6
2019-12-19 20:00:00,8.17,72.3,5.09,2644.6
2019-12-19 21:00:00,5.51,67.9,4.29,2870.4
2019-12-19 22:00:00,2.57,85.0,1.89,3040.0
2019-12-19 23:00:00,-2.44,80.0,2.76,3328.6
2019-12-20 00:00:00,-4.89,79.2,4.78,3426.4
2019-12-20 01:00:00,1.73,77.0,10.16,3346.3
2019-12-20 02:00:00,2.49,67.8,8.46,3301.8
2019-12-20 03:00:00,-3.04,61.3,2.3,3145.8
2019-12-20 04:00:00,-1.54,76.1,6.35,2982.2
2019-12-20 05:00:00,-1.86,89.0,5.1,2808.6
2019-12-20 06:00:00,-1.29,54.7,5.4,2802.8
2019-12-20 07:00:00,3.69,72.8,8.05,2789.4
2019-12-20 08:00:00,2.51,57.7,7.46,2860.2
2019-12-20 09:00:00,2.43,69.9,7.12,2991.0
2019-12-20 10:00:00,10.68,64.1,7.47,2930.4
2019-12-20 11:00:00,1.41,76.8,0.75,3095.9
2019-12-20 12:00:00,7.2,67.9,16.3,3037.0
2019-12-20 13:00:00,3.84,79.9,5.28,3131.0
2019-12-20 14:00:00,6.47,76.2,8.35,3108.1
2019-12-20 15:00:00,7.37,64.5,10.17,2997.7
2019-12-20 16:00:00,8.98,73.6,3.17,2896.1
2019-12-20 17:00:00,5.81,64.8,4.59,2826.5
2019-12-20 18:00:00,4.91,64.2,10.22,2744.5
2019-12-20 19:00:00,4.3,58.9,12.17,2780.1
2019-12-20 20:00:00,1.34,81.4,5.16,2794.8
2019-12-20 21:00:00,4.58,65.9,1.11,2854.0
2019-12-20 22:00:00,2.67,50.5,2.48,2931.1
2019-12-20 23:00:00,2.09,74.7,3.53,3158.7
2019-12-21 00:00:00,-0.0,68.5,6.21,3096.1
2019-12-21 01:00:00,-0.94,70.4,6.64,3170.7
2019-12-21 02:00:00,2.08,68.5,8.54,3061.9
2019-12-21 03:00:00,1.56,68.1,9.82,2887.4
2019-12-21 04:00:00,2.68,91.7,0.34,2657.2
2019-12-21 05:00:00,0.47,84.9,3.9,2560.6
2019-12-21 06:00:00,3.56,74.7,9.73,2406.5
2019-12-21 07:00:00,-0.04,74.0,13.52,2354.5
2019-12-21 08:00:00,1.46,79.9,7.03,2422.7
2019-12-21 09:00:00,5.99,69.2,2.01,2429.4
2019-12-21 10:00:00,6.15,73.6,5.65,2516.0
2019-12-21 11:00:00,4.28,73.0,11.07,2477.9
2019-12-21 12:00:00,3.21,70.5,1.42,2574.5
2019-12-21 13:00:00,5.96,74.8,2.09,2601.0
2019-12-21 14:00:00,5.15,64.5,2.15,2711.9
2019-12-21 15:00:00,11.31,63.4,7.43,2625.5
2019-12-21 16:00:00,8.77,57.2,2.68,2447.7
2019-12-21 17:00:00,4.55,61.4,0.18,2405.3
2019-12-21 18:00:00,3.22,49.2,11.13,2352.8
2019-12-21 19:00:00,3.06,73.2,4.9,2388.7
2019-12-21 20:00:00,2.64,75.7,16.48,2441.8
2019-12-21 21:00:00,2.59,78.6,8.24,2557.0
2019-12-21 22:00:00,4.75,59.4,5.01,2716.2
2019-12-21 23:00:00,-1.41,76.7,9.01,3082.4
2019-12-22 00:00:00,5.9,67.3,2.43,3143.4
2019-12-22 01:00:00,-2.81,80.2,6.44,3232.7
2019-12-22 02:00:00,-4.38,70.3,6.35,3207.2
2019-12-22 03:00:00,3.23,66.7,4.6,2921.3
2019-12-22 04:00:00,2.45,57.6,1.63,2719.0
2019-12-22 05:00:00,-0.91,67.0,6.17,2579.7
2019-12-22 06:00:00,1.13,71.1,5.97,2394.0
2019-12-22 07:00:00,2.02,71.8,3.03,2411.4
2019-12-22 08:00:00,2.31,56.7,1.48,2405.4
2019-12-22 09:00:00,-0.23,68.1,2.68,2504.3
2019-12-22 10:00:00,-2.16,75.0,14.27,2579.2
2019-12-22 11:00:00,2.9,80.9,3.23,2624.5
2019-12-22 12:00:00,10.38,56.9,6.14,2702.4
2019-12-22 13:00:00,11.11,67.0,5.89,2721.5
2019-12-22 14:00:00,6.22,62.5,4.48,2743.5
2019-12-22 15:00:00,4.61,64.7,14.75,2671.6
2019-12-22 16:00:00,7.57,58.9,7.85,2562.3
2019-12-22 17:00:00,7.57,57.6,7.23,2391.0
2019-12-22 18:00:00,7.34,62.3,5.09,2387.0
2019-12-22 19:00:00,-1.31,81.4,3.21,2416.1
2019-12-22 20:00:00,11.94,56.4,5.24,2316.0
2019-12-22 21:00:00,5.84,60.0,7.98,2490.0
2019-12-22 22:00:00,1.48,72.5,9.15,2753.4
2019-12-22 23:00:00,-0.79,72.7,8.01,2951.4
2019-12-23 00:00:00,2.66,69.3,0.62,3346.5
2019-12-23 01:00:00,0.79,73.4,1.11,3372.0
2019-12-23 02:00:00,-0.62,64.4,4.15,3280.2
2019-12-23 03:00:00,0.16,64.7,1.09,3128.8
2019-12-23 04:00:00,-1.13,80.8,2.32,2967.3
2019-12-23 05:00:00,0.56,70.4,1.76,2845.8
2019-12-23 06:00:00,2.0,75.2,4.3,2771.0
2019-12-23 07:00:00,1.87,80.3,5.13,2716.6
2019-12-23 08:00:00,2.71,76.6,1.58,2663.3
2019-12-23 09:00:00,6.5,55.8,12.01,2717.2
2019-12-23 10:00:00,0.06,71.0,6.48,2804.4
2019-12-23 11:00:00,3.02,77.9,4.93,2852.9
2019-12-23 12:00:00,5.91,71.5,8.78,2916.7
2019-12-23 13:00:00,4.66,69.7,4.83,3053.5
2019-12-23 14:00:00,5.89,54.2,6.81,3135.8
2019-12-23 15:00:00,10.24,58.9,3.3,3057.8
2019-12-23 16:00:00,6.51,67.3,2.48,2911.7
2019-12-23 17:00:00,1.91,59.1,1.81,2806.3
2019-12-23 18:00:00,4.79,74.5,5.33,2686.3
2019-12-23 19:00:00,5.16,66.9,6.29,2634.6
2019-12-23 20:00:00,4.15,52.8,18.2,2698.5
2019-12-23 21:00:00,4.41,63.9,0.59,2831.2
2019-12-23 22:00:00,3.17,67.2,4.86,2973.5
2019-12-23 23:00:00,0.67,70.4,8.95,3212.7
2019-12-24 00:00:00,-2.78,85.6,2.34,3336.4
2019-12-24 01:00:00,-1.54,77.9,10.42,3367.2
2019-12-24 02:00:00,-2.39,63.0,8.96,3386.1
2019-12-24 03:00:00,-1.68,61.4,10.91,3182.6
2019-12-24 04:00:00,0.89,69.2,7.08,2990.9
2019-12-24 05:00:00,0.58,72.5,2.51,2826.8
2019-12-24 06:00:00,2.26,78.1,5.06,2674.9
2019-12-24 07:00:00,0.07,85.8,9.62,2681.1
2019-12-24 08:00:00,5.76,81.7,2.74,2622.2
2019-12-24 09:00:00,4.71,64.7,1.14,2734.9
2019-12-24 10:00:00,4.35,76.0,1.59,2841.7
2019-12-24 11:00:00,6.54,70.2,8.0,2962.5
2019-12-24 12:00:00,4.17,59.9,2.93,3069.2
2019-12-24 13:00:00,1.22,55.9,6.43,3152.6
2019-12-24 14:00:00,5.38,68.9,8.73,3018.5
2019-12-24 15:00:00,8.9,52.9,3.53,2985.7
2019-12-24 16:00:00,7.09,59.5,1.98,2953.5
2019-12-24 17:00:00,6.15,61.6,2.18,2822.1
2019-12-24 18:00:00,3.74,70.8,16.66,2828.7
2019-12-24 19:00:00,0.14,82.1,2.33,2851.6
2019-12-24 20:00:00,7.63,66.0,6.76,2810.2
2019-12-24 21:00:00,2.51,65.7,9.27,3001.0
2019-12-24 22:00:00,0.92,54.7,6.46,3195.5
2019-12-24 23:00:00,-0.65,76.2,4.3,3378.3
2019-12-25 00:00:00,3.35,69.5,4.8,3436.3
2019-12-25 01:00:00,1.78,66.2,5.73,3516.0
2019-12-25 02:00:00,-3.24,83.9,1.22,3412.9
2019-12-25 03:00:00,1.96,60.9,7.47,3213.2
2019-12-25 04:00:00,-1.18,67.5,15.05,3123.9
2019-12-25 05:00:00,-1.94,71.6,0.1,2969.9
2019-12-25 06:00:00,-0.52,67.9,2.7,2879.1
2019-12-25 07:00:00,-0.91,77.1,4.86,2836.2
2019-12-25 08:00:00,-1.29,76.7,11.69,2808.2
2019-12-25 09:00:00,4.99,76.4,14.13,2834.6
2019-12-25 10:00:00,3.53,73.2,0.49,2970.6
2019-12-25 11:00:00,6.59,65.8,8.64,2970.5
2019-12-25 12:00:00,6.59,64.0,13.33,3042.3
2019-12-25 13:00:00,7.88,69.3,0.82,3068.2
2019-12-25 14:00:00,1.79,69.0,6.85,3108.1
2019-12-25 15:00:00,4.88,68.5,13.39,3081.0
2019-12-25 16:00:00,8.33,69.4,3.85,2945.8
2019-12-25 17:00:00,3.32,70.5,6.21,2843.2
2019-12-25 18:00:00,6.81,69.0,3.62,2702.1
2019-12-25 19:00:00,1.57,64.4,6.87,2710.4
2019-12-25 20:00:00,4.12,79.5,10.03,2700.9
2019-12-25 21:00:00,7.07,57.5,11.33,2778.9
2019-12-25 22:00:00,3.95,72.4,2.86,2948.3
2019-12-25 23:00:00,-3.58,71.0,1.59,3202.5
2019-12-26 00:00:00,2.36,78.8,6.84,3286.8
2019-12-26 01:00:00,4.16,75.7,8.03,3268.3
2019-12-26 02:00:00,6.19,67.0,1.44,3142.9
2019-12-26 03:00:00,0.25,84.2,4.05,3031.0
2019-12-26 04:00:00,-4.21,73.9,12.92,2917.3
2019-12-26 05:00:00,0.69,78.5,3.97,2715.8
2019-12-26 06:00:00,4.23,62.8,10.72,2538.2
2019-12-26 07:00:00,0.6,74.8,3.1,2519.6
2019-12-26 08:00:00,4.64,60.8,10.71,2529.4
2019-12-26 09:00:00,0.97,71.4,4.94,2634.3
2019-12-26 10:00:00,5.03,67.6,4.21,2685.9
2019-12-26 11:00:00,-1.16,80.0,5.18,2903.6
2019-12-26 12:00:00,3.52,63.8,2.6,2937.0
2019-12-26 13:00:00,6.51,91.4,1.48,2878.6
2019-12-26 14:00:00,6.02,56.1,3.86,2881.8
2019-12-26 15:00:00,3.81,70.8,8.03,2900.6
2019-12-26 16:00:00,5.68,69.8,0.91,2791.6
2019-12-26 17:00:00,7.35,70.4,11.46,2650.9
2019-12-26 18:00:00,5.68,63.3,4.2,2634.4
2019-12-26 19:00:00,5.22,69.8,8.2,2595.6
2019-12-26 20:00:00,5.93,62.7,3.8,2607.9
2019-12-26 21:00:00,2.21,85.2,7.62,2750.8
2019-12-26 22:00:00,5.43,62.6,7.96,2982.0
2019-12-26 23:00:00,-1.41,71.9,12.78,3188.0
2019-12-27 00:00:00,5.08,62.6,0.93,3249.6
2019-12-27 01:00:00,2.41,63.7,4.67,3307.7
2019-12-27 02:00:00,-1.67,62.1,10.04,3311.1
2019-12-27 03:00:00,-1.63,78.7,4.8,3134.1
2019-12-27 04:00:00,-0.26,66.8,4.24,2921.1
2019-12-27 05:00:00,1.12,64.7,3.92,2801.0
2019-12-27 06:00:00,3.0,61.9,5.33,2792.1
2019-12-27 07:00:00,-2.26,76.2,7.85,2781.9
2019-12-27 08:00:00,3.15,69.7,4.25,2721.2
2019-12-27 09:00:00,-2.2,74.0,10.16,2931.2
2019-12-27 10:00:00,3.68,63.0,6.1,2914.3
2019-12-27 11:00:00,8.72,68.5,4.48,2911.7
2019-12-27 12:00:00,2.37,64.8,5.35,3037.7
2019-12-27 13:00:00,2.55,70.5,9.97,3086.4
2019-12-27 14:00:00,7.5,64.9,2.94,3046.9
2019-12-27 15:00:00,10.56,50.0,3.97,3017.8
2019-12-27 16:00:00,7.77,82.0,3.13,2895.8
2019-12-27 17:00:00,1.79,75.2,4.03,2844.9
2019-12-27 18:00:00,1.71,72.1,5.1,2800.6
2019-12-27 19:00:00,5.33,70.4,9.92,2628.4
2019-12-27 20:00:00,1.18,87.5,7.84,2668.1
2019-12-27 21:00:00,3.43,78.4,5.01,2813.7
2019-12-27 22:00:00,2.54,72.8,4.87,3012.3
2019-12-27 23:00:00,-0.14,66.4,6.98,3198.0
2019-12-28 00:00:00,4.82,63.7,3.8,3043.7
2019-12-28 01:00:00,1.13,56.7,2.84,3130.7
2019-12-28 02:00:00,2.28,67.2,7.03,3011.3
2019-12-28 03:00:00,1.42,76.2,2.92,2875.9
2019-12-28 04:00:00,-1.12,78.0,2.36,2686.9
2019-12-28 05:00:00,-0.83,77.6,19.26,2592.1
2019-12-28 06:00:00,-0.46,68.2,0.74,2434.9
2019-12-28 07:00:00,2.82,74.2,0.57,2379.7
2019-12-28 08:00:00,0.45,78.2,4.73,2470.7
2019-12-28 09:00:00,7.43,48.2,7.5,2543.8
2019-12-28 10:00:00,2.29,72.6,4.37,2651.6
2019-12-28 11:00:00,5.65,84.1,3.81,2794.2
2019-12-28 12:00:00,5.37,65.4,15.8,2791.8
2019-12-28 13:00:00,5.45,47.5,3.11,2843.9
2019-12-28 14:00:00,12.41,55.6,5.14,2765.3
2019-12-28 15:00:00,6.02,52.7,4.08,2829.3
2019-12-28 16:00:00,6.22,62.0,5.73,2732.3
2019-12-28 17:00:00,4.92,58.3,4.18,2592.2
2019-12-28 18:00:00,6.05,74.6,6.77,2537.8
2019-12-28 19:00:00,4.86,74.3,5.2,2483.7
2019-12-28 20:00:00,1.35,73.7,3.69,2502.8
2019-12-28 21:00:00,2.05,80.2,1.64,2610.0
2019-12-28 22:00:00,3.6,64.6,0.22,2816.7
2019-12-28 23:00:00,3.68,69.6,7.27,2985.2
2019-12-29 00:00:00,0.38,89.3,2.39,3124.1
2019-12-29 01:00:00,-0.17,76.8,5.2,3156.8
2019-12-29 02:00:00,-1.62,78.0,1.64,3001.0
2019-12-29 03:00:00,-2.11,67.5,8.88,2987.0
2019-12-29 04:00:00,-3.02,71.1,8.61,2815.3
2019-12-29 05:00:00,-4.21,67.3,2.56,2711.5
2019-12-29 06:00:00,-1.44,86.6,7.83,2640.0
2019-12-29 07:00:00,3.41,56.8,8.83,2502.1
2019-12-29 08:00:00,1.05,78.5,11.91,2491.0
2019-12-29 09:00:00,2.28,74.8,1.76,2601.4
2019-12-29 10:00:00,3.27,56.6,3.77,2622.0
2019-12-29 11:00:00,8.26,74.5,4.72,2625.8
2019-12-29 12:00:00,3.65,67.0,4.03,2703.0
2019-12-29 13:00:00,7.3,55.6,13.28,2591.9
2019-12-29 14:00:00,6.84,69.4,6.88,2617.3
2019-12-29 15:00:00,7.32,59.6,2.29,2595.2
2019-12-29 16:00:00,7.62,64.3,15.77,2576.6
2019-12-29 17:00:00,6.75,62.6,7.44,2476.5
2019-12-29 18:00:00,7.96,58.6,3.88,2361.8
2019-12-29 19:00:00,5.07,58.4,1.14,2387.2
2019-12-29 20:00:00,8.54,71.5,4.24,2438.4
2019-12-29 21:00:00,3.26,72.0,11.44,2570.4
2019-12-29 22:00:00,-2.15,75.8,5.06,2730.7
2019-12-29 23:00:00,2.74,66.9,4.02,2967.7
2019-12-30 00:00:00,1.33,71.3,6.89,3419.7
2019-12-30 01:00:00,-0.2,66.3,4.49,3426.9
2019-12-30 02:00:00,-1.33,67.0,8.16,3347.7
2019-12-30 03:00:00,-6.11,90.6,9.2,3245.1
2019-12-30 04:00:00,-5.55,83.5,2.53,3030.9
2019-12-30 05:00:00,3.83,64.4,10.41,2767.6
2019-12-30 06:00:00,-1.11,60.9,2.53,2725.1
2019-12-30 07:00:00,3.59,55.5,5.66,2598.4
2019-12-30 08:00:00,-1.86,68.4,13.66,2785.4
2019-12-30 09:00:00,0.56,72.4,5.46,2749.7
2019-12-30 10:00:00,5.91,68.2,1.15,2692.6
2019-12-30 11:00:00,4.92,69.2,5.96,2830.4
2019-12-30 12:00:00,7.35,68.8,8.39,2863.2
2019-12-30 13:00:00,6.61,58.4,8.52,2940.5
2019-12-30 14:00:00,6.52,78.8,10.24,2957.0
2019-12-30 15:00:00,5.48,66.0,5.81,2924.4
2019-12-30 16:00:00,4.06,71.1,9.26,2866.8
2019-12-30 17:00:00,10.15,58.6,2.3,2731.9
2019-12-30 18:00:00,9.93,66.6,8.04,2694.0
2019-12-30 19:00:00,2.58,86.5,3.66,2696.7
2019-12-30 20:00:00,1.45,62.9,11.86,2771.3
2019-12-30 21:00:00,2.31,61.2,5.72,2868.0
2019-12-30 22:00:00,3.0,62.7,3.97,3026.3
2019-12-30 23:00:00,0.72,68.8,9.33,3195.8
2019-12-31 00:00:00,1.64,66.5,5.37,3306.3
2019-12-31 01:00:00,-0.37,64.0,1.12,3312.5
2019-12-31 02:00:00,-0.93,72.3,2.12,3212.6
2019-12-31 03:00:00,5.25,80.3,17.39,2985.3
2019-12-31 04:00:00,-1.96,72.4,6.68,2814.8
2019-12-31 05:00:00,3.85,68.1,5.92,2600.0
2019-12-31 06:00:00,4.01,71.5,4.47,2516.5
2019-12-31 07:00:00,2.48,75.2,6.59,2547.2
2019-12-31 08:00:00,-2.63,85.1,7.21,2590.8
2019-12-31 09:00:00,3.29,71.3,1.45,2616.5
2019-12-31 10:00:00,2.97,69.6,3.92,2731.1
2019-12-31 11:00:00,5.27,59.9,2.74,2787.5
2019-12-31 12:00:00,3.39,75.2,1.57,2892.5
2019-12-31 13:00:00,8.57,58.4,0.7,2903.3
2019-12-31 14:00:00,9.54,57.4,18.48,2896.9
2019-12-31 15:00:00,10.14,65.4,24.1,2841.8
2019-12-31 16:00:00,6.12,79.4,18.2,2824.5
2019-12-31 17:00:00,4.03,74.6,9.33,2713.0
2019-12-31 18:00:00,6.92,66.2,6.21,2521.0
2019-12-31 19:00:00,9.61,56.5,3.46,2454.3
2019-12-31 20:00:00,4.43,80.6,3.99,2552.9
2019-12-31 21:00:00,4.35,68.1,1.74,2710.9
2019-12-31 22:00:00,1.59,68.4,4.76,2942.0
2019-12-31 23:00:00,-0.04,76.5,1.02,3128.2
